country,sex,edu_lfs,occ_1d,occ_other,skill_occ,overqualified,oecd,regionb,oecdb,fborn,number
AUS,1,1,0,,99,99,1,AFRI,0,1,62
AUS,1,1,1,,3,99,1,AFRI,0,1,293
AUS,1,1,2,,3,99,1,AFRI,0,1,83
AUS,1,1,3,,3,99,1,AFRI,0,1,489
AUS,1,1,4,,2,99,1,AFRI,0,1,240
AUS,1,1,5,,2,99,1,AFRI,0,1,196
AUS,1,1,6,,2,99,1,AFRI,0,1,425
AUS,1,1,7,,2,99,1,AFRI,0,1,895
AUS,1,1,8,,2,99,1,AFRI,0,1,1548
AUS,1,1,9,,1,99,1,AFRI,0,1,62
AUS,1,2,0,,99,99,1,AFRI,0,1,513
AUS,1,2,1,,3,99,1,AFRI,0,1,4678
AUS,1,2,2,,3,99,1,AFRI,0,1,2768
AUS,1,2,3,,3,99,1,AFRI,0,1,12665
AUS,1,2,4,,2,99,1,AFRI,0,1,3680
AUS,1,2,5,,2,99,1,AFRI,0,1,2511
AUS,1,2,6,,2,99,1,AFRI,0,1,3327
AUS,1,2,7,,2,99,1,AFRI,0,1,4914
AUS,1,2,8,,2,99,1,AFRI,0,1,6072
AUS,1,2,9,,1,99,1,AFRI,0,1,291
AUS,1,3,0,,99,99,1,AFRI,0,1,708
AUS,1,3,1,,3,0,1,AFRI,0,1,14526
AUS,1,3,2,,3,0,1,AFRI,0,1,29918
AUS,1,3,3,,3,0,1,AFRI,0,1,5246
AUS,1,3,4,,2,1,1,AFRI,0,1,5000
AUS,1,3,5,,2,1,1,AFRI,0,1,4693
AUS,1,3,6,,2,1,1,AFRI,0,1,2651
AUS,1,3,7,,2,1,1,AFRI,0,1,2951
AUS,1,3,8,,2,1,1,AFRI,0,1,2973
AUS,1,3,9,,1,1,1,AFRI,0,1,232
AUS,1,99,0,,99,99,1,AFRI,0,1,99
AUS,1,99,1,,3,99,1,AFRI,0,1,793
AUS,1,99,2,,3,99,1,AFRI,0,1,1106
AUS,1,99,3,,3,99,1,AFRI,0,1,737
AUS,1,99,4,,2,99,1,AFRI,0,1,614
AUS,1,99,5,,2,99,1,AFRI,0,1,324
AUS,1,99,6,,2,99,1,AFRI,0,1,343
AUS,1,99,7,,2,99,1,AFRI,0,1,735
AUS,1,99,8,,2,99,1,AFRI,0,1,782
AUS,1,99,9,,1,99,1,AFRI,0,1,176
AUS,2,1,0,,99,99,1,AFRI,0,1,20
AUS,2,1,1,,3,99,1,AFRI,0,1,147
AUS,2,1,2,,3,99,1,AFRI,0,1,113
AUS,2,1,3,,3,99,1,AFRI,0,1,75
AUS,2,1,4,,2,99,1,AFRI,0,1,854
AUS,2,1,5,,2,99,1,AFRI,0,1,759
AUS,2,1,6,,2,99,1,AFRI,0,1,767
AUS,2,1,7,,2,99,1,AFRI,0,1,93
AUS,2,1,8,,2,99,1,AFRI,0,1,1141
AUS,2,1,9,,1,99,1,AFRI,0,1,34
AUS,2,2,0,,99,99,1,AFRI,0,1,214
AUS,2,2,1,,3,99,1,AFRI,0,1,1821
AUS,2,2,2,,3,99,1,AFRI,0,1,2083
AUS,2,2,3,,3,99,1,AFRI,0,1,1312
AUS,2,2,4,,2,99,1,AFRI,0,1,7987
AUS,2,2,5,,2,99,1,AFRI,0,1,7474
AUS,2,2,6,,2,99,1,AFRI,0,1,4003
AUS,2,2,7,,2,99,1,AFRI,0,1,362
AUS,2,2,8,,2,99,1,AFRI,0,1,2483
AUS,2,2,9,,1,99,1,AFRI,0,1,190
AUS,2,3,0,,99,99,1,AFRI,0,1,453
AUS,2,3,1,,3,0,1,AFRI,0,1,6534
AUS,2,3,2,,3,0,1,AFRI,0,1,30548
AUS,2,3,3,,3,0,1,AFRI,0,1,1590
AUS,2,3,4,,2,1,1,AFRI,0,1,9051
AUS,2,3,5,,2,1,1,AFRI,0,1,10034
AUS,2,3,6,,2,1,1,AFRI,0,1,2622
AUS,2,3,7,,2,1,1,AFRI,0,1,220
AUS,2,3,8,,2,1,1,AFRI,0,1,1162
AUS,2,3,9,,1,1,1,AFRI,0,1,158
AUS,2,99,0,,99,99,1,AFRI,0,1,81
AUS,2,99,1,,3,99,1,AFRI,0,1,374
AUS,2,99,2,,3,99,1,AFRI,0,1,915
AUS,2,99,3,,3,99,1,AFRI,0,1,182
AUS,2,99,4,,2,99,1,AFRI,0,1,1620
AUS,2,99,5,,2,99,1,AFRI,0,1,1335
AUS,2,99,6,,2,99,1,AFRI,0,1,491
AUS,2,99,7,,2,99,1,AFRI,0,1,57
AUS,2,99,8,,2,99,1,AFRI,0,1,479
AUS,2,99,9,,1,99,1,AFRI,0,1,167
AUS,1,1,0,,99,99,1,ASIA,0,1,980
AUS,1,1,1,,3,99,1,ASIA,0,1,4821
AUS,1,1,2,,3,99,1,ASIA,0,1,445
AUS,1,1,3,,3,99,1,ASIA,0,1,15789
AUS,1,1,4,,2,99,1,ASIA,0,1,1697
AUS,1,1,5,,2,99,1,ASIA,0,1,1193
AUS,1,1,6,,2,99,1,ASIA,0,1,2753
AUS,1,1,7,,2,99,1,ASIA,0,1,10532
AUS,1,1,8,,2,99,1,ASIA,0,1,18083
AUS,1,1,9,,1,99,1,ASIA,0,1,953
AUS,1,2,0,,99,99,1,ASIA,0,1,2625
AUS,1,2,1,,3,99,1,ASIA,0,1,18303
AUS,1,2,2,,3,99,1,ASIA,0,1,10843
AUS,1,2,3,,3,99,1,ASIA,0,1,52682
AUS,1,2,4,,2,99,1,ASIA,0,1,14528
AUS,1,2,5,,2,99,1,ASIA,0,1,11219
AUS,1,2,6,,2,99,1,ASIA,0,1,16360
AUS,1,2,7,,2,99,1,ASIA,0,1,32057
AUS,1,2,8,,2,99,1,ASIA,0,1,41890
AUS,1,2,9,,1,99,1,ASIA,0,1,2651
AUS,1,3,0,,99,99,1,ASIA,0,1,4471
AUS,1,3,1,,3,0,1,ASIA,0,1,63109
AUS,1,3,2,,3,0,1,ASIA,0,1,165809
AUS,1,3,3,,3,0,1,ASIA,0,1,52506
AUS,1,3,4,,2,1,1,ASIA,0,1,25278
AUS,1,3,5,,2,1,1,ASIA,0,1,36609
AUS,1,3,6,,2,1,1,ASIA,0,1,28074
AUS,1,3,7,,2,1,1,ASIA,0,1,33626
AUS,1,3,8,,2,1,1,ASIA,0,1,34392
AUS,1,3,9,,1,1,1,ASIA,0,1,2112
AUS,1,99,0,,99,99,1,ASIA,0,1,674
AUS,1,99,1,,3,99,1,ASIA,0,1,3346
AUS,1,99,2,,3,99,1,ASIA,0,1,4482
AUS,1,99,3,,3,99,1,ASIA,0,1,5857
AUS,1,99,4,,2,99,1,ASIA,0,1,2234
AUS,1,99,5,,2,99,1,ASIA,0,1,1768
AUS,1,99,6,,2,99,1,ASIA,0,1,1942
AUS,1,99,7,,2,99,1,ASIA,0,1,4333
AUS,1,99,8,,2,99,1,ASIA,0,1,5416
AUS,1,99,9,,1,99,1,ASIA,0,1,1331
AUS,2,1,0,,99,99,1,ASIA,0,1,529
AUS,2,1,1,,3,99,1,ASIA,0,1,3392
AUS,2,1,2,,3,99,1,ASIA,0,1,517
AUS,2,1,3,,3,99,1,ASIA,0,1,3108
AUS,2,1,4,,2,99,1,ASIA,0,1,5896
AUS,2,1,5,,2,99,1,ASIA,0,1,3028
AUS,2,1,6,,2,99,1,ASIA,0,1,4946
AUS,2,1,7,,2,99,1,ASIA,0,1,2994
AUS,2,1,8,,2,99,1,ASIA,0,1,18559
AUS,2,1,9,,1,99,1,ASIA,0,1,658
AUS,2,2,0,,99,99,1,ASIA,0,1,1570
AUS,2,2,1,,3,99,1,ASIA,0,1,10187
AUS,2,2,2,,3,99,1,ASIA,0,1,10057
AUS,2,2,3,,3,99,1,ASIA,0,1,9404
AUS,2,2,4,,2,99,1,ASIA,0,1,35305
AUS,2,2,5,,2,99,1,ASIA,0,1,21669
AUS,2,2,6,,2,99,1,ASIA,0,1,22030
AUS,2,2,7,,2,99,1,ASIA,0,1,4731
AUS,2,2,8,,2,99,1,ASIA,0,1,29856
AUS,2,2,9,,1,99,1,ASIA,0,1,1760
AUS,2,3,0,,99,99,1,ASIA,0,1,3414
AUS,2,3,1,,3,0,1,ASIA,0,1,36324
AUS,2,3,2,,3,0,1,ASIA,0,1,159901
AUS,2,3,3,,3,0,1,ASIA,0,1,16225
AUS,2,3,4,,2,1,1,ASIA,0,1,59024
AUS,2,3,5,,2,1,1,ASIA,0,1,70349
AUS,2,3,6,,2,1,1,ASIA,0,1,30964
AUS,2,3,7,,2,1,1,ASIA,0,1,3379
AUS,2,3,8,,2,1,1,ASIA,0,1,24292
AUS,2,3,9,,1,1,1,ASIA,0,1,1802
AUS,2,99,0,,99,99,1,ASIA,0,1,435
AUS,2,99,1,,3,99,1,ASIA,0,1,2134
AUS,2,99,2,,3,99,1,ASIA,0,1,4471
AUS,2,99,3,,3,99,1,ASIA,0,1,1589
AUS,2,99,4,,2,99,1,ASIA,0,1,6763
AUS,2,99,5,,2,99,1,ASIA,0,1,4671
AUS,2,99,6,,2,99,1,ASIA,0,1,2922
AUS,2,99,7,,2,99,1,ASIA,0,1,738
AUS,2,99,8,,2,99,1,ASIA,0,1,5332
AUS,2,99,9,,1,99,1,ASIA,0,1,1124
AUS,1,1,0,,99,99,1,ASIA,1,1,15
AUS,1,1,1,,3,99,1,ASIA,1,1,70
AUS,1,1,2,,3,99,1,ASIA,1,1,14
AUS,1,1,3,,3,99,1,ASIA,1,1,275
AUS,1,1,4,,2,99,1,ASIA,1,1,65
AUS,1,1,5,,2,99,1,ASIA,1,1,15
AUS,1,1,6,,2,99,1,ASIA,1,1,62
AUS,1,1,7,,2,99,1,ASIA,1,1,46
AUS,1,1,8,,2,99,1,ASIA,1,1,347
AUS,1,1,9,,1,99,1,ASIA,1,1,18
AUS,1,2,0,,99,99,1,ASIA,1,1,166
AUS,1,2,1,,3,99,1,ASIA,1,1,1709
AUS,1,2,2,,3,99,1,ASIA,1,1,902
AUS,1,2,3,,3,99,1,ASIA,1,1,5422
AUS,1,2,4,,2,99,1,ASIA,1,1,1228
AUS,1,2,5,,2,99,1,ASIA,1,1,483
AUS,1,2,6,,2,99,1,ASIA,1,1,824
AUS,1,2,7,,2,99,1,ASIA,1,1,691
AUS,1,2,8,,2,99,1,ASIA,1,1,3387
AUS,1,2,9,,1,99,1,ASIA,1,1,200
AUS,1,3,0,,99,99,1,ASIA,1,1,235
AUS,1,3,1,,3,0,1,ASIA,1,1,3996
AUS,1,3,2,,3,0,1,ASIA,1,1,7253
AUS,1,3,3,,3,0,1,ASIA,1,1,4435
AUS,1,3,4,,2,1,1,ASIA,1,1,1448
AUS,1,3,5,,2,1,1,ASIA,1,1,1263
AUS,1,3,6,,2,1,1,ASIA,1,1,935
AUS,1,3,7,,2,1,1,ASIA,1,1,694
AUS,1,3,8,,2,1,1,ASIA,1,1,2262
AUS,1,3,9,,1,1,1,ASIA,1,1,103
AUS,1,99,0,,99,99,1,ASIA,1,1,30
AUS,1,99,1,,3,99,1,ASIA,1,1,249
AUS,1,99,2,,3,99,1,ASIA,1,1,192
AUS,1,99,3,,3,99,1,ASIA,1,1,523
AUS,1,99,4,,2,99,1,ASIA,1,1,129
AUS,1,99,5,,2,99,1,ASIA,1,1,56
AUS,1,99,6,,2,99,1,ASIA,1,1,90
AUS,1,99,7,,2,99,1,ASIA,1,1,79
AUS,1,99,8,,2,99,1,ASIA,1,1,340
AUS,1,99,9,,1,99,1,ASIA,1,1,79
AUS,2,1,0,,99,99,1,ASIA,1,1,12
AUS,2,1,1,,3,99,1,ASIA,1,1,36
AUS,2,1,2,,3,99,1,ASIA,1,1,20
AUS,2,1,3,,3,99,1,ASIA,1,1,74
AUS,2,1,4,,2,99,1,ASIA,1,1,130
AUS,2,1,5,,2,99,1,ASIA,1,1,54
AUS,2,1,6,,2,99,1,ASIA,1,1,169
AUS,2,1,7,,2,99,1,ASIA,1,1,6
AUS,2,1,8,,2,99,1,ASIA,1,1,221
AUS,2,1,9,,1,99,1,ASIA,1,1,20
AUS,2,2,0,,99,99,1,ASIA,1,1,134
AUS,2,2,1,,3,99,1,ASIA,1,1,1161
AUS,2,2,2,,3,99,1,ASIA,1,1,839
AUS,2,2,3,,3,99,1,ASIA,1,1,1647
AUS,2,2,4,,2,99,1,ASIA,1,1,3219
AUS,2,2,5,,2,99,1,ASIA,1,1,1456
AUS,2,2,6,,2,99,1,ASIA,1,1,1503
AUS,2,2,7,,2,99,1,ASIA,1,1,131
AUS,2,2,8,,2,99,1,ASIA,1,1,2398
AUS,2,2,9,,1,99,1,ASIA,1,1,166
AUS,2,3,0,,99,99,1,ASIA,1,1,212
AUS,2,3,1,,3,0,1,ASIA,1,1,2664
AUS,2,3,2,,3,0,1,ASIA,1,1,9363
AUS,2,3,3,,3,0,1,ASIA,1,1,2024
AUS,2,3,4,,2,1,1,ASIA,1,1,5275
AUS,2,3,5,,2,1,1,ASIA,1,1,3817
AUS,2,3,6,,2,1,1,ASIA,1,1,1784
AUS,2,3,7,,2,1,1,ASIA,1,1,107
AUS,2,3,8,,2,1,1,ASIA,1,1,1713
AUS,2,3,9,,1,1,1,ASIA,1,1,117
AUS,2,99,0,,99,99,1,ASIA,1,1,33
AUS,2,99,1,,3,99,1,ASIA,1,1,165
AUS,2,99,2,,3,99,1,ASIA,1,1,252
AUS,2,99,3,,3,99,1,ASIA,1,1,277
AUS,2,99,4,,2,99,1,ASIA,1,1,554
AUS,2,99,5,,2,99,1,ASIA,1,1,252
AUS,2,99,6,,2,99,1,ASIA,1,1,192
AUS,2,99,7,,2,99,1,ASIA,1,1,15
AUS,2,99,8,,2,99,1,ASIA,1,1,336
AUS,2,99,9,,1,99,1,ASIA,1,1,93
AUS,1,1,0,,99,99,1,EURO,0,1,112
AUS,1,1,1,,3,99,1,EURO,0,1,805
AUS,1,1,2,,3,99,1,EURO,0,1,72
AUS,1,1,3,,3,99,1,EURO,0,1,1253
AUS,1,1,4,,2,99,1,EURO,0,1,160
AUS,1,1,5,,2,99,1,EURO,0,1,261
AUS,1,1,6,,2,99,1,EURO,0,1,298
AUS,1,1,7,,2,99,1,EURO,0,1,2086
AUS,1,1,8,,2,99,1,EURO,0,1,2056
AUS,1,1,9,,1,99,1,EURO,0,1,92
AUS,1,2,0,,99,99,1,EURO,0,1,397
AUS,1,2,1,,3,99,1,EURO,0,1,3074
AUS,1,2,2,,3,99,1,EURO,0,1,1083
AUS,1,2,3,,3,99,1,EURO,0,1,10013
AUS,1,2,4,,2,99,1,EURO,0,1,1257
AUS,1,2,5,,2,99,1,EURO,0,1,1338
AUS,1,2,6,,2,99,1,EURO,0,1,1440
AUS,1,2,7,,2,99,1,EURO,0,1,4414
AUS,1,2,8,,2,99,1,EURO,0,1,4242
AUS,1,2,9,,1,99,1,EURO,0,1,190
AUS,1,3,0,,99,99,1,EURO,0,1,296
AUS,1,3,1,,3,0,1,EURO,0,1,4237
AUS,1,3,2,,3,0,1,EURO,0,1,10134
AUS,1,3,3,,3,0,1,EURO,0,1,3118
AUS,1,3,4,,2,1,1,EURO,0,1,1119
AUS,1,3,5,,2,1,1,EURO,0,1,1647
AUS,1,3,6,,2,1,1,EURO,0,1,867
AUS,1,3,7,,2,1,1,EURO,0,1,1267
AUS,1,3,8,,2,1,1,EURO,0,1,1169
AUS,1,3,9,,1,1,1,EURO,0,1,89
AUS,1,99,0,,99,99,1,EURO,0,1,93
AUS,1,99,1,,3,99,1,EURO,0,1,490
AUS,1,99,2,,3,99,1,EURO,0,1,397
AUS,1,99,3,,3,99,1,EURO,0,1,832
AUS,1,99,4,,2,99,1,EURO,0,1,250
AUS,1,99,5,,2,99,1,EURO,0,1,137
AUS,1,99,6,,2,99,1,EURO,0,1,213
AUS,1,99,7,,2,99,1,EURO,0,1,709
AUS,1,99,8,,2,99,1,EURO,0,1,630
AUS,1,99,9,,1,99,1,EURO,0,1,136
AUS,2,1,0,,99,99,1,EURO,0,1,63
AUS,2,1,1,,3,99,1,EURO,0,1,423
AUS,2,1,2,,3,99,1,EURO,0,1,72
AUS,2,1,3,,3,99,1,EURO,0,1,168
AUS,2,1,4,,2,99,1,EURO,0,1,515
AUS,2,1,5,,2,99,1,EURO,0,1,1097
AUS,2,1,6,,2,99,1,EURO,0,1,787
AUS,2,1,7,,2,99,1,EURO,0,1,315
AUS,2,1,8,,2,99,1,EURO,0,1,2551
AUS,2,1,9,,1,99,1,EURO,0,1,98
AUS,2,2,0,,99,99,1,EURO,0,1,172
AUS,2,2,1,,3,99,1,EURO,0,1,1207
AUS,2,2,2,,3,99,1,EURO,0,1,955
AUS,2,2,3,,3,99,1,EURO,0,1,1177
AUS,2,2,4,,2,99,1,EURO,0,1,2696
AUS,2,2,5,,2,99,1,EURO,0,1,3934
AUS,2,2,6,,2,99,1,EURO,0,1,2497
AUS,2,2,7,,2,99,1,EURO,0,1,595
AUS,2,2,8,,2,99,1,EURO,0,1,3369
AUS,2,2,9,,1,99,1,EURO,0,1,156
AUS,2,3,0,,99,99,1,EURO,0,1,235
AUS,2,3,1,,3,0,1,EURO,0,1,3085
AUS,2,3,2,,3,0,1,EURO,0,1,11927
AUS,2,3,3,,3,0,1,EURO,0,1,1112
AUS,2,3,4,,2,1,1,EURO,0,1,3233
AUS,2,3,5,,2,1,1,EURO,0,1,5272
AUS,2,3,6,,2,1,1,EURO,0,1,1759
AUS,2,3,7,,2,1,1,EURO,0,1,178
AUS,2,3,8,,2,1,1,EURO,0,1,1064
AUS,2,3,9,,1,1,1,EURO,0,1,118
AUS,2,99,0,,99,99,1,EURO,0,1,75
AUS,2,99,1,,3,99,1,EURO,0,1,309
AUS,2,99,2,,3,99,1,EURO,0,1,385
AUS,2,99,3,,3,99,1,EURO,0,1,196
AUS,2,99,4,,2,99,1,EURO,0,1,663
AUS,2,99,5,,2,99,1,EURO,0,1,968
AUS,2,99,6,,2,99,1,EURO,0,1,466
AUS,2,99,7,,2,99,1,EURO,0,1,100
AUS,2,99,8,,2,99,1,EURO,0,1,693
AUS,2,99,9,,1,99,1,EURO,0,1,141
AUS,1,1,0,,99,99,1,EURO,1,1,650
AUS,1,1,1,,3,99,1,EURO,1,1,6639
AUS,1,1,2,,3,99,1,EURO,1,1,1529
AUS,1,1,3,,3,99,1,EURO,1,1,8088
AUS,1,1,4,,2,99,1,EURO,1,1,2053
AUS,1,1,5,,2,99,1,EURO,1,1,2697
AUS,1,1,6,,2,99,1,EURO,1,1,3664
AUS,1,1,7,,2,99,1,EURO,1,1,10664
AUS,1,1,8,,2,99,1,EURO,1,1,9822
AUS,1,1,9,,1,99,1,EURO,1,1,426
AUS,1,2,0,,99,99,1,EURO,1,1,2637
AUS,1,2,1,,3,99,1,EURO,1,1,29862
AUS,1,2,2,,3,99,1,EURO,1,1,14836
AUS,1,2,3,,3,99,1,EURO,1,1,74945
AUS,1,2,4,,2,99,1,EURO,1,1,12609
AUS,1,2,5,,2,99,1,EURO,1,1,12225
AUS,1,2,6,,2,99,1,EURO,1,1,13410
AUS,1,2,7,,2,99,1,EURO,1,1,19805
AUS,1,2,8,,2,99,1,EURO,1,1,21831
AUS,1,2,9,,1,99,1,EURO,1,1,1069
AUS,1,3,0,,99,99,1,EURO,1,1,2175
AUS,1,3,1,,3,0,1,EURO,1,1,49291
AUS,1,3,2,,3,0,1,EURO,1,1,88409
AUS,1,3,3,,3,0,1,EURO,1,1,17791
AUS,1,3,4,,2,1,1,EURO,1,1,10653
AUS,1,3,5,,2,1,1,EURO,1,1,12912
AUS,1,3,6,,2,1,1,EURO,1,1,7365
AUS,1,3,7,,2,1,1,EURO,1,1,3945
AUS,1,3,8,,2,1,1,EURO,1,1,5806
AUS,1,3,9,,1,1,1,EURO,1,1,487
AUS,1,99,0,,99,99,1,EURO,1,1,469
AUS,1,99,1,,3,99,1,EURO,1,1,4429
AUS,1,99,2,,3,99,1,EURO,1,1,4057
AUS,1,99,3,,3,99,1,EURO,1,1,4645
AUS,1,99,4,,2,99,1,EURO,1,1,1929
AUS,1,99,5,,2,99,1,EURO,1,1,1473
AUS,1,99,6,,2,99,1,EURO,1,1,1666
AUS,1,99,7,,2,99,1,EURO,1,1,2650
AUS,1,99,8,,2,99,1,EURO,1,1,2851
AUS,1,99,9,,1,99,1,EURO,1,1,707
AUS,2,1,0,,99,99,1,EURO,1,1,340
AUS,2,1,1,,3,99,1,EURO,1,1,3856
AUS,2,1,2,,3,99,1,EURO,1,1,1224
AUS,2,1,3,,3,99,1,EURO,1,1,1661
AUS,2,1,4,,2,99,1,EURO,1,1,4881
AUS,2,1,5,,2,99,1,EURO,1,1,12740
AUS,2,1,6,,2,99,1,EURO,1,1,7942
AUS,2,1,7,,2,99,1,EURO,1,1,1177
AUS,2,1,8,,2,99,1,EURO,1,1,7829
AUS,2,1,9,,1,99,1,EURO,1,1,445
AUS,2,2,0,,99,99,1,EURO,1,1,964
AUS,2,2,1,,3,99,1,EURO,1,1,11040
AUS,2,2,2,,3,99,1,EURO,1,1,8262
AUS,2,2,3,,3,99,1,EURO,1,1,8548
AUS,2,2,4,,2,99,1,EURO,1,1,24057
AUS,2,2,5,,2,99,1,EURO,1,1,34463
AUS,2,2,6,,2,99,1,EURO,1,1,16366
AUS,2,2,7,,2,99,1,EURO,1,1,1694
AUS,2,2,8,,2,99,1,EURO,1,1,9017
AUS,2,2,9,,1,99,1,EURO,1,1,612
AUS,2,3,0,,99,99,1,EURO,1,1,1497
AUS,2,3,1,,3,0,1,EURO,1,1,29434
AUS,2,3,2,,3,0,1,EURO,1,1,99805
AUS,2,3,3,,3,0,1,EURO,1,1,5894
AUS,2,3,4,,2,1,1,EURO,1,1,24575
AUS,2,3,5,,2,1,1,EURO,1,1,32311
AUS,2,3,6,,2,1,1,EURO,1,1,8951
AUS,2,3,7,,2,1,1,EURO,1,1,599
AUS,2,3,8,,2,1,1,EURO,1,1,3876
AUS,2,3,9,,1,1,1,EURO,1,1,531
AUS,2,99,0,,99,99,1,EURO,1,1,318
AUS,2,99,1,,3,99,1,EURO,1,1,2649
AUS,2,99,2,,3,99,1,EURO,1,1,3547
AUS,2,99,3,,3,99,1,EURO,1,1,1359
AUS,2,99,4,,2,99,1,EURO,1,1,5064
AUS,2,99,5,,2,99,1,EURO,1,1,7357
AUS,2,99,6,,2,99,1,EURO,1,1,2755
AUS,2,99,7,,2,99,1,EURO,1,1,344
AUS,2,99,8,,2,99,1,EURO,1,1,1969
AUS,2,99,9,,1,99,1,EURO,1,1,674
AUS,1,2,8,,2,99,1,NOAM,0,1,3
AUS,2,3,0,,99,99,1,NOAM,0,1,3
AUS,2,3,5,,2,1,1,NOAM,0,1,3
AUS,1,1,0,,99,99,1,NOAM,1,1,17
AUS,1,1,1,,3,99,1,NOAM,1,1,74
AUS,1,1,2,,3,99,1,NOAM,1,1,41
AUS,1,1,3,,3,99,1,NOAM,1,1,131
AUS,1,1,4,,2,99,1,NOAM,1,1,80
AUS,1,1,5,,2,99,1,NOAM,1,1,55
AUS,1,1,6,,2,99,1,NOAM,1,1,124
AUS,1,1,7,,2,99,1,NOAM,1,1,107
AUS,1,1,8,,2,99,1,NOAM,1,1,241
AUS,1,1,9,,1,99,1,NOAM,1,1,7
AUS,1,2,0,,99,99,1,NOAM,1,1,128
AUS,1,2,1,,3,99,1,NOAM,1,1,1695
AUS,1,2,2,,3,99,1,NOAM,1,1,1596
AUS,1,2,3,,3,99,1,NOAM,1,1,2622
AUS,1,2,4,,2,99,1,NOAM,1,1,1225
AUS,1,2,5,,2,99,1,NOAM,1,1,879
AUS,1,2,6,,2,99,1,NOAM,1,1,1095
AUS,1,2,7,,2,99,1,NOAM,1,1,964
AUS,1,2,8,,2,99,1,NOAM,1,1,1237
AUS,1,2,9,,1,99,1,NOAM,1,1,49
AUS,1,3,0,,99,99,1,NOAM,1,1,275
AUS,1,3,1,,3,0,1,NOAM,1,1,5124
AUS,1,3,2,,3,0,1,NOAM,1,1,12098
AUS,1,3,3,,3,0,1,NOAM,1,1,1295
AUS,1,3,4,,2,1,1,NOAM,1,1,1194
AUS,1,3,5,,2,1,1,NOAM,1,1,1399
AUS,1,3,6,,2,1,1,NOAM,1,1,998
AUS,1,3,7,,2,1,1,NOAM,1,1,339
AUS,1,3,8,,2,1,1,NOAM,1,1,481
AUS,1,3,9,,1,1,1,NOAM,1,1,51
AUS,1,99,0,,99,99,1,NOAM,1,1,35
AUS,1,99,1,,3,99,1,NOAM,1,1,291
AUS,1,99,2,,3,99,1,NOAM,1,1,399
AUS,1,99,3,,3,99,1,NOAM,1,1,233
AUS,1,99,4,,2,99,1,NOAM,1,1,150
AUS,1,99,5,,2,99,1,NOAM,1,1,104
AUS,1,99,6,,2,99,1,NOAM,1,1,130
AUS,1,99,7,,2,99,1,NOAM,1,1,107
AUS,1,99,8,,2,99,1,NOAM,1,1,109
AUS,1,99,9,,1,99,1,NOAM,1,1,34
AUS,2,1,0,,99,99,1,NOAM,1,1,7
AUS,2,1,1,,3,99,1,NOAM,1,1,78
AUS,2,1,2,,3,99,1,NOAM,1,1,31
AUS,2,1,3,,3,99,1,NOAM,1,1,25
AUS,2,1,4,,2,99,1,NOAM,1,1,143
AUS,2,1,5,,2,99,1,NOAM,1,1,137
AUS,2,1,6,,2,99,1,NOAM,1,1,278
AUS,2,1,7,,2,99,1,NOAM,1,1,4
AUS,2,1,8,,2,99,1,NOAM,1,1,98
AUS,2,1,9,,1,99,1,NOAM,1,1,7
AUS,2,2,0,,99,99,1,NOAM,1,1,73
AUS,2,2,1,,3,99,1,NOAM,1,1,887
AUS,2,2,2,,3,99,1,NOAM,1,1,938
AUS,2,2,3,,3,99,1,NOAM,1,1,487
AUS,2,2,4,,2,99,1,NOAM,1,1,1805
AUS,2,2,5,,2,99,1,NOAM,1,1,2211
AUS,2,2,6,,2,99,1,NOAM,1,1,1306
AUS,2,2,7,,2,99,1,NOAM,1,1,96
AUS,2,2,8,,2,99,1,NOAM,1,1,540
AUS,2,2,9,,1,99,1,NOAM,1,1,27
AUS,2,3,0,,99,99,1,NOAM,1,1,208
AUS,2,3,1,,3,0,1,NOAM,1,1,4107
AUS,2,3,2,,3,0,1,NOAM,1,1,14072
AUS,2,3,3,,3,0,1,NOAM,1,1,666
AUS,2,3,4,,2,1,1,NOAM,1,1,2576
AUS,2,3,5,,2,1,1,NOAM,1,1,3833
AUS,2,3,6,,2,1,1,NOAM,1,1,1296
AUS,2,3,7,,2,1,1,NOAM,1,1,69
AUS,2,3,8,,2,1,1,NOAM,1,1,322
AUS,2,3,9,,1,1,1,NOAM,1,1,80
AUS,2,99,0,,99,99,1,NOAM,1,1,29
AUS,2,99,1,,3,99,1,NOAM,1,1,166
AUS,2,99,2,,3,99,1,NOAM,1,1,347
AUS,2,99,3,,3,99,1,NOAM,1,1,90
AUS,2,99,4,,2,99,1,NOAM,1,1,299
AUS,2,99,5,,2,99,1,NOAM,1,1,356
AUS,2,99,6,,2,99,1,NOAM,1,1,150
AUS,2,99,7,,2,99,1,NOAM,1,1,17
AUS,2,99,8,,2,99,1,NOAM,1,1,71
AUS,2,99,9,,1,99,1,NOAM,1,1,47
AUS,1,1,0,,99,99,1,OCEA,0,1,55
AUS,1,1,1,,3,99,1,OCEA,0,1,222
AUS,1,1,2,,3,99,1,OCEA,0,1,36
AUS,1,1,3,,3,99,1,OCEA,0,1,444
AUS,1,1,4,,2,99,1,OCEA,0,1,181
AUS,1,1,5,,2,99,1,OCEA,0,1,160
AUS,1,1,6,,2,99,1,OCEA,0,1,118
AUS,1,1,7,,2,99,1,OCEA,0,1,1775
AUS,1,1,8,,2,99,1,OCEA,0,1,1563
AUS,1,1,9,,1,99,1,OCEA,0,1,50
AUS,1,2,0,,99,99,1,OCEA,0,1,256
AUS,1,2,1,,3,99,1,OCEA,0,1,1571
AUS,1,2,2,,3,99,1,OCEA,0,1,801
AUS,1,2,3,,3,99,1,OCEA,0,1,4990
AUS,1,2,4,,2,99,1,OCEA,0,1,1262
AUS,1,2,5,,2,99,1,OCEA,0,1,1218
AUS,1,2,6,,2,99,1,OCEA,0,1,855
AUS,1,2,7,,2,99,1,OCEA,0,1,5129
AUS,1,2,8,,2,99,1,OCEA,0,1,3875
AUS,1,2,9,,1,99,1,OCEA,0,1,177
AUS,1,3,0,,99,99,1,OCEA,0,1,154
AUS,1,3,1,,3,0,1,OCEA,0,1,2549
AUS,1,3,2,,3,0,1,OCEA,0,1,5940
AUS,1,3,3,,3,0,1,OCEA,0,1,1409
AUS,1,3,4,,2,1,1,OCEA,0,1,750
AUS,1,3,5,,2,1,1,OCEA,0,1,1315
AUS,1,3,6,,2,1,1,OCEA,0,1,481
AUS,1,3,7,,2,1,1,OCEA,0,1,816
AUS,1,3,8,,2,1,1,OCEA,0,1,601
AUS,1,3,9,,1,1,1,OCEA,0,1,50
AUS,1,99,0,,99,99,1,OCEA,0,1,50
AUS,1,99,1,,3,99,1,OCEA,0,1,209
AUS,1,99,2,,3,99,1,OCEA,0,1,212
AUS,1,99,3,,3,99,1,OCEA,0,1,348
AUS,1,99,4,,2,99,1,OCEA,0,1,244
AUS,1,99,5,,2,99,1,OCEA,0,1,146
AUS,1,99,6,,2,99,1,OCEA,0,1,101
AUS,1,99,7,,2,99,1,OCEA,0,1,810
AUS,1,99,8,,2,99,1,OCEA,0,1,659
AUS,1,99,9,,1,99,1,OCEA,0,1,94
AUS,2,1,0,,99,99,1,OCEA,0,1,35
AUS,2,1,1,,3,99,1,OCEA,0,1,138
AUS,2,1,2,,3,99,1,OCEA,0,1,105
AUS,2,1,3,,3,99,1,OCEA,0,1,96
AUS,2,1,4,,2,99,1,OCEA,0,1,513
AUS,2,1,5,,2,99,1,OCEA,0,1,416
AUS,2,1,6,,2,99,1,OCEA,0,1,288
AUS,2,1,7,,2,99,1,OCEA,0,1,269
AUS,2,1,8,,2,99,1,OCEA,0,1,1456
AUS,2,1,9,,1,99,1,OCEA,0,1,39
AUS,2,2,0,,99,99,1,OCEA,0,1,171
AUS,2,2,1,,3,99,1,OCEA,0,1,820
AUS,2,2,2,,3,99,1,OCEA,0,1,1140
AUS,2,2,3,,3,99,1,OCEA,0,1,560
AUS,2,2,4,,2,99,1,OCEA,0,1,3794
AUS,2,2,5,,2,99,1,OCEA,0,1,3356
AUS,2,2,6,,2,99,1,OCEA,0,1,1421
AUS,2,2,7,,2,99,1,OCEA,0,1,907
AUS,2,2,8,,2,99,1,OCEA,0,1,2741
AUS,2,2,9,,1,99,1,OCEA,0,1,146
AUS,2,3,0,,99,99,1,OCEA,0,1,148
AUS,2,3,1,,3,0,1,OCEA,0,1,1681
AUS,2,3,2,,3,0,1,OCEA,0,1,7416
AUS,2,3,3,,3,0,1,OCEA,0,1,415
AUS,2,3,4,,2,1,1,OCEA,0,1,2530
AUS,2,3,5,,2,1,1,OCEA,0,1,3402
AUS,2,3,6,,2,1,1,OCEA,0,1,629
AUS,2,3,7,,2,1,1,OCEA,0,1,138
AUS,2,3,8,,2,1,1,OCEA,0,1,465
AUS,2,3,9,,1,1,1,OCEA,0,1,61
AUS,2,99,0,,99,99,1,OCEA,0,1,43
AUS,2,99,1,,3,99,1,OCEA,0,1,169
AUS,2,99,2,,3,99,1,OCEA,0,1,331
AUS,2,99,3,,3,99,1,OCEA,0,1,86
AUS,2,99,4,,2,99,1,OCEA,0,1,834
AUS,2,99,5,,2,99,1,OCEA,0,1,701
AUS,2,99,6,,2,99,1,OCEA,0,1,222
AUS,2,99,7,,2,99,1,OCEA,0,1,149
AUS,2,99,8,,2,99,1,OCEA,0,1,574
AUS,2,99,9,,1,99,1,OCEA,0,1,95
AUS,1,1,0,,99,99,1,OCEA,1,0,6949
AUS,1,1,1,,3,99,1,OCEA,1,0,67342
AUS,1,1,2,,3,99,1,OCEA,1,0,12099
AUS,1,1,3,,3,99,1,OCEA,1,0,72163
AUS,1,1,4,,2,99,1,OCEA,1,0,21949
AUS,1,1,5,,2,99,1,OCEA,1,0,24217
AUS,1,1,6,,2,99,1,OCEA,1,0,45539
AUS,1,1,7,,2,99,1,OCEA,1,0,135359
AUS,1,1,8,,2,99,1,OCEA,1,0,129483
AUS,1,1,9,,1,99,1,OCEA,1,0,5316
AUS,1,2,0,,99,99,1,OCEA,1,0,22940
AUS,1,2,1,,3,99,1,OCEA,1,0,263661
AUS,1,2,2,,3,99,1,OCEA,1,0,110078
AUS,1,2,3,,3,99,1,OCEA,1,0,684898
AUS,1,2,4,,2,99,1,OCEA,1,0,128946
AUS,1,2,5,,2,99,1,OCEA,1,0,117762
AUS,1,2,6,,2,99,1,OCEA,1,0,169361
AUS,1,2,7,,2,99,1,OCEA,1,0,224278
AUS,1,2,8,,2,99,1,OCEA,1,0,251610
AUS,1,2,9,,1,99,1,OCEA,1,0,12125
AUS,1,3,0,,99,99,1,OCEA,1,0,12150
AUS,1,3,1,,3,0,1,OCEA,1,0,251925
AUS,1,3,2,,3,0,1,OCEA,1,0,508433
AUS,1,3,3,,3,0,1,OCEA,1,0,86370
AUS,1,3,4,,2,1,1,OCEA,1,0,74552
AUS,1,3,5,,2,1,1,OCEA,1,0,82748
AUS,1,3,6,,2,1,1,OCEA,1,0,50690
AUS,1,3,7,,2,1,1,OCEA,1,0,22834
AUS,1,3,8,,2,1,1,OCEA,1,0,28641
AUS,1,3,9,,1,1,1,OCEA,1,0,2539
AUS,1,99,0,,99,99,1,OCEA,1,0,3580
AUS,1,99,1,,3,99,1,OCEA,1,0,24805
AUS,1,99,2,,3,99,1,OCEA,1,0,17541
AUS,1,99,3,,3,99,1,OCEA,1,0,25522
AUS,1,99,4,,2,99,1,OCEA,1,0,13519
AUS,1,99,5,,2,99,1,OCEA,1,0,9621
AUS,1,99,6,,2,99,1,OCEA,1,0,13999
AUS,1,99,7,,2,99,1,OCEA,1,0,24494
AUS,1,99,8,,2,99,1,OCEA,1,0,25161
AUS,1,99,9,,1,99,1,OCEA,1,0,6218
AUS,2,1,0,,99,99,1,OCEA,1,0,3484
AUS,2,1,1,,3,99,1,OCEA,1,0,39273
AUS,2,1,2,,3,99,1,OCEA,1,0,13568
AUS,2,1,3,,3,99,1,OCEA,1,0,16044
AUS,2,1,4,,2,99,1,OCEA,1,0,57257
AUS,2,1,5,,2,99,1,OCEA,1,0,124485
AUS,2,1,6,,2,99,1,OCEA,1,0,109753
AUS,2,1,7,,2,99,1,OCEA,1,0,11909
AUS,2,1,8,,2,99,1,OCEA,1,0,78263
AUS,2,1,9,,1,99,1,OCEA,1,0,4193
AUS,2,2,0,,99,99,1,OCEA,1,0,10369
AUS,2,2,1,,3,99,1,OCEA,1,0,112553
AUS,2,2,2,,3,99,1,OCEA,1,0,87721
AUS,2,2,3,,3,99,1,OCEA,1,0,92858
AUS,2,2,4,,2,99,1,OCEA,1,0,275112
AUS,2,2,5,,2,99,1,OCEA,1,0,390796
AUS,2,2,6,,2,99,1,OCEA,1,0,258960
AUS,2,2,7,,2,99,1,OCEA,1,0,20471
AUS,2,2,8,,2,99,1,OCEA,1,0,92985
AUS,2,2,9,,1,99,1,OCEA,1,0,7655
AUS,2,3,0,,99,99,1,OCEA,1,0,10663
AUS,2,3,1,,3,0,1,OCEA,1,0,193345
AUS,2,3,2,,3,0,1,OCEA,1,0,765299
AUS,2,3,3,,3,0,1,OCEA,1,0,35608
AUS,2,3,4,,2,1,1,OCEA,1,0,179561
AUS,2,3,5,,2,1,1,OCEA,1,0,235260
AUS,2,3,6,,2,1,1,OCEA,1,0,72122
AUS,2,3,7,,2,1,1,OCEA,1,0,4974
AUS,2,3,8,,2,1,1,OCEA,1,0,18055
AUS,2,3,9,,1,1,1,OCEA,1,0,3503
AUS,2,99,0,,99,99,1,OCEA,1,0,2296
AUS,2,99,1,,3,99,1,OCEA,1,0,17372
AUS,2,99,2,,3,99,1,OCEA,1,0,21870
AUS,2,99,3,,3,99,1,OCEA,1,0,8161
AUS,2,99,4,,2,99,1,OCEA,1,0,38644
AUS,2,99,5,,2,99,1,OCEA,1,0,56007
AUS,2,99,6,,2,99,1,OCEA,1,0,26282
AUS,2,99,7,,2,99,1,OCEA,1,0,2756
AUS,2,99,8,,2,99,1,OCEA,1,0,13847
AUS,2,99,9,,1,99,1,OCEA,1,0,5056
AUS,1,1,0,,99,99,1,OCEA,1,1,328
AUS,1,1,1,,3,99,1,OCEA,1,1,2072
AUS,1,1,2,,3,99,1,OCEA,1,1,520
AUS,1,1,3,,3,99,1,OCEA,1,1,3213
AUS,1,1,4,,2,99,1,OCEA,1,1,824
AUS,1,1,5,,2,99,1,OCEA,1,1,979
AUS,1,1,6,,2,99,1,OCEA,1,1,1217
AUS,1,1,7,,2,99,1,OCEA,1,1,8725
AUS,1,1,8,,2,99,1,OCEA,1,1,5844
AUS,1,1,9,,1,99,1,OCEA,1,1,172
AUS,1,2,0,,99,99,1,OCEA,1,1,1138
AUS,1,2,1,,3,99,1,OCEA,1,1,11077
AUS,1,2,2,,3,99,1,OCEA,1,1,4811
AUS,1,2,3,,3,99,1,OCEA,1,1,28071
AUS,1,2,4,,2,99,1,OCEA,1,1,5123
AUS,1,2,5,,2,99,1,OCEA,1,1,5160
AUS,1,2,6,,2,99,1,OCEA,1,1,5611
AUS,1,2,7,,2,99,1,OCEA,1,1,18739
AUS,1,2,8,,2,99,1,OCEA,1,1,15510
AUS,1,2,9,,1,99,1,OCEA,1,1,553
AUS,1,3,0,,99,99,1,OCEA,1,1,530
AUS,1,3,1,,3,0,1,OCEA,1,1,10464
AUS,1,3,2,,3,0,1,OCEA,1,1,18746
AUS,1,3,3,,3,0,1,OCEA,1,1,3827
AUS,1,3,4,,2,1,1,OCEA,1,1,2913
AUS,1,3,5,,2,1,1,OCEA,1,1,3248
AUS,1,3,6,,2,1,1,OCEA,1,1,2058
AUS,1,3,7,,2,1,1,OCEA,1,1,1759
AUS,1,3,8,,2,1,1,OCEA,1,1,1587
AUS,1,3,9,,1,1,1,OCEA,1,1,104
AUS,1,99,0,,99,99,1,OCEA,1,1,261
AUS,1,99,1,,3,99,1,OCEA,1,1,1265
AUS,1,99,2,,3,99,1,OCEA,1,1,957
AUS,1,99,3,,3,99,1,OCEA,1,1,1620
AUS,1,99,4,,2,99,1,OCEA,1,1,786
AUS,1,99,5,,2,99,1,OCEA,1,1,555
AUS,1,99,6,,2,99,1,OCEA,1,1,647
AUS,1,99,7,,2,99,1,OCEA,1,1,2663
AUS,1,99,8,,2,99,1,OCEA,1,1,2018
AUS,1,99,9,,1,99,1,OCEA,1,1,376
AUS,2,1,0,,99,99,1,OCEA,1,1,163
AUS,2,1,1,,3,99,1,OCEA,1,1,1368
AUS,2,1,2,,3,99,1,OCEA,1,1,568
AUS,2,1,3,,3,99,1,OCEA,1,1,737
AUS,2,1,4,,2,99,1,OCEA,1,1,2155
AUS,2,1,5,,2,99,1,OCEA,1,1,4302
AUS,2,1,6,,2,99,1,OCEA,1,1,2987
AUS,2,1,7,,2,99,1,OCEA,1,1,1428
AUS,2,1,8,,2,99,1,OCEA,1,1,3721
AUS,2,1,9,,1,99,1,OCEA,1,1,83
AUS,2,2,0,,99,99,1,OCEA,1,1,629
AUS,2,2,1,,3,99,1,OCEA,1,1,5799
AUS,2,2,2,,3,99,1,OCEA,1,1,4115
AUS,2,2,3,,3,99,1,OCEA,1,1,3776
AUS,2,2,4,,2,99,1,OCEA,1,1,11403
AUS,2,2,5,,2,99,1,OCEA,1,1,18297
AUS,2,2,6,,2,99,1,OCEA,1,1,9189
AUS,2,2,7,,2,99,1,OCEA,1,1,3127
AUS,2,2,8,,2,99,1,OCEA,1,1,7157
AUS,2,2,9,,1,99,1,OCEA,1,1,378
AUS,2,3,0,,99,99,1,OCEA,1,1,469
AUS,2,3,1,,3,0,1,OCEA,1,1,8176
AUS,2,3,2,,3,0,1,OCEA,1,1,25910
AUS,2,3,3,,3,0,1,OCEA,1,1,1710
AUS,2,3,4,,2,1,1,OCEA,1,1,7358
AUS,2,3,5,,2,1,1,OCEA,1,1,9853
AUS,2,3,6,,2,1,1,OCEA,1,1,3007
AUS,2,3,7,,2,1,1,OCEA,1,1,494
AUS,2,3,8,,2,1,1,OCEA,1,1,1170
AUS,2,3,9,,1,1,1,OCEA,1,1,132
AUS,2,99,0,,99,99,1,OCEA,1,1,144
AUS,2,99,1,,3,99,1,OCEA,1,1,1048
AUS,2,99,2,,3,99,1,OCEA,1,1,1134
AUS,2,99,3,,3,99,1,OCEA,1,1,506
AUS,2,99,4,,2,99,1,OCEA,1,1,2113
AUS,2,99,5,,2,99,1,OCEA,1,1,2952
AUS,2,99,6,,2,99,1,OCEA,1,1,1346
AUS,2,99,7,,2,99,1,OCEA,1,1,521
AUS,2,99,8,,2,99,1,OCEA,1,1,1254
AUS,2,99,9,,1,99,1,OCEA,1,1,289
AUS,1,1,0,,99,99,1,SCAC,0,1,11
AUS,1,1,1,,3,99,1,SCAC,0,1,66
AUS,1,1,2,,3,99,1,SCAC,0,1,7
AUS,1,1,3,,3,99,1,SCAC,0,1,268
AUS,1,1,4,,2,99,1,SCAC,0,1,42
AUS,1,1,5,,2,99,1,SCAC,0,1,47
AUS,1,1,6,,2,99,1,SCAC,0,1,65
AUS,1,1,7,,2,99,1,SCAC,0,1,319
AUS,1,1,8,,2,99,1,SCAC,0,1,607
AUS,1,1,9,,1,99,1,SCAC,0,1,9
AUS,1,2,0,,99,99,1,SCAC,0,1,124
AUS,1,2,1,,3,99,1,SCAC,0,1,811
AUS,1,2,2,,3,99,1,SCAC,0,1,566
AUS,1,2,3,,3,99,1,SCAC,0,1,2873
AUS,1,2,4,,2,99,1,SCAC,0,1,827
AUS,1,2,5,,2,99,1,SCAC,0,1,585
AUS,1,2,6,,2,99,1,SCAC,0,1,551
AUS,1,2,7,,2,99,1,SCAC,0,1,1301
AUS,1,2,8,,2,99,1,SCAC,0,1,2509
AUS,1,2,9,,1,99,1,SCAC,0,1,55
AUS,1,3,0,,99,99,1,SCAC,0,1,139
AUS,1,3,1,,3,0,1,SCAC,0,1,3112
AUS,1,3,2,,3,0,1,SCAC,0,1,6799
AUS,1,3,3,,3,0,1,SCAC,0,1,2459
AUS,1,3,4,,2,1,1,SCAC,0,1,1582
AUS,1,3,5,,2,1,1,SCAC,0,1,1310
AUS,1,3,6,,2,1,1,SCAC,0,1,739
AUS,1,3,7,,2,1,1,SCAC,0,1,977
AUS,1,3,8,,2,1,1,SCAC,0,1,2911
AUS,1,3,9,,1,1,1,SCAC,0,1,57
AUS,1,99,0,,99,99,1,SCAC,0,1,23
AUS,1,99,1,,3,99,1,SCAC,0,1,185
AUS,1,99,2,,3,99,1,SCAC,0,1,283
AUS,1,99,3,,3,99,1,SCAC,0,1,333
AUS,1,99,4,,2,99,1,SCAC,0,1,192
AUS,1,99,5,,2,99,1,SCAC,0,1,79
AUS,1,99,6,,2,99,1,SCAC,0,1,68
AUS,1,99,7,,2,99,1,SCAC,0,1,237
AUS,1,99,8,,2,99,1,SCAC,0,1,547
AUS,1,99,9,,1,99,1,SCAC,0,1,35
AUS,2,1,0,,99,99,1,SCAC,0,1,3
AUS,2,1,1,,3,99,1,SCAC,0,1,27
AUS,2,1,2,,3,99,1,SCAC,0,1,10
AUS,2,1,3,,3,99,1,SCAC,0,1,40
AUS,2,1,4,,2,99,1,SCAC,0,1,101
AUS,2,1,5,,2,99,1,SCAC,0,1,146
AUS,2,1,6,,2,99,1,SCAC,0,1,98
AUS,2,1,7,,2,99,1,SCAC,0,1,16
AUS,2,1,8,,2,99,1,SCAC,0,1,477
AUS,2,1,9,,1,99,1,SCAC,0,1,3
AUS,2,2,0,,99,99,1,SCAC,0,1,58
AUS,2,2,1,,3,99,1,SCAC,0,1,402
AUS,2,2,2,,3,99,1,SCAC,0,1,400
AUS,2,2,3,,3,99,1,SCAC,0,1,399
AUS,2,2,4,,2,99,1,SCAC,0,1,1819
AUS,2,2,5,,2,99,1,SCAC,0,1,1432
AUS,2,2,6,,2,99,1,SCAC,0,1,744
AUS,2,2,7,,2,99,1,SCAC,0,1,142
AUS,2,2,8,,2,99,1,SCAC,0,1,1637
AUS,2,2,9,,1,99,1,SCAC,0,1,40
AUS,2,3,0,,99,99,1,SCAC,0,1,130
AUS,2,3,1,,3,0,1,SCAC,0,1,2152
AUS,2,3,2,,3,0,1,SCAC,0,1,6761
AUS,2,3,3,,3,0,1,SCAC,0,1,984
AUS,2,3,4,,2,1,1,SCAC,0,1,4216
AUS,2,3,5,,2,1,1,SCAC,0,1,3540
AUS,2,3,6,,2,1,1,SCAC,0,1,1387
AUS,2,3,7,,2,1,1,SCAC,0,1,160
AUS,2,3,8,,2,1,1,SCAC,0,1,2821
AUS,2,3,9,,1,1,1,SCAC,0,1,55
AUS,2,99,0,,99,99,1,SCAC,0,1,23
AUS,2,99,1,,3,99,1,SCAC,0,1,101
AUS,2,99,2,,3,99,1,SCAC,0,1,239
AUS,2,99,3,,3,99,1,SCAC,0,1,84
AUS,2,99,4,,2,99,1,SCAC,0,1,566
AUS,2,99,5,,2,99,1,SCAC,0,1,368
AUS,2,99,6,,2,99,1,SCAC,0,1,130
AUS,2,99,7,,2,99,1,SCAC,0,1,37
AUS,2,99,8,,2,99,1,SCAC,0,1,557
AUS,2,99,9,,1,99,1,SCAC,0,1,40
AUS,1,1,0,,99,99,1,SCAC,1,1,3
AUS,1,1,1,,3,99,1,SCAC,1,1,18
AUS,1,1,2,,3,99,1,SCAC,1,1,11
AUS,1,1,3,,3,99,1,SCAC,1,1,77
AUS,1,1,4,,2,99,1,SCAC,1,1,19
AUS,1,1,5,,2,99,1,SCAC,1,1,20
AUS,1,1,6,,2,99,1,SCAC,1,1,15
AUS,1,1,7,,2,99,1,SCAC,1,1,93
AUS,1,1,8,,2,99,1,SCAC,1,1,150
AUS,1,1,9,,1,99,1,SCAC,1,1,7
AUS,1,2,0,,99,99,1,SCAC,1,1,38
AUS,1,2,1,,3,99,1,SCAC,1,1,303
AUS,1,2,2,,3,99,1,SCAC,1,1,196
AUS,1,2,3,,3,99,1,SCAC,1,1,1274
AUS,1,2,4,,2,99,1,SCAC,1,1,284
AUS,1,2,5,,2,99,1,SCAC,1,1,243
AUS,1,2,6,,2,99,1,SCAC,1,1,166
AUS,1,2,7,,2,99,1,SCAC,1,1,643
AUS,1,2,8,,2,99,1,SCAC,1,1,731
AUS,1,2,9,,1,99,1,SCAC,1,1,25
AUS,1,3,0,,99,99,1,SCAC,1,1,45
AUS,1,3,1,,3,0,1,SCAC,1,1,734
AUS,1,3,2,,3,0,1,SCAC,1,1,1646
AUS,1,3,3,,3,0,1,SCAC,1,1,561
AUS,1,3,4,,2,1,1,SCAC,1,1,347
AUS,1,3,5,,2,1,1,SCAC,1,1,317
AUS,1,3,6,,2,1,1,SCAC,1,1,170
AUS,1,3,7,,2,1,1,SCAC,1,1,213
AUS,1,3,8,,2,1,1,SCAC,1,1,454
AUS,1,3,9,,1,1,1,SCAC,1,1,18
AUS,1,99,0,,99,99,1,SCAC,1,1,17
AUS,1,99,1,,3,99,1,SCAC,1,1,54
AUS,1,99,2,,3,99,1,SCAC,1,1,77
AUS,1,99,3,,3,99,1,SCAC,1,1,128
AUS,1,99,4,,2,99,1,SCAC,1,1,62
AUS,1,99,5,,2,99,1,SCAC,1,1,45
AUS,1,99,6,,2,99,1,SCAC,1,1,15
AUS,1,99,7,,2,99,1,SCAC,1,1,102
AUS,1,99,8,,2,99,1,SCAC,1,1,125
AUS,1,99,9,,1,99,1,SCAC,1,1,23
AUS,2,1,1,,3,99,1,SCAC,1,1,12
AUS,2,1,2,,3,99,1,SCAC,1,1,3
AUS,2,1,3,,3,99,1,SCAC,1,1,12
AUS,2,1,4,,2,99,1,SCAC,1,1,28
AUS,2,1,5,,2,99,1,SCAC,1,1,52
AUS,2,1,6,,2,99,1,SCAC,1,1,34
AUS,2,1,7,,2,99,1,SCAC,1,1,8
AUS,2,1,8,,2,99,1,SCAC,1,1,146
AUS,2,2,0,,99,99,1,SCAC,1,1,17
AUS,2,2,1,,3,99,1,SCAC,1,1,134
AUS,2,2,2,,3,99,1,SCAC,1,1,155
AUS,2,2,3,,3,99,1,SCAC,1,1,147
AUS,2,2,4,,2,99,1,SCAC,1,1,599
AUS,2,2,5,,2,99,1,SCAC,1,1,547
AUS,2,2,6,,2,99,1,SCAC,1,1,241
AUS,2,2,7,,2,99,1,SCAC,1,1,77
AUS,2,2,8,,2,99,1,SCAC,1,1,430
AUS,2,2,9,,1,99,1,SCAC,1,1,19
AUS,2,3,0,,99,99,1,SCAC,1,1,44
AUS,2,3,1,,3,0,1,SCAC,1,1,464
AUS,2,3,2,,3,0,1,SCAC,1,1,1738
AUS,2,3,3,,3,0,1,SCAC,1,1,174
AUS,2,3,4,,2,1,1,SCAC,1,1,910
AUS,2,3,5,,2,1,1,SCAC,1,1,732
AUS,2,3,6,,2,1,1,SCAC,1,1,262
AUS,2,3,7,,2,1,1,SCAC,1,1,35
AUS,2,3,8,,2,1,1,SCAC,1,1,324
AUS,2,3,9,,1,1,1,SCAC,1,1,13
AUS,2,99,0,,99,99,1,SCAC,1,1,5
AUS,2,99,1,,3,99,1,SCAC,1,1,27
AUS,2,99,2,,3,99,1,SCAC,1,1,86
AUS,2,99,3,,3,99,1,SCAC,1,1,34
AUS,2,99,4,,2,99,1,SCAC,1,1,155
AUS,2,99,5,,2,99,1,SCAC,1,1,161
AUS,2,99,6,,2,99,1,SCAC,1,1,53
AUS,2,99,7,,2,99,1,SCAC,1,1,27
AUS,2,99,8,,2,99,1,SCAC,1,1,108
AUS,2,99,9,,1,99,1,SCAC,1,1,11
AUS,1,1,0,,99,99,1,UNK,0,1,36
AUS,1,1,1,,3,99,1,UNK,0,1,16
AUS,1,1,3,,3,99,1,UNK,0,1,38
AUS,1,1,4,,2,99,1,UNK,0,1,9
AUS,1,1,5,,2,99,1,UNK,0,1,9
AUS,1,1,6,,2,99,1,UNK,0,1,8
AUS,1,1,7,,2,99,1,UNK,0,1,32
AUS,1,1,8,,2,99,1,UNK,0,1,63
AUS,1,1,9,,1,99,1,UNK,0,1,10
AUS,1,2,0,,99,99,1,UNK,0,1,68
AUS,1,2,1,,3,99,1,UNK,0,1,130
AUS,1,2,2,,3,99,1,UNK,0,1,77
AUS,1,2,3,,3,99,1,UNK,0,1,287
AUS,1,2,4,,2,99,1,UNK,0,1,82
AUS,1,2,5,,2,99,1,UNK,0,1,51
AUS,1,2,6,,2,99,1,UNK,0,1,62
AUS,1,2,7,,2,99,1,UNK,0,1,127
AUS,1,2,8,,2,99,1,UNK,0,1,111
AUS,1,2,9,,1,99,1,UNK,0,1,26
AUS,1,3,0,,99,99,1,UNK,0,1,70
AUS,1,3,1,,3,0,1,UNK,0,1,353
AUS,1,3,2,,3,0,1,UNK,0,1,1150
AUS,1,3,3,,3,0,1,UNK,0,1,216
AUS,1,3,4,,2,1,1,UNK,0,1,133
AUS,1,3,5,,2,1,1,UNK,0,1,132
AUS,1,3,6,,2,1,1,UNK,0,1,79
AUS,1,3,7,,2,1,1,UNK,0,1,94
AUS,1,3,8,,2,1,1,UNK,0,1,67
AUS,1,3,9,,1,1,1,UNK,0,1,14
AUS,1,99,0,,99,99,1,UNK,0,1,74
AUS,1,99,1,,3,99,1,UNK,0,1,38
AUS,1,99,2,,3,99,1,UNK,0,1,60
AUS,1,99,3,,3,99,1,UNK,0,1,26
AUS,1,99,4,,2,99,1,UNK,0,1,21
AUS,1,99,5,,2,99,1,UNK,0,1,14
AUS,1,99,6,,2,99,1,UNK,0,1,19
AUS,1,99,7,,2,99,1,UNK,0,1,32
AUS,1,99,8,,2,99,1,UNK,0,1,26
AUS,1,99,9,,1,99,1,UNK,0,1,43
AUS,2,1,0,,99,99,1,UNK,0,1,10
AUS,2,1,1,,3,99,1,UNK,0,1,9
AUS,2,1,2,,3,99,1,UNK,0,1,3
AUS,2,1,3,,3,99,1,UNK,0,1,3
AUS,2,1,4,,2,99,1,UNK,0,1,20
AUS,2,1,5,,2,99,1,UNK,0,1,26
AUS,2,1,6,,2,99,1,UNK,0,1,29
AUS,2,1,8,,2,99,1,UNK,0,1,34
AUS,2,1,9,,1,99,1,UNK,0,1,7
AUS,2,2,0,,99,99,1,UNK,0,1,35
AUS,2,2,1,,3,99,1,UNK,0,1,50
AUS,2,2,2,,3,99,1,UNK,0,1,61
AUS,2,2,3,,3,99,1,UNK,0,1,46
AUS,2,2,4,,2,99,1,UNK,0,1,118
AUS,2,2,5,,2,99,1,UNK,0,1,149
AUS,2,2,6,,2,99,1,UNK,0,1,67
AUS,2,2,7,,2,99,1,UNK,0,1,11
AUS,2,2,8,,2,99,1,UNK,0,1,50
AUS,2,2,9,,1,99,1,UNK,0,1,7
AUS,2,3,0,,99,99,1,UNK,0,1,64
AUS,2,3,1,,3,0,1,UNK,0,1,225
AUS,2,3,2,,3,0,1,UNK,0,1,1062
AUS,2,3,3,,3,0,1,UNK,0,1,92
AUS,2,3,4,,2,1,1,UNK,0,1,252
AUS,2,3,5,,2,1,1,UNK,0,1,359
AUS,2,3,6,,2,1,1,UNK,0,1,124
AUS,2,3,7,,2,1,1,UNK,0,1,12
AUS,2,3,8,,2,1,1,UNK,0,1,55
AUS,2,3,9,,1,1,1,UNK,0,1,27
AUS,2,99,0,,99,99,1,UNK,0,1,49
AUS,2,99,1,,3,99,1,UNK,0,1,11
AUS,2,99,2,,3,99,1,UNK,0,1,65
AUS,2,99,3,,3,99,1,UNK,0,1,12
AUS,2,99,4,,2,99,1,UNK,0,1,52
AUS,2,99,5,,2,99,1,UNK,0,1,45
AUS,2,99,6,,2,99,1,UNK,0,1,33
AUS,2,99,8,,2,99,1,UNK,0,1,20
AUS,2,99,9,,1,99,1,UNK,0,1,25
AUS,1,1,0,,99,99,1,UNK,0,99,322
AUS,1,1,1,,3,99,1,UNK,0,99,2000
AUS,1,1,2,,3,99,1,UNK,0,99,222
AUS,1,1,3,,3,99,1,UNK,0,99,1997
AUS,1,1,4,,2,99,1,UNK,0,99,437
AUS,1,1,5,,2,99,1,UNK,0,99,452
AUS,1,1,6,,2,99,1,UNK,0,99,746
AUS,1,1,7,,2,99,1,UNK,0,99,4194
AUS,1,1,8,,2,99,1,UNK,0,99,3696
AUS,1,1,9,,1,99,1,UNK,0,99,494
AUS,1,2,0,,99,99,1,UNK,0,99,634
AUS,1,2,1,,3,99,1,UNK,0,99,4321
AUS,1,2,2,,3,99,1,UNK,0,99,1205
AUS,1,2,3,,3,99,1,UNK,0,99,12002
AUS,1,2,4,,2,99,1,UNK,0,99,1768
AUS,1,2,5,,2,99,1,UNK,0,99,1486
AUS,1,2,6,,2,99,1,UNK,0,99,2107
AUS,1,2,7,,2,99,1,UNK,0,99,5027
AUS,1,2,8,,2,99,1,UNK,0,99,5109
AUS,1,2,9,,1,99,1,UNK,0,99,862
AUS,1,3,0,,99,99,1,UNK,0,99,268
AUS,1,3,1,,3,0,1,UNK,0,99,2680
AUS,1,3,2,,3,0,1,UNK,0,99,4995
AUS,1,3,3,,3,0,1,UNK,0,99,1334
AUS,1,3,4,,2,1,1,UNK,0,99,1075
AUS,1,3,5,,2,1,1,UNK,0,99,953
AUS,1,3,6,,2,1,1,UNK,0,99,678
AUS,1,3,7,,2,1,1,UNK,0,99,647
AUS,1,3,8,,2,1,1,UNK,0,99,657
AUS,1,3,9,,1,1,1,UNK,0,99,237
AUS,1,99,0,,99,99,1,UNK,0,99,356
AUS,1,99,1,,3,99,1,UNK,0,99,1127
AUS,1,99,2,,3,99,1,UNK,0,99,513
AUS,1,99,3,,3,99,1,UNK,0,99,1681
AUS,1,99,4,,2,99,1,UNK,0,99,553
AUS,1,99,5,,2,99,1,UNK,0,99,383
AUS,1,99,6,,2,99,1,UNK,0,99,538
AUS,1,99,7,,2,99,1,UNK,0,99,1748
AUS,1,99,8,,2,99,1,UNK,0,99,1804
AUS,1,99,9,,1,99,1,UNK,0,99,1227
AUS,2,1,0,,99,99,1,UNK,0,99,156
AUS,2,1,1,,3,99,1,UNK,0,99,1169
AUS,2,1,2,,3,99,1,UNK,0,99,319
AUS,2,1,3,,3,99,1,UNK,0,99,517
AUS,2,1,4,,2,99,1,UNK,0,99,1600
AUS,2,1,5,,2,99,1,UNK,0,99,2177
AUS,2,1,6,,2,99,1,UNK,0,99,2168
AUS,2,1,7,,2,99,1,UNK,0,99,424
AUS,2,1,8,,2,99,1,UNK,0,99,3140
AUS,2,1,9,,1,99,1,UNK,0,99,421
AUS,2,2,0,,99,99,1,UNK,0,99,335
AUS,2,2,1,,3,99,1,UNK,0,99,1875
AUS,2,2,2,,3,99,1,UNK,0,99,1411
AUS,2,2,3,,3,99,1,UNK,0,99,2107
AUS,2,2,4,,2,99,1,UNK,0,99,4875
AUS,2,2,5,,2,99,1,UNK,0,99,5041
AUS,2,2,6,,2,99,1,UNK,0,99,3472
AUS,2,2,7,,2,99,1,UNK,0,99,482
AUS,2,2,8,,2,99,1,UNK,0,99,2577
AUS,2,2,9,,1,99,1,UNK,0,99,586
AUS,2,3,0,,99,99,1,UNK,0,99,299
AUS,2,3,1,,3,0,1,UNK,0,99,2245
AUS,2,3,2,,3,0,1,UNK,0,99,9038
AUS,2,3,3,,3,0,1,UNK,0,99,555
AUS,2,3,4,,2,1,1,UNK,0,99,3326
AUS,2,3,5,,2,1,1,UNK,0,99,2997
AUS,2,3,6,,2,1,1,UNK,0,99,1131
AUS,2,3,7,,2,1,1,UNK,0,99,111
AUS,2,3,8,,2,1,1,UNK,0,99,576
AUS,2,3,9,,1,1,1,UNK,0,99,353
AUS,2,99,0,,99,99,1,UNK,0,99,218
AUS,2,99,1,,3,99,1,UNK,0,99,690
AUS,2,99,2,,3,99,1,UNK,0,99,861
AUS,2,99,3,,3,99,1,UNK,0,99,462
AUS,2,99,4,,2,99,1,UNK,0,99,1909
AUS,2,99,5,,2,99,1,UNK,0,99,1605
AUS,2,99,6,,2,99,1,UNK,0,99,1169
AUS,2,99,7,,2,99,1,UNK,0,99,204
AUS,2,99,8,,2,99,1,UNK,0,99,1311
AUS,2,99,9,,1,99,1,UNK,0,99,999
AUT,99,1,3,,3,99,1,AFRI,0,1,93
AUT,99,1,4,,2,99,1,AFRI,0,1,64
AUT,99,1,5,,2,99,1,AFRI,0,1,1601
AUT,99,1,7,,2,99,1,AFRI,0,1,1496
AUT,99,1,8,,2,99,1,AFRI,0,1,1193
AUT,99,1,9,,1,99,1,AFRI,0,1,1715
AUT,99,2,1,,3,99,1,AFRI,0,1,216
AUT,99,2,2,,3,99,1,AFRI,0,1,259
AUT,99,2,3,,3,99,1,AFRI,0,1,907
AUT,99,2,4,,2,99,1,AFRI,0,1,733
AUT,99,2,5,,2,99,1,AFRI,0,1,1106
AUT,99,2,7,,2,99,1,AFRI,0,1,714
AUT,99,2,8,,2,99,1,AFRI,0,1,1102
AUT,99,2,9,,1,99,1,AFRI,0,1,2343
AUT,99,3,1,,3,0,1,AFRI,0,1,693
AUT,99,3,2,,3,0,1,AFRI,0,1,1596
AUT,99,3,3,,3,0,1,AFRI,0,1,477
AUT,99,3,4,,2,1,1,AFRI,0,1,270
AUT,99,3,5,,2,1,1,AFRI,0,1,693
AUT,99,3,8,,2,1,1,AFRI,0,1,497
AUT,99,3,9,,1,1,1,AFRI,0,1,891
AUT,99,1,1,,3,99,1,ASIA,0,1,764
AUT,99,1,2,,3,99,1,ASIA,0,1,176
AUT,99,1,3,,3,99,1,ASIA,0,1,879
AUT,99,1,4,,2,99,1,ASIA,0,1,1165
AUT,99,1,5,,2,99,1,ASIA,0,1,11506
AUT,99,1,6,,2,99,1,ASIA,0,1,112
AUT,99,1,7,,2,99,1,ASIA,0,1,1432
AUT,99,1,8,,2,99,1,ASIA,0,1,1777
AUT,99,1,9,,1,99,1,ASIA,0,1,8052
AUT,99,2,1,,3,99,1,ASIA,0,1,1744
AUT,99,2,2,,3,99,1,ASIA,0,1,553
AUT,99,2,3,,3,99,1,ASIA,0,1,3349
AUT,99,2,4,,2,99,1,ASIA,0,1,4018
AUT,99,2,5,,2,99,1,ASIA,0,1,8396
AUT,99,2,6,,2,99,1,ASIA,0,1,147
AUT,99,2,7,,2,99,1,ASIA,0,1,1327
AUT,99,2,8,,2,99,1,ASIA,0,1,1057
AUT,99,2,9,,1,99,1,ASIA,0,1,4358
AUT,99,3,1,,3,0,1,ASIA,0,1,1628
AUT,99,3,2,,3,0,1,ASIA,0,1,11477
AUT,99,3,3,,3,0,1,ASIA,0,1,3860
AUT,99,3,4,,2,1,1,ASIA,0,1,661
AUT,99,3,5,,2,1,1,ASIA,0,1,3094
AUT,99,3,7,,2,1,1,ASIA,0,1,975
AUT,99,3,8,,2,1,1,ASIA,0,1,512
AUT,99,3,9,,1,1,1,ASIA,0,1,2108
AUT,99,2,3,,3,99,1,ASIA,1,1,19
AUT,99,2,4,,2,99,1,ASIA,1,1,70
AUT,99,2,5,,2,99,1,ASIA,1,1,142
AUT,99,2,7,,2,99,1,ASIA,1,1,22
AUT,99,2,9,,1,99,1,ASIA,1,1,57
AUT,99,3,1,,3,0,1,ASIA,1,1,23
AUT,99,3,2,,3,0,1,ASIA,1,1,781
AUT,99,3,3,,3,0,1,ASIA,1,1,18
AUT,99,3,5,,2,1,1,ASIA,1,1,43
AUT,99,1,1,,3,99,1,EURO,0,1,1041
AUT,99,1,2,,3,99,1,EURO,0,1,216
AUT,99,1,3,,3,99,1,EURO,0,1,2126
AUT,99,1,4,,2,99,1,EURO,0,1,3278
AUT,99,1,5,,2,99,1,EURO,0,1,17618
AUT,99,1,6,,2,99,1,EURO,0,1,720
AUT,99,1,7,,2,99,1,EURO,0,1,8396
AUT,99,1,8,,2,99,1,EURO,0,1,8766
AUT,99,1,9,,1,99,1,EURO,0,1,36643
AUT,99,2,1,,3,99,1,EURO,0,1,2385
AUT,99,2,2,,3,99,1,EURO,0,1,6263
AUT,99,2,3,,3,99,1,EURO,0,1,15930
AUT,99,2,4,,2,99,1,EURO,0,1,7100
AUT,99,2,5,,2,99,1,EURO,0,1,42117
AUT,99,2,6,,2,99,1,EURO,0,1,1852
AUT,99,2,7,,2,99,1,EURO,0,1,43695
AUT,99,2,8,,2,99,1,EURO,0,1,19059
AUT,99,2,9,,1,99,1,EURO,0,1,40611
AUT,99,3,1,,3,0,1,EURO,0,1,3261
AUT,99,3,2,,3,0,1,EURO,0,1,22501
AUT,99,3,3,,3,0,1,EURO,0,1,10464
AUT,99,3,4,,2,1,1,EURO,0,1,5846
AUT,99,3,5,,2,1,1,EURO,0,1,13926
AUT,99,3,6,,2,1,1,EURO,0,1,47
AUT,99,3,7,,2,1,1,EURO,0,1,9662
AUT,99,3,8,,2,1,1,EURO,0,1,3324
AUT,99,3,9,,1,1,1,EURO,0,1,11456
AUT,99,1,1,,3,99,1,EURO,1,0,4839
AUT,99,1,2,,3,99,1,EURO,1,0,6959
AUT,99,1,3,,3,99,1,EURO,1,0,42758
AUT,99,1,4,,2,99,1,EURO,1,0,29744
AUT,99,1,5,,2,99,1,EURO,1,0,98214
AUT,99,1,6,,2,99,1,EURO,1,0,45277
AUT,99,1,7,,2,99,1,EURO,1,0,57960
AUT,99,1,8,,2,99,1,EURO,1,0,30276
AUT,99,1,9,,1,99,1,EURO,1,0,72959
AUT,99,2,1,,3,99,1,EURO,1,0,71918
AUT,99,2,2,,3,99,1,EURO,1,0,113075
AUT,99,2,3,,3,99,1,EURO,1,0,407720
AUT,99,2,4,,2,99,1,EURO,1,0,236057
AUT,99,2,5,,2,99,1,EURO,1,0,415262
AUT,99,2,6,,2,99,1,EURO,1,0,97037
AUT,99,2,7,,2,99,1,EURO,1,0,300006
AUT,99,2,8,,2,99,1,EURO,1,0,132576
AUT,99,2,9,,1,99,1,EURO,1,0,100637
AUT,99,3,1,,3,0,1,EURO,1,0,93328
AUT,99,3,2,,3,0,1,EURO,1,0,483621
AUT,99,3,3,,3,0,1,EURO,1,0,268889
AUT,99,3,4,,2,1,1,EURO,1,0,112283
AUT,99,3,5,,2,1,1,EURO,1,0,77277
AUT,99,3,6,,2,1,1,EURO,1,0,33977
AUT,99,3,7,,2,1,1,EURO,1,0,83492
AUT,99,3,8,,2,1,1,EURO,1,0,10946
AUT,99,3,9,,1,1,1,EURO,1,0,7230
AUT,99,1,1,,3,99,1,EURO,1,1,1329
AUT,99,1,2,,3,99,1,EURO,1,1,716
AUT,99,1,3,,3,99,1,EURO,1,1,2844
AUT,99,1,4,,2,99,1,EURO,1,1,2589
AUT,99,1,5,,2,99,1,EURO,1,1,15122
AUT,99,1,6,,2,99,1,EURO,1,1,712
AUT,99,1,7,,2,99,1,EURO,1,1,10895
AUT,99,1,8,,2,99,1,EURO,1,1,9115
AUT,99,1,9,,1,99,1,EURO,1,1,24423
AUT,99,2,1,,3,99,1,EURO,1,1,4395
AUT,99,2,2,,3,99,1,EURO,1,1,12744
AUT,99,2,3,,3,99,1,EURO,1,1,25986
AUT,99,2,4,,2,99,1,EURO,1,1,13719
AUT,99,2,5,,2,99,1,EURO,1,1,47116
AUT,99,2,6,,2,99,1,EURO,1,1,2015
AUT,99,2,7,,2,99,1,EURO,1,1,30717
AUT,99,2,8,,2,99,1,EURO,1,1,11852
AUT,99,2,9,,1,99,1,EURO,1,1,21115
AUT,99,3,1,,3,0,1,EURO,1,1,11569
AUT,99,3,2,,3,0,1,EURO,1,1,61302
AUT,99,3,3,,3,0,1,EURO,1,1,27203
AUT,99,3,4,,2,1,1,EURO,1,1,7606
AUT,99,3,5,,2,1,1,EURO,1,1,18271
AUT,99,3,6,,2,1,1,EURO,1,1,896
AUT,99,3,7,,2,1,1,EURO,1,1,10738
AUT,99,3,8,,2,1,1,EURO,1,1,850
AUT,99,3,9,,1,1,1,EURO,1,1,6318
AUT,99,1,5,,2,99,1,NOAM,1,1,178
AUT,99,1,7,,2,99,1,NOAM,1,1,63
AUT,99,1,9,,1,99,1,NOAM,1,1,63
AUT,99,2,1,,3,99,1,NOAM,1,1,40
AUT,99,2,2,,3,99,1,NOAM,1,1,338
AUT,99,2,3,,3,99,1,NOAM,1,1,496
AUT,99,2,4,,2,99,1,NOAM,1,1,419
AUT,99,2,5,,2,99,1,NOAM,1,1,410
AUT,99,2,6,,2,99,1,NOAM,1,1,147
AUT,99,2,7,,2,99,1,NOAM,1,1,817
AUT,99,2,8,,2,99,1,NOAM,1,1,24
AUT,99,2,9,,1,99,1,NOAM,1,1,43
AUT,99,3,1,,3,0,1,NOAM,1,1,240
AUT,99,3,2,,3,0,1,NOAM,1,1,2238
AUT,99,3,3,,3,0,1,NOAM,1,1,325
AUT,99,3,4,,2,1,1,NOAM,1,1,773
AUT,99,3,9,,1,1,1,NOAM,1,1,93
AUT,99,1,5,,2,99,1,OCEA,1,1,19
AUT,99,2,2,,3,99,1,OCEA,1,1,177
AUT,99,2,3,,3,99,1,OCEA,1,1,131
AUT,99,2,4,,2,99,1,OCEA,1,1,60
AUT,99,2,5,,2,99,1,OCEA,1,1,206
AUT,99,3,2,,3,0,1,OCEA,1,1,220
AUT,99,3,3,,3,0,1,OCEA,1,1,160
AUT,99,3,4,,2,1,1,OCEA,1,1,87
AUT,99,3,5,,2,1,1,OCEA,1,1,261
AUT,99,1,1,,3,99,1,SCAC,0,1,26
AUT,99,1,2,,3,99,1,SCAC,0,1,21
AUT,99,1,3,,3,99,1,SCAC,0,1,117
AUT,99,1,4,,2,99,1,SCAC,0,1,186
AUT,99,1,5,,2,99,1,SCAC,0,1,419
AUT,99,1,7,,2,99,1,SCAC,0,1,291
AUT,99,1,8,,2,99,1,SCAC,0,1,196
AUT,99,1,9,,1,99,1,SCAC,0,1,566
AUT,99,2,1,,3,99,1,SCAC,0,1,52
AUT,99,2,2,,3,99,1,SCAC,0,1,103
AUT,99,2,3,,3,99,1,SCAC,0,1,1000
AUT,99,2,4,,2,99,1,SCAC,0,1,350
AUT,99,2,5,,2,99,1,SCAC,0,1,1027
AUT,99,2,7,,2,99,1,SCAC,0,1,830
AUT,99,2,8,,2,99,1,SCAC,0,1,74
AUT,99,2,9,,1,99,1,SCAC,0,1,838
AUT,99,3,1,,3,0,1,SCAC,0,1,293
AUT,99,3,2,,3,0,1,SCAC,0,1,824
AUT,99,3,3,,3,0,1,SCAC,0,1,542
AUT,99,3,4,,2,1,1,SCAC,0,1,93
AUT,99,3,5,,2,1,1,SCAC,0,1,214
AUT,99,3,7,,2,1,1,SCAC,0,1,38
AUT,99,3,9,,1,1,1,SCAC,0,1,46
AUT,99,1,1,,3,99,1,SCAC,1,1,187
AUT,99,1,7,,2,99,1,SCAC,1,1,141
AUT,99,1,9,,1,99,1,SCAC,1,1,68
AUT,99,2,3,,3,99,1,SCAC,1,1,40
AUT,99,3,2,,3,0,1,SCAC,1,1,322
AUT,99,3,3,,3,0,1,SCAC,1,1,56
AUT,99,3,5,,2,1,1,SCAC,1,1,128
AUT,99,3,9,,1,1,1,SCAC,1,1,61
BEL,99,1,1,,3,99,1,AFRI,0,1,1221
BEL,99,1,2,,3,99,1,AFRI,0,1,672
BEL,99,1,3,,3,99,1,AFRI,0,1,621
BEL,99,1,4,,2,99,1,AFRI,0,1,3131
BEL,99,1,5,,2,99,1,AFRI,0,1,7514
BEL,99,1,6,,2,99,1,AFRI,0,1,555
BEL,99,1,7,,2,99,1,AFRI,0,1,8464
BEL,99,1,8,,2,99,1,AFRI,0,1,8426
BEL,99,1,9,,1,99,1,AFRI,0,1,32859
BEL,99,2,1,,3,99,1,AFRI,0,1,1578
BEL,99,2,2,,3,99,1,AFRI,0,1,2497
BEL,99,2,3,,3,99,1,AFRI,0,1,2747
BEL,99,2,4,,2,99,1,AFRI,0,1,4802
BEL,99,2,5,,2,99,1,AFRI,0,1,16390
BEL,99,2,6,,2,99,1,AFRI,0,1,224
BEL,99,2,7,,2,99,1,AFRI,0,1,8538
BEL,99,2,8,,2,99,1,AFRI,0,1,5282
BEL,99,2,9,,1,99,1,AFRI,0,1,14593
BEL,99,3,1,,3,0,1,AFRI,0,1,3327
BEL,99,3,2,,3,0,1,AFRI,0,1,14909
BEL,99,3,3,,3,0,1,AFRI,0,1,7407
BEL,99,3,4,,2,1,1,AFRI,0,1,5825
BEL,99,3,5,,2,1,1,AFRI,0,1,8651
BEL,99,3,6,,2,1,1,AFRI,0,1,89
BEL,99,3,7,,2,1,1,AFRI,0,1,2261
BEL,99,3,8,,2,1,1,AFRI,0,1,2487
BEL,99,3,9,,1,1,1,AFRI,0,1,7640
BEL,99,1,1,,3,99,1,ASIA,0,1,2652
BEL,99,1,2,,3,99,1,ASIA,0,1,183
BEL,99,1,3,,3,99,1,ASIA,0,1,109
BEL,99,1,4,,2,99,1,ASIA,0,1,713
BEL,99,1,5,,2,99,1,ASIA,0,1,6986
BEL,99,1,6,,2,99,1,ASIA,0,1,274
BEL,99,1,7,,2,99,1,ASIA,0,1,1633
BEL,99,1,8,,2,99,1,ASIA,0,1,2112
BEL,99,1,9,,1,99,1,ASIA,0,1,8709
BEL,99,2,1,,3,99,1,ASIA,0,1,1577
BEL,99,2,2,,3,99,1,ASIA,0,1,415
BEL,99,2,3,,3,99,1,ASIA,0,1,155
BEL,99,2,4,,2,99,1,ASIA,0,1,1076
BEL,99,2,5,,2,99,1,ASIA,0,1,7096
BEL,99,2,7,,2,99,1,ASIA,0,1,2419
BEL,99,2,8,,2,99,1,ASIA,0,1,2580
BEL,99,2,9,,1,99,1,ASIA,0,1,4658
BEL,99,3,1,,3,0,1,ASIA,0,1,2040
BEL,99,3,2,,3,0,1,ASIA,0,1,8225
BEL,99,3,3,,3,0,1,ASIA,0,1,2599
BEL,99,3,4,,2,1,1,ASIA,0,1,2120
BEL,99,3,5,,2,1,1,ASIA,0,1,1932
BEL,99,3,6,,2,1,1,ASIA,0,1,247
BEL,99,3,7,,2,1,1,ASIA,0,1,558
BEL,99,3,8,,2,1,1,ASIA,0,1,742
BEL,99,3,9,,1,1,1,ASIA,0,1,2175
BEL,99,1,7,,2,99,1,ASIA,1,1,88
BEL,99,2,1,,3,99,1,ASIA,1,1,521
BEL,99,2,3,,3,99,1,ASIA,1,1,54
BEL,99,2,5,,2,99,1,ASIA,1,1,23
BEL,99,2,7,,2,99,1,ASIA,1,1,49
BEL,99,2,9,,1,99,1,ASIA,1,1,44
BEL,99,3,1,,3,0,1,ASIA,1,1,467
BEL,99,3,2,,3,0,1,ASIA,1,1,738
BEL,99,3,3,,3,0,1,ASIA,1,1,375
BEL,99,3,4,,2,1,1,ASIA,1,1,47
BEL,99,1,1,,3,99,1,EURO,0,1,1632
BEL,99,1,3,,3,99,1,EURO,0,1,211
BEL,99,1,4,,2,99,1,EURO,0,1,255
BEL,99,1,5,,2,99,1,EURO,0,1,1302
BEL,99,1,6,,2,99,1,EURO,0,1,162
BEL,99,1,7,,2,99,1,EURO,0,1,6188
BEL,99,1,8,,2,99,1,EURO,0,1,2116
BEL,99,1,9,,1,99,1,EURO,0,1,5796
BEL,99,2,1,,3,99,1,EURO,0,1,2765
BEL,99,2,2,,3,99,1,EURO,0,1,311
BEL,99,2,3,,3,99,1,EURO,0,1,418
BEL,99,2,4,,2,99,1,EURO,0,1,317
BEL,99,2,5,,2,99,1,EURO,0,1,1744
BEL,99,2,6,,2,99,1,EURO,0,1,99
BEL,99,2,7,,2,99,1,EURO,0,1,8096
BEL,99,2,8,,2,99,1,EURO,0,1,4535
BEL,99,2,9,,1,99,1,EURO,0,1,8311
BEL,99,3,1,,3,0,1,EURO,0,1,1614
BEL,99,3,2,,3,0,1,EURO,0,1,5841
BEL,99,3,3,,3,0,1,EURO,0,1,2488
BEL,99,3,4,,2,1,1,EURO,0,1,1564
BEL,99,3,5,,2,1,1,EURO,0,1,629
BEL,99,3,6,,2,1,1,EURO,0,1,25
BEL,99,3,7,,2,1,1,EURO,0,1,1162
BEL,99,3,8,,2,1,1,EURO,0,1,1140
BEL,99,3,9,,1,1,1,EURO,0,1,2730
BEL,99,1,1,,3,99,1,EURO,1,0,25035
BEL,99,1,2,,3,99,1,EURO,1,0,10498
BEL,99,1,3,,3,99,1,EURO,1,0,35534
BEL,99,1,4,,2,99,1,EURO,1,0,45162
BEL,99,1,5,,2,99,1,EURO,1,0,100636
BEL,99,1,6,,2,99,1,EURO,1,0,16897
BEL,99,1,7,,2,99,1,EURO,1,0,88470
BEL,99,1,8,,2,99,1,EURO,1,0,86719
BEL,99,1,9,,1,99,1,EURO,1,0,141139
BEL,99,2,1,,3,99,1,EURO,1,0,88086
BEL,99,2,2,,3,99,1,EURO,1,0,71107
BEL,99,2,3,,3,99,1,EURO,1,0,211765
BEL,99,2,4,,2,99,1,EURO,1,0,220798
BEL,99,2,5,,2,99,1,EURO,1,0,328159
BEL,99,2,6,,2,99,1,EURO,1,0,28046
BEL,99,2,7,,2,99,1,EURO,1,0,268052
BEL,99,2,8,,2,99,1,EURO,1,0,150613
BEL,99,2,9,,1,99,1,EURO,1,0,171110
BEL,99,3,1,,3,0,1,EURO,1,0,211789
BEL,99,3,2,,3,0,1,EURO,1,0,859184
BEL,99,3,3,,3,0,1,EURO,1,0,307947
BEL,99,3,4,,2,1,1,EURO,1,0,173760
BEL,99,3,5,,2,1,1,EURO,1,0,68581
BEL,99,3,6,,2,1,1,EURO,1,0,9000
BEL,99,3,7,,2,1,1,EURO,1,0,32039
BEL,99,3,8,,2,1,1,EURO,1,0,11554
BEL,99,3,9,,1,1,1,EURO,1,0,11825
BEL,99,99,1,,3,99,1,EURO,1,0,34
BEL,99,99,2,,3,99,1,EURO,1,0,62
BEL,99,1,1,,3,99,1,EURO,1,1,5923
BEL,99,1,2,,3,99,1,EURO,1,1,1324
BEL,99,1,3,,3,99,1,EURO,1,1,3610
BEL,99,1,4,,2,99,1,EURO,1,1,3731
BEL,99,1,5,,2,99,1,EURO,1,1,13030
BEL,99,1,6,,2,99,1,EURO,1,1,667
BEL,99,1,7,,2,99,1,EURO,1,1,18102
BEL,99,1,8,,2,99,1,EURO,1,1,10062
BEL,99,1,9,,1,99,1,EURO,1,1,25724
BEL,99,2,1,,3,99,1,EURO,1,1,11222
BEL,99,2,2,,3,99,1,EURO,1,1,7172
BEL,99,2,3,,3,99,1,EURO,1,1,10239
BEL,99,2,4,,2,99,1,EURO,1,1,10348
BEL,99,2,5,,2,99,1,EURO,1,1,23741
BEL,99,2,6,,2,99,1,EURO,1,1,333
BEL,99,2,7,,2,99,1,EURO,1,1,22893
BEL,99,2,8,,2,99,1,EURO,1,1,10551
BEL,99,2,9,,1,99,1,EURO,1,1,24553
BEL,99,3,1,,3,0,1,EURO,1,1,26571
BEL,99,3,2,,3,0,1,EURO,1,1,75272
BEL,99,3,3,,3,0,1,EURO,1,1,22279
BEL,99,3,4,,2,1,1,EURO,1,1,13216
BEL,99,3,5,,2,1,1,EURO,1,1,8009
BEL,99,3,6,,2,1,1,EURO,1,1,507
BEL,99,3,7,,2,1,1,EURO,1,1,3017
BEL,99,3,8,,2,1,1,EURO,1,1,1540
BEL,99,3,9,,1,1,1,EURO,1,1,5057
BEL,99,1,1,,3,99,1,NOAM,1,1,104
BEL,99,1,3,,3,99,1,NOAM,1,1,82
BEL,99,1,4,,2,99,1,NOAM,1,1,194
BEL,99,1,5,,2,99,1,NOAM,1,1,65
BEL,99,1,7,,2,99,1,NOAM,1,1,137
BEL,99,1,8,,2,99,1,NOAM,1,1,82
BEL,99,1,9,,1,99,1,NOAM,1,1,246
BEL,99,2,1,,3,99,1,NOAM,1,1,272
BEL,99,2,2,,3,99,1,NOAM,1,1,429
BEL,99,2,3,,3,99,1,NOAM,1,1,134
BEL,99,2,4,,2,99,1,NOAM,1,1,180
BEL,99,2,5,,2,99,1,NOAM,1,1,372
BEL,99,2,7,,2,99,1,NOAM,1,1,123
BEL,99,2,9,,1,99,1,NOAM,1,1,90
BEL,99,3,1,,3,0,1,NOAM,1,1,1132
BEL,99,3,2,,3,0,1,NOAM,1,1,2357
BEL,99,3,3,,3,0,1,NOAM,1,1,349
BEL,99,3,4,,2,1,1,NOAM,1,1,288
BEL,99,3,5,,2,1,1,NOAM,1,1,418
BEL,99,3,6,,2,1,1,NOAM,1,1,65
BEL,99,1,7,,2,99,1,OCEA,0,1,17
BEL,99,2,2,,3,99,1,OCEA,1,1,73
BEL,99,2,5,,2,99,1,OCEA,1,1,96
BEL,99,3,1,,3,0,1,OCEA,1,1,129
BEL,99,3,2,,3,0,1,OCEA,1,1,329
BEL,99,3,3,,3,0,1,OCEA,1,1,141
BEL,99,3,5,,2,1,1,OCEA,1,1,93
BEL,99,1,1,,3,99,1,SCAC,0,1,280
BEL,99,1,2,,3,99,1,SCAC,0,1,129
BEL,99,1,3,,3,99,1,SCAC,0,1,298
BEL,99,1,4,,2,99,1,SCAC,0,1,249
BEL,99,1,5,,2,99,1,SCAC,0,1,816
BEL,99,1,7,,2,99,1,SCAC,0,1,592
BEL,99,1,8,,2,99,1,SCAC,0,1,916
BEL,99,1,9,,1,99,1,SCAC,0,1,2263
BEL,99,2,1,,3,99,1,SCAC,0,1,384
BEL,99,2,2,,3,99,1,SCAC,0,1,367
BEL,99,2,3,,3,99,1,SCAC,0,1,828
BEL,99,2,4,,2,99,1,SCAC,0,1,355
BEL,99,2,5,,2,99,1,SCAC,0,1,2413
BEL,99,2,6,,2,99,1,SCAC,0,1,54
BEL,99,2,7,,2,99,1,SCAC,0,1,1258
BEL,99,2,8,,2,99,1,SCAC,0,1,220
BEL,99,2,9,,1,99,1,SCAC,0,1,3316
BEL,99,3,1,,3,0,1,SCAC,0,1,1265
BEL,99,3,2,,3,0,1,SCAC,0,1,2677
BEL,99,3,3,,3,0,1,SCAC,0,1,1087
BEL,99,3,4,,2,1,1,SCAC,0,1,784
BEL,99,3,5,,2,1,1,SCAC,0,1,979
BEL,99,3,7,,2,1,1,SCAC,0,1,60
BEL,99,3,8,,2,1,1,SCAC,0,1,126
BEL,99,3,9,,1,1,1,SCAC,0,1,1132
BEL,99,1,4,,2,99,1,SCAC,1,1,89
BEL,99,1,5,,2,99,1,SCAC,1,1,121
BEL,99,1,7,,2,99,1,SCAC,1,1,212
BEL,99,1,9,,1,99,1,SCAC,1,1,202
BEL,99,2,1,,3,99,1,SCAC,1,1,27
BEL,99,2,3,,3,99,1,SCAC,1,1,171
BEL,99,2,4,,2,99,1,SCAC,1,1,166
BEL,99,2,5,,2,99,1,SCAC,1,1,146
BEL,99,2,7,,2,99,1,SCAC,1,1,167
BEL,99,2,8,,2,99,1,SCAC,1,1,159
BEL,99,2,9,,1,99,1,SCAC,1,1,305
BEL,99,3,1,,3,0,1,SCAC,1,1,98
BEL,99,3,2,,3,0,1,SCAC,1,1,822
BEL,99,3,3,,3,0,1,SCAC,1,1,288
BEL,99,3,4,,2,1,1,SCAC,1,1,10
BEL,99,3,5,,2,1,1,SCAC,1,1,34
BEL,99,3,9,,1,1,1,SCAC,1,1,216
CAN,1,1,1,,3,99,1,AFRI,0,1,625
CAN,1,1,2,,3,99,1,AFRI,0,1,230
CAN,1,1,3,,3,99,1,AFRI,0,1,990
CAN,1,1,4,,2,99,1,AFRI,0,1,385
CAN,1,1,5,,2,99,1,AFRI,0,1,2650
CAN,1,1,6,,2,99,1,AFRI,0,1,20
CAN,1,1,7,,2,99,1,AFRI,0,1,2750
CAN,1,1,8,,2,99,1,AFRI,0,1,2285
CAN,1,1,9,,1,99,1,AFRI,0,1,1700
CAN,1,2,0,,99,99,1,AFRI,0,1,95
CAN,1,2,1,,3,99,1,AFRI,0,1,2940
CAN,1,2,2,,3,99,1,AFRI,0,1,2310
CAN,1,2,3,,3,99,1,AFRI,0,1,5740
CAN,1,2,4,,2,99,1,AFRI,0,1,2220
CAN,1,2,5,,2,99,1,AFRI,0,1,7775
CAN,1,2,6,,2,99,1,AFRI,0,1,60
CAN,1,2,7,,2,99,1,AFRI,0,1,6155
CAN,1,2,8,,2,99,1,AFRI,0,1,7460
CAN,1,2,9,,1,99,1,AFRI,0,1,3020
CAN,1,3,0,,99,99,1,AFRI,0,1,220
CAN,1,3,1,,3,0,1,AFRI,0,1,18930
CAN,1,3,2,,3,0,1,AFRI,0,1,58625
CAN,1,3,3,,3,0,1,AFRI,0,1,30050
CAN,1,3,4,,2,1,1,AFRI,0,1,8185
CAN,1,3,5,,2,1,1,AFRI,0,1,15165
CAN,1,3,6,,2,1,1,AFRI,0,1,120
CAN,1,3,7,,2,1,1,AFRI,0,1,19040
CAN,1,3,8,,2,1,1,AFRI,0,1,12590
CAN,1,3,9,,1,1,1,AFRI,0,1,4825
CAN,2,1,1,,3,99,1,AFRI,0,1,275
CAN,2,1,2,,3,99,1,AFRI,0,1,730
CAN,2,1,3,,3,99,1,AFRI,0,1,725
CAN,2,1,4,,2,99,1,AFRI,0,1,435
CAN,2,1,5,,2,99,1,AFRI,0,1,3980
CAN,2,1,7,,2,99,1,AFRI,0,1,740
CAN,2,1,8,,2,99,1,AFRI,0,1,620
CAN,2,1,9,,1,99,1,AFRI,0,1,2685
CAN,2,2,1,,3,99,1,AFRI,0,1,1335
CAN,2,2,2,,3,99,1,AFRI,0,1,2925
CAN,2,2,3,,3,99,1,AFRI,0,1,4700
CAN,2,2,4,,2,99,1,AFRI,0,1,2890
CAN,2,2,5,,2,99,1,AFRI,0,1,10670
CAN,2,2,7,,2,99,1,AFRI,0,1,1045
CAN,2,2,8,,2,99,1,AFRI,0,1,990
CAN,2,2,9,,1,99,1,AFRI,0,1,2860
CAN,2,3,0,,99,99,1,AFRI,0,1,30
CAN,2,3,1,,3,0,1,AFRI,0,1,8395
CAN,2,3,2,,3,0,1,AFRI,0,1,49050
CAN,2,3,3,,3,0,1,AFRI,0,1,30065
CAN,2,3,4,,2,1,1,AFRI,0,1,10530
CAN,2,3,5,,2,1,1,AFRI,0,1,25000
CAN,2,3,6,,2,1,1,AFRI,0,1,30
CAN,2,3,7,,2,1,1,AFRI,0,1,1865
CAN,2,3,8,,2,1,1,AFRI,0,1,1280
CAN,2,3,9,,1,1,1,AFRI,0,1,3180
CAN,1,1,0,,99,99,1,ASIA,0,1,45
CAN,1,1,1,,3,99,1,ASIA,0,1,7435
CAN,1,1,2,,3,99,1,ASIA,0,1,1365
CAN,1,1,3,,3,99,1,ASIA,0,1,11935
CAN,1,1,4,,2,99,1,ASIA,0,1,1580
CAN,1,1,5,,2,99,1,ASIA,0,1,24740
CAN,1,1,6,,2,99,1,ASIA,0,1,495
CAN,1,1,7,,2,99,1,ASIA,0,1,33320
CAN,1,1,8,,2,99,1,ASIA,0,1,21830
CAN,1,1,9,,1,99,1,ASIA,0,1,9375
CAN,1,2,0,,99,99,1,ASIA,0,1,195
CAN,1,2,1,,3,99,1,ASIA,0,1,20985
CAN,1,2,2,,3,99,1,ASIA,0,1,11095
CAN,1,2,3,,3,99,1,ASIA,0,1,31810
CAN,1,2,4,,2,99,1,ASIA,0,1,9290
CAN,1,2,5,,2,99,1,ASIA,0,1,52610
CAN,1,2,6,,2,99,1,ASIA,0,1,485
CAN,1,2,7,,2,99,1,ASIA,0,1,51705
CAN,1,2,8,,2,99,1,ASIA,0,1,47620
CAN,1,2,9,,1,99,1,ASIA,0,1,14855
CAN,1,3,0,,99,99,1,ASIA,0,1,865
CAN,1,3,1,,3,0,1,ASIA,0,1,91210
CAN,1,3,2,,3,0,1,ASIA,0,1,236355
CAN,1,3,3,,3,0,1,ASIA,0,1,124650
CAN,1,3,4,,2,1,1,ASIA,0,1,30460
CAN,1,3,5,,2,1,1,ASIA,0,1,78840
CAN,1,3,6,,2,1,1,ASIA,0,1,585
CAN,1,3,7,,2,1,1,ASIA,0,1,94420
CAN,1,3,8,,2,1,1,ASIA,0,1,54385
CAN,1,3,9,,1,1,1,ASIA,0,1,16900
CAN,2,1,1,,3,99,1,ASIA,0,1,3645
CAN,2,1,2,,3,99,1,ASIA,0,1,1355
CAN,2,1,3,,3,99,1,ASIA,0,1,9250
CAN,2,1,4,,2,99,1,ASIA,0,1,2625
CAN,2,1,5,,2,99,1,ASIA,0,1,32820
CAN,2,1,6,,2,99,1,ASIA,0,1,170
CAN,2,1,7,,2,99,1,ASIA,0,1,14635
CAN,2,1,8,,2,99,1,ASIA,0,1,6705
CAN,2,1,9,,1,99,1,ASIA,0,1,14065
CAN,2,2,0,,99,99,1,ASIA,0,1,60
CAN,2,2,1,,3,99,1,ASIA,0,1,12150
CAN,2,2,2,,3,99,1,ASIA,0,1,10540
CAN,2,2,3,,3,99,1,ASIA,0,1,32070
CAN,2,2,4,,2,99,1,ASIA,0,1,16175
CAN,2,2,5,,2,99,1,ASIA,0,1,81460
CAN,2,2,6,,2,99,1,ASIA,0,1,175
CAN,2,2,7,,2,99,1,ASIA,0,1,17765
CAN,2,2,8,,2,99,1,ASIA,0,1,10510
CAN,2,2,9,,1,99,1,ASIA,0,1,20345
CAN,2,3,0,,99,99,1,ASIA,0,1,90
CAN,2,3,1,,3,0,1,ASIA,0,1,54130
CAN,2,3,2,,3,0,1,ASIA,0,1,206915
CAN,2,3,3,,3,0,1,ASIA,0,1,160590
CAN,2,3,4,,2,1,1,ASIA,0,1,62435
CAN,2,3,5,,2,1,1,ASIA,0,1,166420
CAN,2,3,6,,2,1,1,ASIA,0,1,120
CAN,2,3,7,,2,1,1,ASIA,0,1,17950
CAN,2,3,8,,2,1,1,ASIA,0,1,10755
CAN,2,3,9,,1,1,1,ASIA,0,1,22390
CAN,1,1,1,,3,99,1,ASIA,1,1,275
CAN,1,1,2,,3,99,1,ASIA,1,1,80
CAN,1,1,3,,3,99,1,ASIA,1,1,245
CAN,1,1,4,,2,99,1,ASIA,1,1,55
CAN,1,1,5,,2,99,1,ASIA,1,1,615
CAN,1,1,7,,2,99,1,ASIA,1,1,335
CAN,1,1,8,,2,99,1,ASIA,1,1,150
CAN,1,1,9,,1,99,1,ASIA,1,1,115
CAN,1,2,0,,99,99,1,ASIA,1,1,75
CAN,1,2,1,,3,99,1,ASIA,1,1,2285
CAN,1,2,2,,3,99,1,ASIA,1,1,900
CAN,1,2,3,,3,99,1,ASIA,1,1,2075
CAN,1,2,4,,2,99,1,ASIA,1,1,345
CAN,1,2,5,,2,99,1,ASIA,1,1,3285
CAN,1,2,6,,2,99,1,ASIA,1,1,50
CAN,1,2,7,,2,99,1,ASIA,1,1,1445
CAN,1,2,8,,2,99,1,ASIA,1,1,760
CAN,1,2,9,,1,99,1,ASIA,1,1,320
CAN,1,3,0,,99,99,1,ASIA,1,1,115
CAN,1,3,1,,3,0,1,ASIA,1,1,8120
CAN,1,3,2,,3,0,1,ASIA,1,1,12525
CAN,1,3,3,,3,0,1,ASIA,1,1,7160
CAN,1,3,4,,2,1,1,ASIA,1,1,1255
CAN,1,3,5,,2,1,1,ASIA,1,1,4545
CAN,1,3,6,,2,1,1,ASIA,1,1,70
CAN,1,3,7,,2,1,1,ASIA,1,1,3935
CAN,1,3,8,,2,1,1,ASIA,1,1,1560
CAN,1,3,9,,1,1,1,ASIA,1,1,520
CAN,2,1,1,,3,99,1,ASIA,1,1,135
CAN,2,1,2,,3,99,1,ASIA,1,1,75
CAN,2,1,3,,3,99,1,ASIA,1,1,260
CAN,2,1,4,,2,99,1,ASIA,1,1,65
CAN,2,1,5,,2,99,1,ASIA,1,1,795
CAN,2,1,7,,2,99,1,ASIA,1,1,70
CAN,2,1,8,,2,99,1,ASIA,1,1,35
CAN,2,1,9,,1,99,1,ASIA,1,1,85
CAN,2,2,0,,99,99,1,ASIA,1,1,10
CAN,2,2,1,,3,99,1,ASIA,1,1,1790
CAN,2,2,2,,3,99,1,ASIA,1,1,875
CAN,2,2,3,,3,99,1,ASIA,1,1,1820
CAN,2,2,4,,2,99,1,ASIA,1,1,535
CAN,2,2,5,,2,99,1,ASIA,1,1,5350
CAN,2,2,6,,2,99,1,ASIA,1,1,10
CAN,2,2,7,,2,99,1,ASIA,1,1,425
CAN,2,2,8,,2,99,1,ASIA,1,1,215
CAN,2,2,9,,1,99,1,ASIA,1,1,400
CAN,2,3,0,,99,99,1,ASIA,1,1,10
CAN,2,3,1,,3,0,1,ASIA,1,1,5655
CAN,2,3,2,,3,0,1,ASIA,1,1,13845
CAN,2,3,3,,3,0,1,ASIA,1,1,9395
CAN,2,3,4,,2,1,1,ASIA,1,1,2590
CAN,2,3,5,,2,1,1,ASIA,1,1,10305
CAN,2,3,7,,2,1,1,ASIA,1,1,810
CAN,2,3,8,,2,1,1,ASIA,1,1,440
CAN,2,3,9,,1,1,1,ASIA,1,1,560
CAN,1,1,0,,99,99,1,EURO,0,1,10
CAN,1,1,1,,3,99,1,EURO,0,1,410
CAN,1,1,2,,3,99,1,EURO,0,1,130
CAN,1,1,3,,3,99,1,EURO,0,1,475
CAN,1,1,4,,2,99,1,EURO,0,1,130
CAN,1,1,5,,2,99,1,EURO,0,1,1040
CAN,1,1,7,,2,99,1,EURO,0,1,2535
CAN,1,1,8,,2,99,1,EURO,0,1,970
CAN,1,1,9,,1,99,1,EURO,0,1,400
CAN,1,2,0,,99,99,1,EURO,0,1,85
CAN,1,2,1,,3,99,1,EURO,0,1,2120
CAN,1,2,2,,3,99,1,EURO,0,1,1620
CAN,1,2,3,,3,99,1,EURO,0,1,3545
CAN,1,2,4,,2,99,1,EURO,0,1,860
CAN,1,2,5,,2,99,1,EURO,0,1,3955
CAN,1,2,6,,2,99,1,EURO,0,1,50
CAN,1,2,7,,2,99,1,EURO,0,1,9720
CAN,1,2,8,,2,99,1,EURO,0,1,4840
CAN,1,2,9,,1,99,1,EURO,0,1,1065
CAN,1,3,0,,99,99,1,EURO,0,1,175
CAN,1,3,1,,3,0,1,EURO,0,1,11895
CAN,1,3,2,,3,0,1,EURO,0,1,38120
CAN,1,3,3,,3,0,1,EURO,0,1,17155
CAN,1,3,4,,2,1,1,EURO,0,1,2440
CAN,1,3,5,,2,1,1,EURO,0,1,6580
CAN,1,3,6,,2,1,1,EURO,0,1,145
CAN,1,3,7,,2,1,1,EURO,0,1,23770
CAN,1,3,8,,2,1,1,EURO,0,1,8725
CAN,1,3,9,,1,1,1,EURO,0,1,1545
CAN,2,1,1,,3,99,1,EURO,0,1,205
CAN,2,1,2,,3,99,1,EURO,0,1,155
CAN,2,1,3,,3,99,1,EURO,0,1,570
CAN,2,1,4,,2,99,1,EURO,0,1,185
CAN,2,1,5,,2,99,1,EURO,0,1,1770
CAN,2,1,6,,2,99,1,EURO,0,1,10
CAN,2,1,7,,2,99,1,EURO,0,1,455
CAN,2,1,8,,2,99,1,EURO,0,1,190
CAN,2,1,9,,1,99,1,EURO,0,1,735
CAN,2,2,1,,3,99,1,EURO,0,1,1350
CAN,2,2,2,,3,99,1,EURO,0,1,1455
CAN,2,2,3,,3,99,1,EURO,0,1,4105
CAN,2,2,4,,2,99,1,EURO,0,1,1770
CAN,2,2,5,,2,99,1,EURO,0,1,7035
CAN,2,2,6,,2,99,1,EURO,0,1,10
CAN,2,2,7,,2,99,1,EURO,0,1,1755
CAN,2,2,8,,2,99,1,EURO,0,1,695
CAN,2,2,9,,1,99,1,EURO,0,1,2250
CAN,2,3,0,,99,99,1,EURO,0,1,55
CAN,2,3,1,,3,0,1,EURO,0,1,9695
CAN,2,3,2,,3,0,1,EURO,0,1,42260
CAN,2,3,3,,3,0,1,EURO,0,1,30095
CAN,2,3,4,,2,1,1,EURO,0,1,8545
CAN,2,3,5,,2,1,1,EURO,0,1,15210
CAN,2,3,6,,2,1,1,EURO,0,1,30
CAN,2,3,7,,2,1,1,EURO,0,1,2735
CAN,2,3,8,,2,1,1,EURO,0,1,925
CAN,2,3,9,,1,1,1,EURO,0,1,2890
CAN,1,1,0,,99,99,1,EURO,1,1,70
CAN,1,1,1,,3,99,1,EURO,1,1,5800
CAN,1,1,2,,3,99,1,EURO,1,1,1060
CAN,1,1,3,,3,99,1,EURO,1,1,4740
CAN,1,1,4,,2,99,1,EURO,1,1,800
CAN,1,1,5,,2,99,1,EURO,1,1,7690
CAN,1,1,6,,2,99,1,EURO,1,1,350
CAN,1,1,7,,2,99,1,EURO,1,1,19880
CAN,1,1,8,,2,99,1,EURO,1,1,7055
CAN,1,1,9,,1,99,1,EURO,1,1,2580
CAN,1,2,0,,99,99,1,EURO,1,1,705
CAN,1,2,1,,3,99,1,EURO,1,1,14135
CAN,1,2,2,,3,99,1,EURO,1,1,7310
CAN,1,2,3,,3,99,1,EURO,1,1,15050
CAN,1,2,4,,2,99,1,EURO,1,1,3545
CAN,1,2,5,,2,99,1,EURO,1,1,12710
CAN,1,2,6,,2,99,1,EURO,1,1,460
CAN,1,2,7,,2,99,1,EURO,1,1,23640
CAN,1,2,8,,2,99,1,EURO,1,1,12040
CAN,1,2,9,,1,99,1,EURO,1,1,3290
CAN,1,3,0,,99,99,1,EURO,1,1,1090
CAN,1,3,1,,3,0,1,EURO,1,1,53930
CAN,1,3,2,,3,0,1,EURO,1,1,93800
CAN,1,3,3,,3,0,1,EURO,1,1,50010
CAN,1,3,4,,2,1,1,EURO,1,1,6680
CAN,1,3,5,,2,1,1,EURO,1,1,21260
CAN,1,3,6,,2,1,1,EURO,1,1,855
CAN,1,3,7,,2,1,1,EURO,1,1,58765
CAN,1,3,8,,2,1,1,EURO,1,1,12935
CAN,1,3,9,,1,1,1,EURO,1,1,2990
CAN,2,1,0,,99,99,1,EURO,1,1,10
CAN,2,1,1,,3,99,1,EURO,1,1,2420
CAN,2,1,2,,3,99,1,EURO,1,1,760
CAN,2,1,3,,3,99,1,EURO,1,1,4425
CAN,2,1,4,,2,99,1,EURO,1,1,1785
CAN,2,1,5,,2,99,1,EURO,1,1,10595
CAN,2,1,6,,2,99,1,EURO,1,1,60
CAN,2,1,7,,2,99,1,EURO,1,1,3485
CAN,2,1,8,,2,99,1,EURO,1,1,1280
CAN,2,1,9,,1,99,1,EURO,1,1,5695
CAN,2,2,0,,99,99,1,EURO,1,1,130
CAN,2,2,1,,3,99,1,EURO,1,1,9215
CAN,2,2,2,,3,99,1,EURO,1,1,6415
CAN,2,2,3,,3,99,1,EURO,1,1,24060
CAN,2,2,4,,2,99,1,EURO,1,1,10275
CAN,2,2,5,,2,99,1,EURO,1,1,22135
CAN,2,2,6,,2,99,1,EURO,1,1,85
CAN,2,2,7,,2,99,1,EURO,1,1,3595
CAN,2,2,8,,2,99,1,EURO,1,1,1935
CAN,2,2,9,,1,99,1,EURO,1,1,5580
CAN,2,3,0,,99,99,1,EURO,1,1,250
CAN,2,3,1,,3,0,1,EURO,1,1,29450
CAN,2,3,2,,3,0,1,EURO,1,1,88345
CAN,2,3,3,,3,0,1,EURO,1,1,66545
CAN,2,3,4,,2,1,1,EURO,1,1,16640
CAN,2,3,5,,2,1,1,EURO,1,1,37060
CAN,2,3,6,,2,1,1,EURO,1,1,255
CAN,2,3,7,,2,1,1,EURO,1,1,4575
CAN,2,3,8,,2,1,1,EURO,1,1,1980
CAN,2,3,9,,1,1,1,EURO,1,1,4255
CAN,1,1,0,,99,99,1,NOAM,1,0,2620
CAN,1,1,1,,3,99,1,NOAM,1,0,75070
CAN,1,1,2,,3,99,1,NOAM,1,0,13055
CAN,1,1,3,,3,99,1,NOAM,1,0,72485
CAN,1,1,4,,2,99,1,NOAM,1,0,20775
CAN,1,1,5,,2,99,1,NOAM,1,0,176840
CAN,1,1,6,,2,99,1,NOAM,1,0,12720
CAN,1,1,7,,2,99,1,NOAM,1,0,218155
CAN,1,1,8,,2,99,1,NOAM,1,0,159785
CAN,1,1,9,,1,99,1,NOAM,1,0,74050
CAN,1,2,0,,99,99,1,NOAM,1,0,19420
CAN,1,2,1,,3,99,1,NOAM,1,0,225900
CAN,1,2,2,,3,99,1,NOAM,1,0,105255
CAN,1,2,3,,3,99,1,NOAM,1,0,280615
CAN,1,2,4,,2,99,1,NOAM,1,0,83510
CAN,1,2,5,,2,99,1,NOAM,1,0,332335
CAN,1,2,6,,2,99,1,NOAM,1,0,14225
CAN,1,2,7,,2,99,1,NOAM,1,0,422140
CAN,1,2,8,,2,99,1,NOAM,1,0,247660
CAN,1,2,9,,1,99,1,NOAM,1,0,114610
CAN,1,3,0,,99,99,1,NOAM,1,0,23975
CAN,1,3,1,,3,0,1,NOAM,1,0,576360
CAN,1,3,2,,3,0,1,NOAM,1,0,992730
CAN,1,3,3,,3,0,1,NOAM,1,0,723240
CAN,1,3,4,,2,1,1,NOAM,1,0,112195
CAN,1,3,5,,2,1,1,NOAM,1,0,300715
CAN,1,3,6,,2,1,1,NOAM,1,0,17740
CAN,1,3,7,,2,1,1,NOAM,1,0,895935
CAN,1,3,8,,2,1,1,NOAM,1,0,209930
CAN,1,3,9,,1,1,1,NOAM,1,0,71790
CAN,2,1,0,,99,99,1,NOAM,1,0,185
CAN,2,1,1,,3,99,1,NOAM,1,0,31440
CAN,2,1,2,,3,99,1,NOAM,1,0,17215
CAN,2,1,3,,3,99,1,NOAM,1,0,67500
CAN,2,1,4,,2,99,1,NOAM,1,0,35340
CAN,2,1,5,,2,99,1,NOAM,1,0,256580
CAN,2,1,6,,2,99,1,NOAM,1,0,1190
CAN,2,1,7,,2,99,1,NOAM,1,0,28210
CAN,2,1,8,,2,99,1,NOAM,1,0,20450
CAN,2,1,9,,1,99,1,NOAM,1,0,52755
CAN,2,2,0,,99,99,1,NOAM,1,0,2370
CAN,2,2,1,,3,99,1,NOAM,1,0,138850
CAN,2,2,2,,3,99,1,NOAM,1,0,111855
CAN,2,2,3,,3,99,1,NOAM,1,0,401855
CAN,2,2,4,,2,99,1,NOAM,1,0,194820
CAN,2,2,5,,2,99,1,NOAM,1,0,544725
CAN,2,2,6,,2,99,1,NOAM,1,0,2135
CAN,2,2,7,,2,99,1,NOAM,1,0,62460
CAN,2,2,8,,2,99,1,NOAM,1,0,42110
CAN,2,2,9,,1,99,1,NOAM,1,0,80995
CAN,2,3,0,,99,99,1,NOAM,1,0,5450
CAN,2,3,1,,3,0,1,NOAM,1,0,393480
CAN,2,3,2,,3,0,1,NOAM,1,0,1448285
CAN,2,3,3,,3,0,1,NOAM,1,0,1173275
CAN,2,3,4,,2,1,1,NOAM,1,0,297815
CAN,2,3,5,,2,1,1,NOAM,1,0,641970
CAN,2,3,6,,2,1,1,NOAM,1,0,3570
CAN,2,3,7,,2,1,1,NOAM,1,0,69085
CAN,2,3,8,,2,1,1,NOAM,1,0,34365
CAN,2,3,9,,1,1,1,NOAM,1,0,53895
CAN,1,1,0,,99,99,1,NOAM,1,1,10
CAN,1,1,1,,3,99,1,NOAM,1,1,580
CAN,1,1,2,,3,99,1,NOAM,1,1,180
CAN,1,1,3,,3,99,1,NOAM,1,1,510
CAN,1,1,4,,2,99,1,NOAM,1,1,110
CAN,1,1,5,,2,99,1,NOAM,1,1,1360
CAN,1,1,6,,2,99,1,NOAM,1,1,65
CAN,1,1,7,,2,99,1,NOAM,1,1,1150
CAN,1,1,8,,2,99,1,NOAM,1,1,770
CAN,1,1,9,,1,99,1,NOAM,1,1,400
CAN,1,2,0,,99,99,1,NOAM,1,1,90
CAN,1,2,1,,3,99,1,NOAM,1,1,2545
CAN,1,2,2,,3,99,1,NOAM,1,1,2285
CAN,1,2,3,,3,99,1,NOAM,1,1,3300
CAN,1,2,4,,2,99,1,NOAM,1,1,910
CAN,1,2,5,,2,99,1,NOAM,1,1,3455
CAN,1,2,6,,2,99,1,NOAM,1,1,135
CAN,1,2,7,,2,99,1,NOAM,1,1,3500
CAN,1,2,8,,2,99,1,NOAM,1,1,1930
CAN,1,2,9,,1,99,1,NOAM,1,1,850
CAN,1,3,0,,99,99,1,NOAM,1,1,185
CAN,1,3,1,,3,0,1,NOAM,1,1,9490
CAN,1,3,2,,3,0,1,NOAM,1,1,24780
CAN,1,3,3,,3,0,1,NOAM,1,1,8480
CAN,1,3,4,,2,1,1,NOAM,1,1,1325
CAN,1,3,5,,2,1,1,NOAM,1,1,3455
CAN,1,3,6,,2,1,1,NOAM,1,1,215
CAN,1,3,7,,2,1,1,NOAM,1,1,6015
CAN,1,3,8,,2,1,1,NOAM,1,1,1880
CAN,1,3,9,,1,1,1,NOAM,1,1,510
CAN,2,1,1,,3,99,1,NOAM,1,1,255
CAN,2,1,2,,3,99,1,NOAM,1,1,150
CAN,2,1,3,,3,99,1,NOAM,1,1,565
CAN,2,1,4,,2,99,1,NOAM,1,1,240
CAN,2,1,5,,2,99,1,NOAM,1,1,1725
CAN,2,1,7,,2,99,1,NOAM,1,1,130
CAN,2,1,8,,2,99,1,NOAM,1,1,105
CAN,2,1,9,,1,99,1,NOAM,1,1,355
CAN,2,2,0,,99,99,1,NOAM,1,1,15
CAN,2,2,1,,3,99,1,NOAM,1,1,2015
CAN,2,2,2,,3,99,1,NOAM,1,1,1825
CAN,2,2,3,,3,99,1,NOAM,1,1,4920
CAN,2,2,4,,2,99,1,NOAM,1,1,2170
CAN,2,2,5,,2,99,1,NOAM,1,1,5730
CAN,2,2,6,,2,99,1,NOAM,1,1,20
CAN,2,2,7,,2,99,1,NOAM,1,1,590
CAN,2,2,8,,2,99,1,NOAM,1,1,405
CAN,2,2,9,,1,99,1,NOAM,1,1,815
CAN,2,3,0,,99,99,1,NOAM,1,1,30
CAN,2,3,1,,3,0,1,NOAM,1,1,7250
CAN,2,3,2,,3,0,1,NOAM,1,1,26935
CAN,2,3,3,,3,0,1,NOAM,1,1,14525
CAN,2,3,4,,2,1,1,NOAM,1,1,3370
CAN,2,3,5,,2,1,1,NOAM,1,1,7375
CAN,2,3,6,,2,1,1,NOAM,1,1,35
CAN,2,3,7,,2,1,1,NOAM,1,1,685
CAN,2,3,8,,2,1,1,NOAM,1,1,405
CAN,2,3,9,,1,1,1,NOAM,1,1,585
CAN,1,1,1,,3,99,1,OCEA,0,1,70
CAN,1,1,3,,3,99,1,OCEA,0,1,105
CAN,1,1,4,,2,99,1,OCEA,0,1,20
CAN,1,1,5,,2,99,1,OCEA,0,1,240
CAN,1,1,7,,2,99,1,OCEA,0,1,275
CAN,1,1,8,,2,99,1,OCEA,0,1,325
CAN,1,1,9,,1,99,1,OCEA,0,1,100
CAN,1,2,0,,99,99,1,OCEA,0,1,10
CAN,1,2,1,,3,99,1,OCEA,0,1,300
CAN,1,2,2,,3,99,1,OCEA,0,1,100
CAN,1,2,3,,3,99,1,OCEA,0,1,465
CAN,1,2,4,,2,99,1,OCEA,0,1,90
CAN,1,2,5,,2,99,1,OCEA,0,1,505
CAN,1,2,6,,2,99,1,OCEA,0,1,30
CAN,1,2,7,,2,99,1,OCEA,0,1,680
CAN,1,2,8,,2,99,1,OCEA,0,1,760
CAN,1,2,9,,1,99,1,OCEA,0,1,160
CAN,1,3,1,,3,0,1,OCEA,0,1,615
CAN,1,3,2,,3,0,1,OCEA,0,1,575
CAN,1,3,3,,3,0,1,OCEA,0,1,725
CAN,1,3,4,,2,1,1,OCEA,0,1,165
CAN,1,3,5,,2,1,1,OCEA,0,1,370
CAN,1,3,7,,2,1,1,OCEA,0,1,1095
CAN,1,3,8,,2,1,1,OCEA,0,1,395
CAN,1,3,9,,1,1,1,OCEA,0,1,75
CAN,2,1,1,,3,99,1,OCEA,0,1,65
CAN,2,1,2,,3,99,1,OCEA,0,1,20
CAN,2,1,3,,3,99,1,OCEA,0,1,55
CAN,2,1,4,,2,99,1,OCEA,0,1,45
CAN,2,1,5,,2,99,1,OCEA,0,1,350
CAN,2,1,7,,2,99,1,OCEA,0,1,40
CAN,2,1,8,,2,99,1,OCEA,0,1,65
CAN,2,1,9,,1,99,1,OCEA,0,1,265
CAN,2,2,1,,3,99,1,OCEA,0,1,210
CAN,2,2,2,,3,99,1,OCEA,0,1,85
CAN,2,2,3,,3,99,1,OCEA,0,1,550
CAN,2,2,4,,2,99,1,OCEA,0,1,485
CAN,2,2,5,,2,99,1,OCEA,0,1,1275
CAN,2,2,7,,2,99,1,OCEA,0,1,120
CAN,2,2,8,,2,99,1,OCEA,0,1,95
CAN,2,2,9,,1,99,1,OCEA,0,1,320
CAN,2,3,1,,3,0,1,OCEA,0,1,325
CAN,2,3,2,,3,0,1,OCEA,0,1,770
CAN,2,3,3,,3,0,1,OCEA,0,1,1185
CAN,2,3,4,,2,1,1,OCEA,0,1,570
CAN,2,3,5,,2,1,1,OCEA,0,1,1035
CAN,2,3,7,,2,1,1,OCEA,0,1,70
CAN,2,3,8,,2,1,1,OCEA,0,1,25
CAN,2,3,9,,1,1,1,OCEA,0,1,115
CAN,1,1,1,,3,99,1,OCEA,1,1,85
CAN,1,1,2,,3,99,1,OCEA,1,1,25
CAN,1,1,3,,3,99,1,OCEA,1,1,60
CAN,1,1,4,,2,99,1,OCEA,1,1,30
CAN,1,1,5,,2,99,1,OCEA,1,1,205
CAN,1,1,7,,2,99,1,OCEA,1,1,165
CAN,1,1,8,,2,99,1,OCEA,1,1,115
CAN,1,1,9,,1,99,1,OCEA,1,1,30
CAN,1,2,0,,99,99,1,OCEA,1,1,15
CAN,1,2,1,,3,99,1,OCEA,1,1,515
CAN,1,2,2,,3,99,1,OCEA,1,1,340
CAN,1,2,3,,3,99,1,OCEA,1,1,515
CAN,1,2,4,,2,99,1,OCEA,1,1,140
CAN,1,2,5,,2,99,1,OCEA,1,1,540
CAN,1,2,6,,2,99,1,OCEA,1,1,35
CAN,1,2,7,,2,99,1,OCEA,1,1,685
CAN,1,2,8,,2,99,1,OCEA,1,1,195
CAN,1,2,9,,1,99,1,OCEA,1,1,95
CAN,1,3,0,,99,99,1,OCEA,1,1,35
CAN,1,3,1,,3,0,1,OCEA,1,1,2265
CAN,1,3,2,,3,0,1,OCEA,1,1,4175
CAN,1,3,3,,3,0,1,OCEA,1,1,2070
CAN,1,3,4,,2,1,1,OCEA,1,1,270
CAN,1,3,5,,2,1,1,OCEA,1,1,825
CAN,1,3,6,,2,1,1,OCEA,1,1,30
CAN,1,3,7,,2,1,1,OCEA,1,1,2075
CAN,1,3,8,,2,1,1,OCEA,1,1,240
CAN,1,3,9,,1,1,1,OCEA,1,1,90
CAN,2,1,1,,3,99,1,OCEA,1,1,30
CAN,2,1,2,,3,99,1,OCEA,1,1,20
CAN,2,1,3,,3,99,1,OCEA,1,1,75
CAN,2,1,4,,2,99,1,OCEA,1,1,70
CAN,2,1,5,,2,99,1,OCEA,1,1,135
CAN,2,1,6,,2,99,1,OCEA,1,1,10
CAN,2,1,7,,2,99,1,OCEA,1,1,20
CAN,2,1,8,,2,99,1,OCEA,1,1,10
CAN,2,1,9,,1,99,1,OCEA,1,1,30
CAN,2,2,1,,3,99,1,OCEA,1,1,290
CAN,2,2,2,,3,99,1,OCEA,1,1,210
CAN,2,2,3,,3,99,1,OCEA,1,1,620
CAN,2,2,4,,2,99,1,OCEA,1,1,370
CAN,2,2,5,,2,99,1,OCEA,1,1,655
CAN,2,2,7,,2,99,1,OCEA,1,1,80
CAN,2,2,8,,2,99,1,OCEA,1,1,75
CAN,2,2,9,,1,99,1,OCEA,1,1,60
CAN,2,3,1,,3,0,1,OCEA,1,1,1190
CAN,2,3,2,,3,0,1,OCEA,1,1,3405
CAN,2,3,3,,3,0,1,OCEA,1,1,2050
CAN,2,3,4,,2,1,1,OCEA,1,1,565
CAN,2,3,5,,2,1,1,OCEA,1,1,1355
CAN,2,3,7,,2,1,1,OCEA,1,1,130
CAN,2,3,8,,2,1,1,OCEA,1,1,50
CAN,2,3,9,,1,1,1,OCEA,1,1,125
CAN,1,1,0,,99,99,1,SCAC,0,1,10
CAN,1,1,1,,3,99,1,SCAC,0,1,1320
CAN,1,1,2,,3,99,1,SCAC,0,1,365
CAN,1,1,3,,3,99,1,SCAC,0,1,2910
CAN,1,1,4,,2,99,1,SCAC,0,1,635
CAN,1,1,5,,2,99,1,SCAC,0,1,5560
CAN,1,1,6,,2,99,1,SCAC,0,1,180
CAN,1,1,7,,2,99,1,SCAC,0,1,12725
CAN,1,1,8,,2,99,1,SCAC,0,1,6240
CAN,1,1,9,,1,99,1,SCAC,0,1,3805
CAN,1,2,0,,99,99,1,SCAC,0,1,150
CAN,1,2,1,,3,99,1,SCAC,0,1,4115
CAN,1,2,2,,3,99,1,SCAC,0,1,2930
CAN,1,2,3,,3,99,1,SCAC,0,1,9000
CAN,1,2,4,,2,99,1,SCAC,0,1,2950
CAN,1,2,5,,2,99,1,SCAC,0,1,10205
CAN,1,2,6,,2,99,1,SCAC,0,1,160
CAN,1,2,7,,2,99,1,SCAC,0,1,17655
CAN,1,2,8,,2,99,1,SCAC,0,1,11105
CAN,1,2,9,,1,99,1,SCAC,0,1,4980
CAN,1,3,0,,99,99,1,SCAC,0,1,330
CAN,1,3,1,,3,0,1,SCAC,0,1,14385
CAN,1,3,2,,3,0,1,SCAC,0,1,36545
CAN,1,3,3,,3,0,1,SCAC,0,1,26045
CAN,1,3,4,,2,1,1,SCAC,0,1,5995
CAN,1,3,5,,2,1,1,SCAC,0,1,13530
CAN,1,3,6,,2,1,1,SCAC,0,1,170
CAN,1,3,7,,2,1,1,SCAC,0,1,29720
CAN,1,3,8,,2,1,1,SCAC,0,1,11210
CAN,1,3,9,,1,1,1,SCAC,0,1,4705
CAN,2,1,1,,3,99,1,SCAC,0,1,715
CAN,2,1,2,,3,99,1,SCAC,0,1,695
CAN,2,1,3,,3,99,1,SCAC,0,1,1865
CAN,2,1,4,,2,99,1,SCAC,0,1,1005
CAN,2,1,5,,2,99,1,SCAC,0,1,8200
CAN,2,1,6,,2,99,1,SCAC,0,1,40
CAN,2,1,7,,2,99,1,SCAC,0,1,2790
CAN,2,1,8,,2,99,1,SCAC,0,1,1930
CAN,2,1,9,,1,99,1,SCAC,0,1,6525
CAN,2,2,0,,99,99,1,SCAC,0,1,40
CAN,2,2,1,,3,99,1,SCAC,0,1,2975
CAN,2,2,2,,3,99,1,SCAC,0,1,3920
CAN,2,2,3,,3,99,1,SCAC,0,1,9970
CAN,2,2,4,,2,99,1,SCAC,0,1,6545
CAN,2,2,5,,2,99,1,SCAC,0,1,17010
CAN,2,2,6,,2,99,1,SCAC,0,1,20
CAN,2,2,7,,2,99,1,SCAC,0,1,3165
CAN,2,2,8,,2,99,1,SCAC,0,1,2425
CAN,2,2,9,,1,99,1,SCAC,0,1,6655
CAN,2,3,0,,99,99,1,SCAC,0,1,50
CAN,2,3,1,,3,0,1,SCAC,0,1,11585
CAN,2,3,2,,3,0,1,SCAC,0,1,48435
CAN,2,3,3,,3,0,1,SCAC,0,1,42395
CAN,2,3,4,,2,1,1,SCAC,0,1,15060
CAN,2,3,5,,2,1,1,SCAC,0,1,39660
CAN,2,3,6,,2,1,1,SCAC,0,1,60
CAN,2,3,7,,2,1,1,SCAC,0,1,3045
CAN,2,3,8,,2,1,1,SCAC,0,1,2425
CAN,2,3,9,,1,1,1,SCAC,0,1,6555
CAN,1,1,0,,99,99,1,SCAC,1,1,10
CAN,1,1,1,,3,99,1,SCAC,1,1,875
CAN,1,1,2,,3,99,1,SCAC,1,1,115
CAN,1,1,3,,3,99,1,SCAC,1,1,595
CAN,1,1,4,,2,99,1,SCAC,1,1,155
CAN,1,1,5,,2,99,1,SCAC,1,1,2970
CAN,1,1,6,,2,99,1,SCAC,1,1,125
CAN,1,1,7,,2,99,1,SCAC,1,1,5005
CAN,1,1,8,,2,99,1,SCAC,1,1,2075
CAN,1,1,9,,1,99,1,SCAC,1,1,890
CAN,1,2,0,,99,99,1,SCAC,1,1,30
CAN,1,2,1,,3,99,1,SCAC,1,1,605
CAN,1,2,2,,3,99,1,SCAC,1,1,345
CAN,1,2,3,,3,99,1,SCAC,1,1,970
CAN,1,2,4,,2,99,1,SCAC,1,1,250
CAN,1,2,5,,2,99,1,SCAC,1,1,1875
CAN,1,2,6,,2,99,1,SCAC,1,1,20
CAN,1,2,7,,2,99,1,SCAC,1,1,2720
CAN,1,2,8,,2,99,1,SCAC,1,1,905
CAN,1,2,9,,1,99,1,SCAC,1,1,675
CAN,1,3,0,,99,99,1,SCAC,1,1,40
CAN,1,3,1,,3,0,1,SCAC,1,1,2555
CAN,1,3,2,,3,0,1,SCAC,1,1,6295
CAN,1,3,3,,3,0,1,SCAC,1,1,3400
CAN,1,3,4,,2,1,1,SCAC,1,1,700
CAN,1,3,5,,2,1,1,SCAC,1,1,2510
CAN,1,3,6,,2,1,1,SCAC,1,1,60
CAN,1,3,7,,2,1,1,SCAC,1,1,4010
CAN,1,3,8,,2,1,1,SCAC,1,1,935
CAN,1,3,9,,1,1,1,SCAC,1,1,495
CAN,2,1,1,,3,99,1,SCAC,1,1,240
CAN,2,1,2,,3,99,1,SCAC,1,1,130
CAN,2,1,3,,3,99,1,SCAC,1,1,380
CAN,2,1,4,,2,99,1,SCAC,1,1,190
CAN,2,1,5,,2,99,1,SCAC,1,1,1745
CAN,2,1,6,,2,99,1,SCAC,1,1,10
CAN,2,1,7,,2,99,1,SCAC,1,1,540
CAN,2,1,8,,2,99,1,SCAC,1,1,320
CAN,2,1,9,,1,99,1,SCAC,1,1,1230
CAN,2,2,0,,99,99,1,SCAC,1,1,10
CAN,2,2,1,,3,99,1,SCAC,1,1,410
CAN,2,2,2,,3,99,1,SCAC,1,1,465
CAN,2,2,3,,3,99,1,SCAC,1,1,1020
CAN,2,2,4,,2,99,1,SCAC,1,1,510
CAN,2,2,5,,2,99,1,SCAC,1,1,2415
CAN,2,2,6,,2,99,1,SCAC,1,1,15
CAN,2,2,7,,2,99,1,SCAC,1,1,440
CAN,2,2,8,,2,99,1,SCAC,1,1,180
CAN,2,2,9,,1,99,1,SCAC,1,1,925
CAN,2,3,1,,3,0,1,SCAC,1,1,1790
CAN,2,3,2,,3,0,1,SCAC,1,1,6020
CAN,2,3,3,,3,0,1,SCAC,1,1,5255
CAN,2,3,4,,2,1,1,SCAC,1,1,1695
CAN,2,3,5,,2,1,1,SCAC,1,1,3970
CAN,2,3,7,,2,1,1,SCAC,1,1,510
CAN,2,3,8,,2,1,1,SCAC,1,1,320
CAN,2,3,9,,1,1,1,SCAC,1,1,845
CAN,1,3,1,,3,0,1,UNK,0,1,10
CAN,1,3,3,,3,0,1,UNK,0,1,10
CAN,1,3,8,,2,1,1,UNK,0,1,10
CAN,2,1,4,,2,99,1,UNK,0,1,10
CAN,2,2,4,,2,99,1,UNK,0,1,10
CAN,2,3,2,,3,0,1,UNK,0,1,10
CHE,1,1,1,,3,99,1,AFRI,0,1,368
CHE,1,1,2,,3,99,1,AFRI,0,1,662
CHE,1,1,3,,3,99,1,AFRI,0,1,890
CHE,1,1,4,,2,99,1,AFRI,0,1,1062
CHE,1,1,5,,2,99,1,AFRI,0,1,3797
CHE,1,1,6,,2,99,1,AFRI,0,1,85
CHE,1,1,7,,2,99,1,AFRI,0,1,2473
CHE,1,1,8,,2,99,1,AFRI,0,1,2000
CHE,1,1,9,,1,99,1,AFRI,0,1,3771
CHE,1,2,1,,3,99,1,AFRI,0,1,590
CHE,1,2,2,,3,99,1,AFRI,0,1,992
CHE,1,2,3,,3,99,1,AFRI,0,1,1415
CHE,1,2,4,,2,99,1,AFRI,0,1,815
CHE,1,2,5,,2,99,1,AFRI,0,1,2523
CHE,1,2,6,,2,99,1,AFRI,0,1,130
CHE,1,2,7,,2,99,1,AFRI,0,1,2161
CHE,1,2,8,,2,99,1,AFRI,0,1,1183
CHE,1,2,9,,1,99,1,AFRI,0,1,1689
CHE,1,3,1,,3,0,1,AFRI,0,1,2931
CHE,1,3,2,,3,0,1,AFRI,0,1,5184
CHE,1,3,3,,3,0,1,AFRI,0,1,2069
CHE,1,3,4,,2,1,1,AFRI,0,1,736
CHE,1,3,5,,2,1,1,AFRI,0,1,1113
CHE,1,3,6,,2,1,1,AFRI,0,1,36
CHE,1,3,7,,2,1,1,AFRI,0,1,514
CHE,1,3,8,,2,1,1,AFRI,0,1,600
CHE,1,3,9,,1,1,1,AFRI,0,1,1498
CHE,2,1,1,,3,99,1,AFRI,0,1,260
CHE,2,1,2,,3,99,1,AFRI,0,1,296
CHE,2,1,3,,3,99,1,AFRI,0,1,827
CHE,2,1,4,,2,99,1,AFRI,0,1,490
CHE,2,1,5,,2,99,1,AFRI,0,1,5349
CHE,2,1,7,,2,99,1,AFRI,0,1,489
CHE,2,1,8,,2,99,1,AFRI,0,1,402
CHE,2,1,9,,1,99,1,AFRI,0,1,3256
CHE,2,2,1,,3,99,1,AFRI,0,1,384
CHE,2,2,2,,3,99,1,AFRI,0,1,859
CHE,2,2,3,,3,99,1,AFRI,0,1,1640
CHE,2,2,4,,2,99,1,AFRI,0,1,1074
CHE,2,2,5,,2,99,1,AFRI,0,1,3106
CHE,2,2,6,,2,99,1,AFRI,0,1,66
CHE,2,2,7,,2,99,1,AFRI,0,1,171
CHE,2,2,8,,2,99,1,AFRI,0,1,413
CHE,2,2,9,,1,99,1,AFRI,0,1,1671
CHE,2,3,1,,3,0,1,AFRI,0,1,1028
CHE,2,3,2,,3,0,1,AFRI,0,1,3682
CHE,2,3,3,,3,0,1,AFRI,0,1,1726
CHE,2,3,4,,2,1,1,AFRI,0,1,631
CHE,2,3,5,,2,1,1,AFRI,0,1,1348
CHE,2,3,6,,2,1,1,AFRI,0,1,18
CHE,2,3,7,,2,1,1,AFRI,0,1,168
CHE,2,3,8,,2,1,1,AFRI,0,1,60
CHE,2,3,9,,1,1,1,AFRI,0,1,1326
CHE,1,1,1,,3,99,1,ASIA,0,1,600
CHE,1,1,2,,3,99,1,ASIA,0,1,481
CHE,1,1,3,,3,99,1,ASIA,0,1,1221
CHE,1,1,4,,2,99,1,ASIA,0,1,1327
CHE,1,1,5,,2,99,1,ASIA,0,1,7950
CHE,1,1,6,,2,99,1,ASIA,0,1,109
CHE,1,1,7,,2,99,1,ASIA,0,1,2716
CHE,1,1,8,,2,99,1,ASIA,0,1,1584
CHE,1,1,9,,1,99,1,ASIA,0,1,4672
CHE,1,2,0,,99,99,1,ASIA,0,1,39
CHE,1,2,1,,3,99,1,ASIA,0,1,917
CHE,1,2,2,,3,99,1,ASIA,0,1,1368
CHE,1,2,3,,3,99,1,ASIA,0,1,2362
CHE,1,2,4,,2,99,1,ASIA,0,1,562
CHE,1,2,5,,2,99,1,ASIA,0,1,3961
CHE,1,2,6,,2,99,1,ASIA,0,1,30
CHE,1,2,7,,2,99,1,ASIA,0,1,2473
CHE,1,2,8,,2,99,1,ASIA,0,1,1166
CHE,1,2,9,,1,99,1,ASIA,0,1,1770
CHE,1,3,1,,3,0,1,ASIA,0,1,3598
CHE,1,3,2,,3,0,1,ASIA,0,1,6371
CHE,1,3,3,,3,0,1,ASIA,0,1,2544
CHE,1,3,4,,2,1,1,ASIA,0,1,660
CHE,1,3,5,,2,1,1,ASIA,0,1,2240
CHE,1,3,6,,2,1,1,ASIA,0,1,43
CHE,1,3,7,,2,1,1,ASIA,0,1,760
CHE,1,3,8,,2,1,1,ASIA,0,1,519
CHE,1,3,9,,1,1,1,ASIA,0,1,1503
CHE,2,1,1,,3,99,1,ASIA,0,1,341
CHE,2,1,2,,3,99,1,ASIA,0,1,598
CHE,2,1,3,,3,99,1,ASIA,0,1,1180
CHE,2,1,4,,2,99,1,ASIA,0,1,635
CHE,2,1,5,,2,99,1,ASIA,0,1,6517
CHE,2,1,6,,2,99,1,ASIA,0,1,49
CHE,2,1,7,,2,99,1,ASIA,0,1,882
CHE,2,1,8,,2,99,1,ASIA,0,1,779
CHE,2,1,9,,1,99,1,ASIA,0,1,7598
CHE,2,2,1,,3,99,1,ASIA,0,1,679
CHE,2,2,2,,3,99,1,ASIA,0,1,765
CHE,2,2,3,,3,99,1,ASIA,0,1,2453
CHE,2,2,4,,2,99,1,ASIA,0,1,1175
CHE,2,2,5,,2,99,1,ASIA,0,1,4969
CHE,2,2,6,,2,99,1,ASIA,0,1,98
CHE,2,2,7,,2,99,1,ASIA,0,1,659
CHE,2,2,8,,2,99,1,ASIA,0,1,223
CHE,2,2,9,,1,99,1,ASIA,0,1,2642
CHE,2,3,1,,3,0,1,ASIA,0,1,2343
CHE,2,3,2,,3,0,1,ASIA,0,1,4839
CHE,2,3,3,,3,0,1,ASIA,0,1,3381
CHE,2,3,4,,2,1,1,ASIA,0,1,1043
CHE,2,3,5,,2,1,1,ASIA,0,1,2769
CHE,2,3,6,,2,1,1,ASIA,0,1,43
CHE,2,3,7,,2,1,1,ASIA,0,1,232
CHE,2,3,8,,2,1,1,ASIA,0,1,225
CHE,2,3,9,,1,1,1,ASIA,0,1,1699
CHE,1,1,1,,3,99,1,ASIA,1,1,20
CHE,1,1,2,,3,99,1,ASIA,1,1,45
CHE,1,1,3,,3,99,1,ASIA,1,1,38
CHE,1,1,4,,2,99,1,ASIA,1,1,48
CHE,1,1,5,,2,99,1,ASIA,1,1,60
CHE,1,1,7,,2,99,1,ASIA,1,1,70
CHE,1,1,9,,1,99,1,ASIA,1,1,16
CHE,1,2,1,,3,99,1,ASIA,1,1,80
CHE,1,2,2,,3,99,1,ASIA,1,1,157
CHE,1,2,3,,3,99,1,ASIA,1,1,69
CHE,1,2,5,,2,99,1,ASIA,1,1,134
CHE,1,2,7,,2,99,1,ASIA,1,1,17
CHE,1,3,1,,3,0,1,ASIA,1,1,315
CHE,1,3,2,,3,0,1,ASIA,1,1,1097
CHE,1,3,3,,3,0,1,ASIA,1,1,286
CHE,1,3,4,,2,1,1,ASIA,1,1,56
CHE,1,3,5,,2,1,1,ASIA,1,1,82
CHE,1,3,7,,2,1,1,ASIA,1,1,40
CHE,1,3,8,,2,1,1,ASIA,1,1,38
CHE,1,3,9,,1,1,1,ASIA,1,1,136
CHE,2,1,1,,3,99,1,ASIA,1,1,21
CHE,2,1,2,,3,99,1,ASIA,1,1,35
CHE,2,1,3,,3,99,1,ASIA,1,1,36
CHE,2,1,4,,2,99,1,ASIA,1,1,31
CHE,2,1,5,,2,99,1,ASIA,1,1,46
CHE,2,1,7,,2,99,1,ASIA,1,1,38
CHE,2,2,1,,3,99,1,ASIA,1,1,22
CHE,2,2,2,,3,99,1,ASIA,1,1,126
CHE,2,2,3,,3,99,1,ASIA,1,1,100
CHE,2,2,4,,2,99,1,ASIA,1,1,306
CHE,2,2,5,,2,99,1,ASIA,1,1,344
CHE,2,2,7,,2,99,1,ASIA,1,1,18
CHE,2,2,9,,1,99,1,ASIA,1,1,19
CHE,2,3,1,,3,0,1,ASIA,1,1,351
CHE,2,3,2,,3,0,1,ASIA,1,1,1686
CHE,2,3,3,,3,0,1,ASIA,1,1,312
CHE,2,3,4,,2,1,1,ASIA,1,1,280
CHE,2,3,5,,2,1,1,ASIA,1,1,349
CHE,2,3,7,,2,1,1,ASIA,1,1,18
CHE,2,3,9,,1,1,1,ASIA,1,1,202
CHE,1,1,1,,3,99,1,EURO,0,1,604
CHE,1,1,2,,3,99,1,EURO,0,1,1076
CHE,1,1,3,,3,99,1,EURO,0,1,1584
CHE,1,1,4,,2,99,1,EURO,0,1,1110
CHE,1,1,5,,2,99,1,EURO,0,1,1837
CHE,1,1,6,,2,99,1,EURO,0,1,368
CHE,1,1,7,,2,99,1,EURO,0,1,8569
CHE,1,1,8,,2,99,1,EURO,0,1,4466
CHE,1,1,9,,1,99,1,EURO,0,1,6736
CHE,1,2,1,,3,99,1,EURO,0,1,1535
CHE,1,2,2,,3,99,1,EURO,0,1,1770
CHE,1,2,3,,3,99,1,EURO,0,1,4967
CHE,1,2,4,,2,99,1,EURO,0,1,1735
CHE,1,2,5,,2,99,1,EURO,0,1,3926
CHE,1,2,6,,2,99,1,EURO,0,1,276
CHE,1,2,7,,2,99,1,EURO,0,1,13283
CHE,1,2,8,,2,99,1,EURO,0,1,5785
CHE,1,2,9,,1,99,1,EURO,0,1,5357
CHE,1,3,0,,99,99,1,EURO,0,1,36
CHE,1,3,1,,3,0,1,EURO,0,1,4786
CHE,1,3,2,,3,0,1,EURO,0,1,6434
CHE,1,3,3,,3,0,1,EURO,0,1,3276
CHE,1,3,4,,2,1,1,EURO,0,1,589
CHE,1,3,5,,2,1,1,EURO,0,1,962
CHE,1,3,6,,2,1,1,EURO,0,1,108
CHE,1,3,7,,2,1,1,EURO,0,1,2324
CHE,1,3,8,,2,1,1,EURO,0,1,1148
CHE,1,3,9,,1,1,1,EURO,0,1,1348
CHE,2,1,1,,3,99,1,EURO,0,1,206
CHE,2,1,2,,3,99,1,EURO,0,1,484
CHE,2,1,3,,3,99,1,EURO,0,1,1445
CHE,2,1,4,,2,99,1,EURO,0,1,664
CHE,2,1,5,,2,99,1,EURO,0,1,7199
CHE,2,1,6,,2,99,1,EURO,0,1,55
CHE,2,1,7,,2,99,1,EURO,0,1,1836
CHE,2,1,8,,2,99,1,EURO,0,1,1062
CHE,2,1,9,,1,99,1,EURO,0,1,10706
CHE,2,2,1,,3,99,1,EURO,0,1,1620
CHE,2,2,2,,3,99,1,EURO,0,1,1666
CHE,2,2,3,,3,99,1,EURO,0,1,6505
CHE,2,2,4,,2,99,1,EURO,0,1,2971
CHE,2,2,5,,2,99,1,EURO,0,1,12705
CHE,2,2,6,,2,99,1,EURO,0,1,53
CHE,2,2,7,,2,99,1,EURO,0,1,1374
CHE,2,2,8,,2,99,1,EURO,0,1,1035
CHE,2,2,9,,1,99,1,EURO,0,1,8246
CHE,2,3,1,,3,0,1,EURO,0,1,4119
CHE,2,3,2,,3,0,1,EURO,0,1,7310
CHE,2,3,3,,3,0,1,EURO,0,1,5433
CHE,2,3,4,,2,1,1,EURO,0,1,2200
CHE,2,3,5,,2,1,1,EURO,0,1,2995
CHE,2,3,7,,2,1,1,EURO,0,1,287
CHE,2,3,8,,2,1,1,EURO,0,1,341
CHE,2,3,9,,1,1,1,EURO,0,1,2498
CHE,1,1,0,,99,99,1,EURO,1,0,16
CHE,1,1,1,,3,99,1,EURO,1,0,3916
CHE,1,1,2,,3,99,1,EURO,1,0,12651
CHE,1,1,3,,3,99,1,EURO,1,0,17776
CHE,1,1,4,,2,99,1,EURO,1,0,10849
CHE,1,1,5,,2,99,1,EURO,1,0,15136
CHE,1,1,6,,2,99,1,EURO,1,0,10086
CHE,1,1,7,,2,99,1,EURO,1,0,45621
CHE,1,1,8,,2,99,1,EURO,1,0,12150
CHE,1,1,9,,1,99,1,EURO,1,0,19074
CHE,1,2,0,,99,99,1,EURO,1,0,2557
CHE,1,2,1,,3,99,1,EURO,1,0,65246
CHE,1,2,2,,3,99,1,EURO,1,0,81826
CHE,1,2,3,,3,99,1,EURO,1,0,152845
CHE,1,2,4,,2,99,1,EURO,1,0,53624
CHE,1,2,5,,2,99,1,EURO,1,0,83480
CHE,1,2,6,,2,99,1,EURO,1,0,36954
CHE,1,2,7,,2,99,1,EURO,1,0,189974
CHE,1,2,8,,2,99,1,EURO,1,0,53910
CHE,1,2,9,,1,99,1,EURO,1,0,44785
CHE,1,3,0,,99,99,1,EURO,1,0,1789
CHE,1,3,1,,3,0,1,EURO,1,0,153358
CHE,1,3,2,,3,0,1,EURO,1,0,250597
CHE,1,3,3,,3,0,1,EURO,1,0,132339
CHE,1,3,4,,2,1,1,EURO,1,0,16679
CHE,1,3,5,,2,1,1,EURO,1,0,31626
CHE,1,3,6,,2,1,1,EURO,1,0,15521
CHE,1,3,7,,2,1,1,EURO,1,0,33218
CHE,1,3,8,,2,1,1,EURO,1,0,7184
CHE,1,3,9,,1,1,1,EURO,1,0,17879
CHE,2,1,1,,3,99,1,EURO,1,0,3626
CHE,2,1,2,,3,99,1,EURO,1,0,6801
CHE,2,1,3,,3,99,1,EURO,1,0,23413
CHE,2,1,4,,2,99,1,EURO,1,0,19448
CHE,2,1,5,,2,99,1,EURO,1,0,59745
CHE,2,1,6,,2,99,1,EURO,1,0,3154
CHE,2,1,7,,2,99,1,EURO,1,0,8735
CHE,2,1,8,,2,99,1,EURO,1,0,3864
CHE,2,1,9,,1,99,1,EURO,1,0,29014
CHE,2,2,0,,99,99,1,EURO,1,0,18
CHE,2,2,1,,3,99,1,EURO,1,0,37883
CHE,2,2,2,,3,99,1,EURO,1,0,88569
CHE,2,2,3,,3,99,1,EURO,1,0,192470
CHE,2,2,4,,2,99,1,EURO,1,0,161353
CHE,2,2,5,,2,99,1,EURO,1,0,196742
CHE,2,2,6,,2,99,1,EURO,1,0,8722
CHE,2,2,7,,2,99,1,EURO,1,0,28914
CHE,2,2,8,,2,99,1,EURO,1,0,8082
CHE,2,2,9,,1,99,1,EURO,1,0,60314
CHE,2,3,0,,99,99,1,EURO,1,0,52
CHE,2,3,1,,3,0,1,EURO,1,0,51159
CHE,2,3,2,,3,0,1,EURO,1,0,206804
CHE,2,3,3,,3,0,1,EURO,1,0,98122
CHE,2,3,4,,2,1,1,EURO,1,0,25379
CHE,2,3,5,,2,1,1,EURO,1,0,27726
CHE,2,3,6,,2,1,1,EURO,1,0,2776
CHE,2,3,7,,2,1,1,EURO,1,0,4544
CHE,2,3,8,,2,1,1,EURO,1,0,943
CHE,2,3,9,,1,1,1,EURO,1,0,12389
CHE,1,1,0,,99,99,1,EURO,1,1,81
CHE,1,1,1,,3,99,1,EURO,1,1,4252
CHE,1,1,2,,3,99,1,EURO,1,1,4101
CHE,1,1,3,,3,99,1,EURO,1,1,8160
CHE,1,1,4,,2,99,1,EURO,1,1,5476
CHE,1,1,5,,2,99,1,EURO,1,1,15326
CHE,1,1,6,,2,99,1,EURO,1,1,3486
CHE,1,1,7,,2,99,1,EURO,1,1,39132
CHE,1,1,8,,2,99,1,EURO,1,1,18341
CHE,1,1,9,,1,99,1,EURO,1,1,27816
CHE,1,2,0,,99,99,1,EURO,1,1,18
CHE,1,2,1,,3,99,1,EURO,1,1,12720
CHE,1,2,2,,3,99,1,EURO,1,1,12279
CHE,1,2,3,,3,99,1,EURO,1,1,23320
CHE,1,2,4,,2,99,1,EURO,1,1,7606
CHE,1,2,5,,2,99,1,EURO,1,1,20414
CHE,1,2,6,,2,99,1,EURO,1,1,1369
CHE,1,2,7,,2,99,1,EURO,1,1,38098
CHE,1,2,8,,2,99,1,EURO,1,1,14247
CHE,1,2,9,,1,99,1,EURO,1,1,13873
CHE,1,3,0,,99,99,1,EURO,1,1,88
CHE,1,3,1,,3,0,1,EURO,1,1,57044
CHE,1,3,2,,3,0,1,EURO,1,1,87319
CHE,1,3,3,,3,0,1,EURO,1,1,34215
CHE,1,3,4,,2,1,1,EURO,1,1,6530
CHE,1,3,5,,2,1,1,EURO,1,1,9134
CHE,1,3,6,,2,1,1,EURO,1,1,914
CHE,1,3,7,,2,1,1,EURO,1,1,9999
CHE,1,3,8,,2,1,1,EURO,1,1,3609
CHE,1,3,9,,1,1,1,EURO,1,1,9211
CHE,2,1,1,,3,99,1,EURO,1,1,3242
CHE,2,1,2,,3,99,1,EURO,1,1,1879
CHE,2,1,3,,3,99,1,EURO,1,1,5477
CHE,2,1,4,,2,99,1,EURO,1,1,4538
CHE,2,1,5,,2,99,1,EURO,1,1,31692
CHE,2,1,6,,2,99,1,EURO,1,1,266
CHE,2,1,7,,2,99,1,EURO,1,1,4262
CHE,2,1,8,,2,99,1,EURO,1,1,5044
CHE,2,1,9,,1,99,1,EURO,1,1,35434
CHE,2,2,1,,3,99,1,EURO,1,1,7750
CHE,2,2,2,,3,99,1,EURO,1,1,9857
CHE,2,2,3,,3,99,1,EURO,1,1,24709
CHE,2,2,4,,2,99,1,EURO,1,1,16937
CHE,2,2,5,,2,99,1,EURO,1,1,34539
CHE,2,2,6,,2,99,1,EURO,1,1,442
CHE,2,2,7,,2,99,1,EURO,1,1,4052
CHE,2,2,8,,2,99,1,EURO,1,1,1852
CHE,2,2,9,,1,99,1,EURO,1,1,14441
CHE,2,3,1,,3,0,1,EURO,1,1,28801
CHE,2,3,2,,3,0,1,EURO,1,1,72182
CHE,2,3,3,,3,0,1,EURO,1,1,32691
CHE,2,3,4,,2,1,1,EURO,1,1,10584
CHE,2,3,5,,2,1,1,EURO,1,1,12604
CHE,2,3,6,,2,1,1,EURO,1,1,316
CHE,2,3,7,,2,1,1,EURO,1,1,1725
CHE,2,3,8,,2,1,1,EURO,1,1,1011
CHE,2,3,9,,1,1,1,EURO,1,1,8558
CHE,1,1,1,,3,99,1,NOAM,1,1,54
CHE,1,1,2,,3,99,1,NOAM,1,1,87
CHE,1,1,3,,3,99,1,NOAM,1,1,73
CHE,1,1,4,,2,99,1,NOAM,1,1,92
CHE,1,1,5,,2,99,1,NOAM,1,1,50
CHE,1,1,6,,2,99,1,NOAM,1,1,15
CHE,1,1,7,,2,99,1,NOAM,1,1,209
CHE,1,1,9,,1,99,1,NOAM,1,1,72
CHE,1,2,0,,99,99,1,NOAM,1,1,37
CHE,1,2,1,,3,99,1,NOAM,1,1,139
CHE,1,2,2,,3,99,1,NOAM,1,1,464
CHE,1,2,3,,3,99,1,NOAM,1,1,417
CHE,1,2,4,,2,99,1,NOAM,1,1,108
CHE,1,2,5,,2,99,1,NOAM,1,1,305
CHE,1,2,6,,2,99,1,NOAM,1,1,18
CHE,1,2,7,,2,99,1,NOAM,1,1,404
CHE,1,2,8,,2,99,1,NOAM,1,1,51
CHE,1,2,9,,1,99,1,NOAM,1,1,142
CHE,1,3,0,,99,99,1,NOAM,1,1,52
CHE,1,3,1,,3,0,1,NOAM,1,1,2975
CHE,1,3,2,,3,0,1,NOAM,1,1,5620
CHE,1,3,3,,3,0,1,NOAM,1,1,1178
CHE,1,3,4,,2,1,1,NOAM,1,1,154
CHE,1,3,5,,2,1,1,NOAM,1,1,291
CHE,1,3,6,,2,1,1,NOAM,1,1,35
CHE,1,3,7,,2,1,1,NOAM,1,1,129
CHE,1,3,8,,2,1,1,NOAM,1,1,60
CHE,1,3,9,,1,1,1,NOAM,1,1,442
CHE,2,1,2,,3,99,1,NOAM,1,1,39
CHE,2,1,3,,3,99,1,NOAM,1,1,112
CHE,2,1,4,,2,99,1,NOAM,1,1,100
CHE,2,1,5,,2,99,1,NOAM,1,1,293
CHE,2,1,7,,2,99,1,NOAM,1,1,51
CHE,2,1,9,,1,99,1,NOAM,1,1,180
CHE,2,2,1,,3,99,1,NOAM,1,1,206
CHE,2,2,2,,3,99,1,NOAM,1,1,438
CHE,2,2,3,,3,99,1,NOAM,1,1,721
CHE,2,2,4,,2,99,1,NOAM,1,1,526
CHE,2,2,5,,2,99,1,NOAM,1,1,501
CHE,2,2,6,,2,99,1,NOAM,1,1,64
CHE,2,2,7,,2,99,1,NOAM,1,1,35
CHE,2,2,9,,1,99,1,NOAM,1,1,68
CHE,2,3,1,,3,0,1,NOAM,1,1,1746
CHE,2,3,2,,3,0,1,NOAM,1,1,4545
CHE,2,3,3,,3,0,1,NOAM,1,1,1663
CHE,2,3,4,,2,1,1,NOAM,1,1,357
CHE,2,3,5,,2,1,1,NOAM,1,1,346
CHE,2,3,6,,2,1,1,NOAM,1,1,18
CHE,2,3,7,,2,1,1,NOAM,1,1,37
CHE,2,3,9,,1,1,1,NOAM,1,1,258
CHE,1,2,1,,3,99,1,OCEA,0,1,33
CHE,1,2,5,,2,99,1,OCEA,0,1,18
CHE,1,2,7,,2,99,1,OCEA,0,1,35
CHE,2,1,4,,2,99,1,OCEA,0,1,30
CHE,2,1,7,,2,99,1,OCEA,0,1,33
CHE,2,2,9,,1,99,1,OCEA,0,1,16
CHE,2,3,1,,3,0,1,OCEA,0,1,20
CHE,2,3,2,,3,0,1,OCEA,0,1,31
CHE,2,3,3,,3,0,1,OCEA,0,1,21
CHE,2,3,5,,2,1,1,OCEA,0,1,36
CHE,1,1,2,,3,99,1,OCEA,1,1,45
CHE,1,1,3,,3,99,1,OCEA,1,1,33
CHE,1,1,4,,2,99,1,OCEA,1,1,37
CHE,1,1,5,,2,99,1,OCEA,1,1,18
CHE,1,1,7,,2,99,1,OCEA,1,1,46
CHE,1,1,8,,2,99,1,OCEA,1,1,37
CHE,1,2,1,,3,99,1,OCEA,1,1,158
CHE,1,2,2,,3,99,1,OCEA,1,1,17
CHE,1,2,3,,3,99,1,OCEA,1,1,224
CHE,1,2,4,,2,99,1,OCEA,1,1,49
CHE,1,2,5,,2,99,1,OCEA,1,1,70
CHE,1,2,6,,2,99,1,OCEA,1,1,33
CHE,1,2,7,,2,99,1,OCEA,1,1,48
CHE,1,2,9,,1,99,1,OCEA,1,1,115
CHE,1,3,1,,3,0,1,OCEA,1,1,590
CHE,1,3,2,,3,0,1,OCEA,1,1,660
CHE,1,3,3,,3,0,1,OCEA,1,1,145
CHE,1,3,4,,2,1,1,OCEA,1,1,53
CHE,1,3,5,,2,1,1,OCEA,1,1,19
CHE,1,3,6,,2,1,1,OCEA,1,1,59
CHE,1,3,7,,2,1,1,OCEA,1,1,33
CHE,1,3,9,,1,1,1,OCEA,1,1,57
CHE,2,1,1,,3,99,1,OCEA,1,1,15
CHE,2,1,4,,2,99,1,OCEA,1,1,16
CHE,2,1,5,,2,99,1,OCEA,1,1,86
CHE,2,2,1,,3,99,1,OCEA,1,1,32
CHE,2,2,2,,3,99,1,OCEA,1,1,33
CHE,2,2,3,,3,99,1,OCEA,1,1,54
CHE,2,2,4,,2,99,1,OCEA,1,1,147
CHE,2,2,5,,2,99,1,OCEA,1,1,109
CHE,2,2,6,,2,99,1,OCEA,1,1,33
CHE,2,2,9,,1,99,1,OCEA,1,1,33
CHE,2,3,1,,3,0,1,OCEA,1,1,150
CHE,2,3,2,,3,0,1,OCEA,1,1,549
CHE,2,3,3,,3,0,1,OCEA,1,1,141
CHE,2,3,4,,2,1,1,OCEA,1,1,35
CHE,2,3,5,,2,1,1,OCEA,1,1,78
CHE,1,1,1,,3,99,1,SCAC,0,1,68
CHE,1,1,2,,3,99,1,SCAC,0,1,360
CHE,1,1,3,,3,99,1,SCAC,0,1,565
CHE,1,1,4,,2,99,1,SCAC,0,1,502
CHE,1,1,5,,2,99,1,SCAC,0,1,1745
CHE,1,1,6,,2,99,1,SCAC,0,1,152
CHE,1,1,7,,2,99,1,SCAC,0,1,1490
CHE,1,1,8,,2,99,1,SCAC,0,1,435
CHE,1,1,9,,1,99,1,SCAC,0,1,1634
CHE,1,2,0,,99,99,1,SCAC,0,1,17
CHE,1,2,1,,3,99,1,SCAC,0,1,330
CHE,1,2,2,,3,99,1,SCAC,0,1,986
CHE,1,2,3,,3,99,1,SCAC,0,1,1245
CHE,1,2,4,,2,99,1,SCAC,0,1,542
CHE,1,2,5,,2,99,1,SCAC,0,1,1766
CHE,1,2,6,,2,99,1,SCAC,0,1,64
CHE,1,2,7,,2,99,1,SCAC,0,1,1523
CHE,1,2,8,,2,99,1,SCAC,0,1,501
CHE,1,2,9,,1,99,1,SCAC,0,1,761
CHE,1,3,1,,3,0,1,SCAC,0,1,2141
CHE,1,3,2,,3,0,1,SCAC,0,1,3645
CHE,1,3,3,,3,0,1,SCAC,0,1,1859
CHE,1,3,4,,2,1,1,SCAC,0,1,562
CHE,1,3,5,,2,1,1,SCAC,0,1,760
CHE,1,3,6,,2,1,1,SCAC,0,1,40
CHE,1,3,7,,2,1,1,SCAC,0,1,465
CHE,1,3,8,,2,1,1,SCAC,0,1,109
CHE,1,3,9,,1,1,1,SCAC,0,1,785
CHE,2,1,1,,3,99,1,SCAC,0,1,461
CHE,2,1,2,,3,99,1,SCAC,0,1,204
CHE,2,1,3,,3,99,1,SCAC,0,1,965
CHE,2,1,4,,2,99,1,SCAC,0,1,868
CHE,2,1,5,,2,99,1,SCAC,0,1,5865
CHE,2,1,6,,2,99,1,SCAC,0,1,21
CHE,2,1,7,,2,99,1,SCAC,0,1,445
CHE,2,1,8,,2,99,1,SCAC,0,1,658
CHE,2,1,9,,1,99,1,SCAC,0,1,5754
CHE,2,2,1,,3,99,1,SCAC,0,1,646
CHE,2,2,2,,3,99,1,SCAC,0,1,971
CHE,2,2,3,,3,99,1,SCAC,0,1,1375
CHE,2,2,4,,2,99,1,SCAC,0,1,1180
CHE,2,2,5,,2,99,1,SCAC,0,1,4613
CHE,2,2,7,,2,99,1,SCAC,0,1,436
CHE,2,2,8,,2,99,1,SCAC,0,1,242
CHE,2,2,9,,1,99,1,SCAC,0,1,2390
CHE,2,3,1,,3,0,1,SCAC,0,1,1178
CHE,2,3,2,,3,0,1,SCAC,0,1,4623
CHE,2,3,3,,3,0,1,SCAC,0,1,2170
CHE,2,3,4,,2,1,1,SCAC,0,1,1142
CHE,2,3,5,,2,1,1,SCAC,0,1,2119
CHE,2,3,7,,2,1,1,SCAC,0,1,136
CHE,2,3,8,,2,1,1,SCAC,0,1,54
CHE,2,3,9,,1,1,1,SCAC,0,1,1455
CHE,1,1,1,,3,99,1,SCAC,1,1,17
CHE,1,1,2,,3,99,1,SCAC,1,1,37
CHE,1,1,3,,3,99,1,SCAC,1,1,86
CHE,1,1,4,,2,99,1,SCAC,1,1,72
CHE,1,1,5,,2,99,1,SCAC,1,1,175
CHE,1,1,7,,2,99,1,SCAC,1,1,131
CHE,1,1,8,,2,99,1,SCAC,1,1,73
CHE,1,1,9,,1,99,1,SCAC,1,1,87
CHE,1,2,1,,3,99,1,SCAC,1,1,129
CHE,1,2,2,,3,99,1,SCAC,1,1,211
CHE,1,2,3,,3,99,1,SCAC,1,1,163
CHE,1,2,4,,2,99,1,SCAC,1,1,69
CHE,1,2,5,,2,99,1,SCAC,1,1,128
CHE,1,2,7,,2,99,1,SCAC,1,1,278
CHE,1,2,8,,2,99,1,SCAC,1,1,51
CHE,1,2,9,,1,99,1,SCAC,1,1,175
CHE,1,3,1,,3,0,1,SCAC,1,1,355
CHE,1,3,2,,3,0,1,SCAC,1,1,790
CHE,1,3,3,,3,0,1,SCAC,1,1,544
CHE,1,3,4,,2,1,1,SCAC,1,1,36
CHE,1,3,5,,2,1,1,SCAC,1,1,60
CHE,1,3,6,,2,1,1,SCAC,1,1,50
CHE,1,3,7,,2,1,1,SCAC,1,1,51
CHE,1,3,8,,2,1,1,SCAC,1,1,92
CHE,1,3,9,,1,1,1,SCAC,1,1,55
CHE,2,1,1,,3,99,1,SCAC,1,1,17
CHE,2,1,2,,3,99,1,SCAC,1,1,33
CHE,2,1,3,,3,99,1,SCAC,1,1,33
CHE,2,1,4,,2,99,1,SCAC,1,1,41
CHE,2,1,5,,2,99,1,SCAC,1,1,206
CHE,2,1,7,,2,99,1,SCAC,1,1,17
CHE,2,1,8,,2,99,1,SCAC,1,1,79
CHE,2,1,9,,1,99,1,SCAC,1,1,348
CHE,2,2,1,,3,99,1,SCAC,1,1,56
CHE,2,2,2,,3,99,1,SCAC,1,1,218
CHE,2,2,3,,3,99,1,SCAC,1,1,193
CHE,2,2,4,,2,99,1,SCAC,1,1,103
CHE,2,2,5,,2,99,1,SCAC,1,1,442
CHE,2,2,6,,2,99,1,SCAC,1,1,34
CHE,2,2,9,,1,99,1,SCAC,1,1,261
CHE,2,3,1,,3,0,1,SCAC,1,1,368
CHE,2,3,2,,3,0,1,SCAC,1,1,854
CHE,2,3,3,,3,0,1,SCAC,1,1,349
CHE,2,3,4,,2,1,1,SCAC,1,1,190
CHE,2,3,5,,2,1,1,SCAC,1,1,273
CHE,2,3,7,,2,1,1,SCAC,1,1,32
CHE,2,3,9,,1,1,1,SCAC,1,1,66
CHE,1,1,1,,3,99,1,UNK,0,1,520
CHE,1,1,2,,3,99,1,UNK,0,1,756
CHE,1,1,3,,3,99,1,UNK,0,1,1220
CHE,1,1,4,,2,99,1,UNK,0,1,973
CHE,1,1,5,,2,99,1,UNK,0,1,2784
CHE,1,1,6,,2,99,1,UNK,0,1,498
CHE,1,1,7,,2,99,1,UNK,0,1,7929
CHE,1,1,8,,2,99,1,UNK,0,1,4076
CHE,1,1,9,,1,99,1,UNK,0,1,6204
CHE,1,2,1,,3,99,1,UNK,0,1,1151
CHE,1,2,2,,3,99,1,UNK,0,1,1445
CHE,1,2,3,,3,99,1,UNK,0,1,3353
CHE,1,2,4,,2,99,1,UNK,0,1,1296
CHE,1,2,5,,2,99,1,UNK,0,1,2418
CHE,1,2,6,,2,99,1,UNK,0,1,309
CHE,1,2,7,,2,99,1,UNK,0,1,8067
CHE,1,2,8,,2,99,1,UNK,0,1,3720
CHE,1,2,9,,1,99,1,UNK,0,1,3628
CHE,1,3,1,,3,0,1,UNK,0,1,1178
CHE,1,3,2,,3,0,1,UNK,0,1,2297
CHE,1,3,3,,3,0,1,UNK,0,1,1750
CHE,1,3,4,,2,1,1,UNK,0,1,180
CHE,1,3,5,,2,1,1,UNK,0,1,670
CHE,1,3,6,,2,1,1,UNK,0,1,23
CHE,1,3,7,,2,1,1,UNK,0,1,1032
CHE,1,3,8,,2,1,1,UNK,0,1,677
CHE,1,3,9,,1,1,1,UNK,0,1,1210
CHE,2,1,1,,3,99,1,UNK,0,1,420
CHE,2,1,2,,3,99,1,UNK,0,1,406
CHE,2,1,3,,3,99,1,UNK,0,1,582
CHE,2,1,4,,2,99,1,UNK,0,1,567
CHE,2,1,5,,2,99,1,UNK,0,1,4817
CHE,2,1,6,,2,99,1,UNK,0,1,65
CHE,2,1,7,,2,99,1,UNK,0,1,813
CHE,2,1,8,,2,99,1,UNK,0,1,1373
CHE,2,1,9,,1,99,1,UNK,0,1,10183
CHE,2,2,1,,3,99,1,UNK,0,1,425
CHE,2,2,2,,3,99,1,UNK,0,1,767
CHE,2,2,3,,3,99,1,UNK,0,1,2003
CHE,2,2,4,,2,99,1,UNK,0,1,1008
CHE,2,2,5,,2,99,1,UNK,0,1,6437
CHE,2,2,7,,2,99,1,UNK,0,1,630
CHE,2,2,8,,2,99,1,UNK,0,1,338
CHE,2,2,9,,1,99,1,UNK,0,1,3780
CHE,2,3,1,,3,0,1,UNK,0,1,619
CHE,2,3,2,,3,0,1,UNK,0,1,2134
CHE,2,3,3,,3,0,1,UNK,0,1,1559
CHE,2,3,4,,2,1,1,UNK,0,1,311
CHE,2,3,5,,2,1,1,UNK,0,1,1199
CHE,2,3,6,,2,1,1,UNK,0,1,26
CHE,2,3,7,,2,1,1,UNK,0,1,82
CHE,2,3,8,,2,1,1,UNK,0,1,148
CHE,2,3,9,,1,1,1,UNK,0,1,1152
CHE,1,1,5,,2,99,1,UNK,0,99,154
CHE,1,1,7,,2,99,1,UNK,0,99,181
CHE,1,1,8,,2,99,1,UNK,0,99,83
CHE,1,1,9,,1,99,1,UNK,0,99,346
CHE,1,2,1,,3,99,1,UNK,0,99,19
CHE,1,2,2,,3,99,1,UNK,0,99,71
CHE,1,2,3,,3,99,1,UNK,0,99,19
CHE,1,2,4,,2,99,1,UNK,0,99,52
CHE,1,2,5,,2,99,1,UNK,0,99,50
CHE,1,2,6,,2,99,1,UNK,0,99,33
CHE,1,2,7,,2,99,1,UNK,0,99,79
CHE,1,2,8,,2,99,1,UNK,0,99,47
CHE,1,2,9,,1,99,1,UNK,0,99,38
CHE,1,3,2,,3,0,1,UNK,0,99,75
CHE,1,3,5,,2,1,1,UNK,0,99,129
CHE,1,3,9,,1,1,1,UNK,0,99,62
CHE,2,1,3,,3,99,1,UNK,0,99,20
CHE,2,1,4,,2,99,1,UNK,0,99,50
CHE,2,1,5,,2,99,1,UNK,0,99,140
CHE,2,1,7,,2,99,1,UNK,0,99,40
CHE,2,1,8,,2,99,1,UNK,0,99,61
CHE,2,1,9,,1,99,1,UNK,0,99,348
CHE,2,2,3,,3,99,1,UNK,0,99,39
CHE,2,2,4,,2,99,1,UNK,0,99,34
CHE,2,2,5,,2,99,1,UNK,0,99,37
CHE,2,2,9,,1,99,1,UNK,0,99,44
CHE,2,3,1,,3,0,1,UNK,0,99,19
CHE,2,3,2,,3,0,1,UNK,0,99,24
CHL,1,1,3,,3,99,1,AFRI,0,1,59
CHL,1,2,2,,3,99,1,AFRI,0,1,232
CHL,2,2,2,,3,99,1,AFRI,0,1,94
CHL,1,1,1,,3,99,1,ASIA,0,1,781
CHL,1,1,5,,2,99,1,ASIA,0,1,760
CHL,1,1,7,,2,99,1,ASIA,0,1,80
CHL,1,2,1,,3,99,1,ASIA,0,1,616
CHL,1,2,2,,3,99,1,ASIA,0,1,236
CHL,1,2,3,,3,99,1,ASIA,0,1,56
CHL,1,2,5,,2,99,1,ASIA,0,1,260
CHL,1,3,1,,3,0,1,ASIA,0,1,74
CHL,1,3,2,,3,0,1,ASIA,0,1,60
CHL,2,1,1,,3,99,1,ASIA,0,1,53
CHL,2,1,5,,2,99,1,ASIA,0,1,80
CHL,2,1,9,,1,99,1,ASIA,0,1,50
CHL,2,2,1,,3,99,1,ASIA,0,1,168
CHL,2,2,2,,3,99,1,ASIA,0,1,460
CHL,2,2,3,,3,99,1,ASIA,0,1,56
CHL,2,2,4,,2,99,1,ASIA,0,1,37
CHL,2,2,5,,2,99,1,ASIA,0,1,183
CHL,1,1,1,,3,99,1,ASIA,1,1,77
CHL,1,2,1,,3,99,1,ASIA,1,1,336
CHL,1,2,2,,3,99,1,ASIA,1,1,69
CHL,1,2,3,,3,99,1,ASIA,1,1,60
CHL,1,3,2,,3,0,1,ASIA,1,1,41
CHL,1,99,1,,3,99,1,ASIA,1,1,55
CHL,2,1,1,,3,99,1,ASIA,1,1,154
CHL,2,1,3,,3,99,1,ASIA,1,1,105
CHL,2,1,5,,2,99,1,ASIA,1,1,30
CHL,2,2,1,,3,99,1,ASIA,1,1,223
CHL,2,2,5,,2,99,1,ASIA,1,1,38
CHL,2,3,1,,3,0,1,ASIA,1,1,50
CHL,2,3,2,,3,0,1,ASIA,1,1,68
CHL,1,1,5,,2,99,1,EURO,0,1,23
CHL,1,2,3,,3,99,1,EURO,0,1,98
CHL,1,2,9,,1,99,1,EURO,0,1,121
CHL,1,3,2,,3,0,1,EURO,0,1,25
CHL,2,1,7,,2,99,1,EURO,0,1,108
CHL,2,2,4,,2,99,1,EURO,0,1,116
CHL,2,3,2,,3,0,1,EURO,0,1,108
CHL,1,1,1,,3,99,1,EURO,1,1,407
CHL,1,1,4,,2,99,1,EURO,1,1,778
CHL,1,1,5,,2,99,1,EURO,1,1,84
CHL,1,1,6,,2,99,1,EURO,1,1,22
CHL,1,1,7,,2,99,1,EURO,1,1,768
CHL,1,1,8,,2,99,1,EURO,1,1,438
CHL,1,1,9,,1,99,1,EURO,1,1,488
CHL,1,2,0,,99,99,1,EURO,1,1,57
CHL,1,2,1,,3,99,1,EURO,1,1,1293
CHL,1,2,2,,3,99,1,EURO,1,1,1832
CHL,1,2,3,,3,99,1,EURO,1,1,355
CHL,1,2,4,,2,99,1,EURO,1,1,37
CHL,1,2,5,,2,99,1,EURO,1,1,71
CHL,1,2,7,,2,99,1,EURO,1,1,233
CHL,1,2,8,,2,99,1,EURO,1,1,46
CHL,1,3,1,,3,0,1,EURO,1,1,135
CHL,1,3,2,,3,0,1,EURO,1,1,686
CHL,1,3,3,,3,0,1,EURO,1,1,102
CHL,1,3,7,,2,1,1,EURO,1,1,41
CHL,1,99,7,,2,99,1,EURO,1,1,76
CHL,2,1,1,,3,99,1,EURO,1,1,70
CHL,2,1,2,,3,99,1,EURO,1,1,22
CHL,2,1,3,,3,99,1,EURO,1,1,8
CHL,2,1,4,,2,99,1,EURO,1,1,74
CHL,2,1,5,,2,99,1,EURO,1,1,473
CHL,2,1,7,,2,99,1,EURO,1,1,44
CHL,2,1,9,,1,99,1,EURO,1,1,4
CHL,2,2,0,,99,99,1,EURO,1,1,55
CHL,2,2,1,,3,99,1,EURO,1,1,750
CHL,2,2,2,,3,99,1,EURO,1,1,1803
CHL,2,2,3,,3,99,1,EURO,1,1,717
CHL,2,2,4,,2,99,1,EURO,1,1,110
CHL,2,2,5,,2,99,1,EURO,1,1,345
CHL,2,3,1,,3,0,1,EURO,1,1,94
CHL,2,3,2,,3,0,1,EURO,1,1,1217
CHL,2,3,3,,3,0,1,EURO,1,1,175
CHL,2,3,5,,2,1,1,EURO,1,1,53
CHL,1,1,1,,3,99,1,NOAM,1,1,158
CHL,1,1,3,,3,99,1,NOAM,1,1,213
CHL,1,1,4,,2,99,1,NOAM,1,1,84
CHL,1,2,1,,3,99,1,NOAM,1,1,250
CHL,1,2,2,,3,99,1,NOAM,1,1,695
CHL,1,2,3,,3,99,1,NOAM,1,1,333
CHL,1,2,4,,2,99,1,NOAM,1,1,229
CHL,1,2,5,,2,99,1,NOAM,1,1,74
CHL,1,2,6,,2,99,1,NOAM,1,1,14
CHL,1,2,7,,2,99,1,NOAM,1,1,26
CHL,1,3,2,,3,0,1,NOAM,1,1,113
CHL,2,1,2,,3,99,1,NOAM,1,1,1536
CHL,2,1,3,,3,99,1,NOAM,1,1,176
CHL,2,1,4,,2,99,1,NOAM,1,1,92
CHL,2,1,5,,2,99,1,NOAM,1,1,86
CHL,2,1,9,,1,99,1,NOAM,1,1,126
CHL,2,2,1,,3,99,1,NOAM,1,1,62
CHL,2,2,2,,3,99,1,NOAM,1,1,268
CHL,2,2,3,,3,99,1,NOAM,1,1,252
CHL,2,2,4,,2,99,1,NOAM,1,1,66
CHL,2,2,5,,2,99,1,NOAM,1,1,414
CHL,2,3,1,,3,0,1,NOAM,1,1,31
CHL,2,3,2,,3,0,1,NOAM,1,1,65
CHL,1,1,3,,3,99,1,OCEA,1,1,137
CHL,1,2,2,,3,99,1,OCEA,1,1,1876
CHL,1,2,6,,2,99,1,OCEA,1,1,37
CHL,1,3,1,,3,0,1,OCEA,1,1,164
CHL,2,1,8,,2,99,1,OCEA,1,1,7
CHL,2,2,3,,3,99,1,OCEA,1,1,38
CHL,2,3,2,,3,0,1,OCEA,1,1,51
CHL,1,1,1,,3,99,1,SCAC,0,1,2933
CHL,1,1,2,,3,99,1,SCAC,0,1,481
CHL,1,1,3,,3,99,1,SCAC,0,1,5378
CHL,1,1,4,,2,99,1,SCAC,0,1,7826
CHL,1,1,5,,2,99,1,SCAC,0,1,15585
CHL,1,1,6,,2,99,1,SCAC,0,1,2821
CHL,1,1,7,,2,99,1,SCAC,0,1,37959
CHL,1,1,8,,2,99,1,SCAC,0,1,9299
CHL,1,1,9,,1,99,1,SCAC,0,1,19157
CHL,1,2,1,,3,99,1,SCAC,0,1,1626
CHL,1,2,2,,3,99,1,SCAC,0,1,6047
CHL,1,2,3,,3,99,1,SCAC,0,1,8153
CHL,1,2,4,,2,99,1,SCAC,0,1,2341
CHL,1,2,5,,2,99,1,SCAC,0,1,5664
CHL,1,2,6,,2,99,1,SCAC,0,1,132
CHL,1,2,7,,2,99,1,SCAC,0,1,4313
CHL,1,2,8,,2,99,1,SCAC,0,1,446
CHL,1,2,9,,1,99,1,SCAC,0,1,1499
CHL,1,3,1,,3,0,1,SCAC,0,1,1391
CHL,1,3,2,,3,0,1,SCAC,0,1,4657
CHL,1,3,3,,3,0,1,SCAC,0,1,166
CHL,1,3,4,,2,1,1,SCAC,0,1,32
CHL,1,99,5,,2,99,1,SCAC,0,1,39
CHL,2,1,1,,3,99,1,SCAC,0,1,2098
CHL,2,1,2,,3,99,1,SCAC,0,1,164
CHL,2,1,3,,3,99,1,SCAC,0,1,2489
CHL,2,1,4,,2,99,1,SCAC,0,1,8471
CHL,2,1,5,,2,99,1,SCAC,0,1,29231
CHL,2,1,6,,2,99,1,SCAC,0,1,1436
CHL,2,1,7,,2,99,1,SCAC,0,1,2698
CHL,2,1,8,,2,99,1,SCAC,0,1,1350
CHL,2,1,9,,1,99,1,SCAC,0,1,46566
CHL,2,2,1,,3,99,1,SCAC,0,1,2111
CHL,2,2,2,,3,99,1,SCAC,0,1,8332
CHL,2,2,3,,3,99,1,SCAC,0,1,5626
CHL,2,2,4,,2,99,1,SCAC,0,1,2657
CHL,2,2,5,,2,99,1,SCAC,0,1,2848
CHL,2,2,6,,2,99,1,SCAC,0,1,21
CHL,2,2,7,,2,99,1,SCAC,0,1,837
CHL,2,2,8,,2,99,1,SCAC,0,1,310
CHL,2,2,9,,1,99,1,SCAC,0,1,2139
CHL,2,3,1,,3,0,1,SCAC,0,1,161
CHL,2,3,2,,3,0,1,SCAC,0,1,3588
CHL,2,3,3,,3,0,1,SCAC,0,1,250
CHL,2,3,5,,2,1,1,SCAC,0,1,15
CHL,2,99,5,,2,99,1,SCAC,0,1,51
CHL,2,99,6,,2,99,1,SCAC,0,1,35
CHL,2,99,9,,1,99,1,SCAC,0,1,256
CHL,1,1,0,,99,99,1,SCAC,1,0,13232
CHL,1,1,1,,3,99,1,SCAC,1,0,112446
CHL,1,1,2,,3,99,1,SCAC,1,0,35050
CHL,1,1,3,,3,99,1,SCAC,1,0,156729
CHL,1,1,4,,2,99,1,SCAC,1,0,190251
CHL,1,1,5,,2,99,1,SCAC,1,0,368171
CHL,1,1,6,,2,99,1,SCAC,1,0,256382
CHL,1,1,7,,2,99,1,SCAC,1,0,796799
CHL,1,1,8,,2,99,1,SCAC,1,0,554700
CHL,1,1,9,,1,99,1,SCAC,1,0,709561
CHL,1,2,0,,99,99,1,SCAC,1,0,11620
CHL,1,2,1,,3,99,1,SCAC,1,0,62685
CHL,1,2,2,,3,99,1,SCAC,1,0,310203
CHL,1,2,3,,3,99,1,SCAC,1,0,170005
CHL,1,2,4,,2,99,1,SCAC,1,0,38828
CHL,1,2,5,,2,99,1,SCAC,1,0,54187
CHL,1,2,6,,2,99,1,SCAC,1,0,8738
CHL,1,2,7,,2,99,1,SCAC,1,0,56679
CHL,1,2,8,,2,99,1,SCAC,1,0,35085
CHL,1,2,9,,1,99,1,SCAC,1,0,21529
CHL,1,3,0,,99,99,1,SCAC,1,0,2822
CHL,1,3,1,,3,0,1,SCAC,1,0,13833
CHL,1,3,2,,3,0,1,SCAC,1,0,60601
CHL,1,3,3,,3,0,1,SCAC,1,0,4350
CHL,1,3,4,,2,1,1,SCAC,1,0,1117
CHL,1,3,5,,2,1,1,SCAC,1,0,1266
CHL,1,3,6,,2,1,1,SCAC,1,0,12
CHL,1,3,7,,2,1,1,SCAC,1,0,484
CHL,1,3,8,,2,1,1,SCAC,1,0,299
CHL,1,3,9,,1,1,1,SCAC,1,0,564
CHL,1,99,1,,3,99,1,SCAC,1,0,110
CHL,1,99,2,,3,99,1,SCAC,1,0,511
CHL,1,99,3,,3,99,1,SCAC,1,0,280
CHL,1,99,4,,2,99,1,SCAC,1,0,272
CHL,1,99,5,,2,99,1,SCAC,1,0,637
CHL,1,99,6,,2,99,1,SCAC,1,0,342
CHL,1,99,7,,2,99,1,SCAC,1,0,1748
CHL,1,99,8,,2,99,1,SCAC,1,0,957
CHL,1,99,9,,1,99,1,SCAC,1,0,1645
CHL,2,1,0,,99,99,1,SCAC,1,0,665
CHL,2,1,1,,3,99,1,SCAC,1,0,119630
CHL,2,1,2,,3,99,1,SCAC,1,0,29258
CHL,2,1,3,,3,99,1,SCAC,1,0,132228
CHL,2,1,4,,2,99,1,SCAC,1,0,340293
CHL,2,1,5,,2,99,1,SCAC,1,0,640317
CHL,2,1,6,,2,99,1,SCAC,1,0,63544
CHL,2,1,7,,2,99,1,SCAC,1,0,110018
CHL,2,1,8,,2,99,1,SCAC,1,0,54628
CHL,2,1,9,,1,99,1,SCAC,1,0,674403
CHL,2,2,0,,99,99,1,SCAC,1,0,816
CHL,2,2,1,,3,99,1,SCAC,1,0,38149
CHL,2,2,2,,3,99,1,SCAC,1,0,347319
CHL,2,2,3,,3,99,1,SCAC,1,0,208468
CHL,2,2,4,,2,99,1,SCAC,1,0,99164
CHL,2,2,5,,2,99,1,SCAC,1,0,71580
CHL,2,2,6,,2,99,1,SCAC,1,0,3034
CHL,2,2,7,,2,99,1,SCAC,1,0,10312
CHL,2,2,8,,2,99,1,SCAC,1,0,3111
CHL,2,2,9,,1,99,1,SCAC,1,0,15618
CHL,2,3,0,,99,99,1,SCAC,1,0,143
CHL,2,3,1,,3,0,1,SCAC,1,0,7654
CHL,2,3,2,,3,0,1,SCAC,1,0,54334
CHL,2,3,3,,3,0,1,SCAC,1,0,4074
CHL,2,3,4,,2,1,1,SCAC,1,0,1686
CHL,2,3,5,,2,1,1,SCAC,1,0,553
CHL,2,3,6,,2,1,1,SCAC,1,0,13
CHL,2,3,7,,2,1,1,SCAC,1,0,179
CHL,2,3,9,,1,1,1,SCAC,1,0,509
CHL,2,99,1,,3,99,1,SCAC,1,0,370
CHL,2,99,2,,3,99,1,SCAC,1,0,808
CHL,2,99,3,,3,99,1,SCAC,1,0,132
CHL,2,99,4,,2,99,1,SCAC,1,0,414
CHL,2,99,5,,2,99,1,SCAC,1,0,710
CHL,2,99,6,,2,99,1,SCAC,1,0,22
CHL,2,99,7,,2,99,1,SCAC,1,0,83
CHL,2,99,8,,2,99,1,SCAC,1,0,151
CHL,2,99,9,,1,99,1,SCAC,1,0,1660
CHL,1,1,1,,3,99,1,SCAC,1,1,265
CHL,1,2,2,,3,99,1,SCAC,1,1,232
CHL,1,2,3,,3,99,1,SCAC,1,1,122
CHL,1,2,4,,2,99,1,SCAC,1,1,291
CHL,2,1,4,,2,99,1,SCAC,1,1,48
CHL,2,2,3,,3,99,1,SCAC,1,1,28
CHL,2,2,5,,2,99,1,SCAC,1,1,258
CHL,2,3,2,,3,0,1,SCAC,1,1,46
CHL,1,1,1,,3,99,1,UNK,0,99,1416
CHL,1,1,2,,3,99,1,UNK,0,99,109
CHL,1,1,3,,3,99,1,UNK,0,99,2034
CHL,1,1,4,,2,99,1,UNK,0,99,1961
CHL,1,1,5,,2,99,1,UNK,0,99,3316
CHL,1,1,6,,2,99,1,UNK,0,99,1681
CHL,1,1,7,,2,99,1,UNK,0,99,9668
CHL,1,1,8,,2,99,1,UNK,0,99,5708
CHL,1,1,9,,1,99,1,UNK,0,99,6412
CHL,1,2,1,,3,99,1,UNK,0,99,925
CHL,1,2,2,,3,99,1,UNK,0,99,2344
CHL,1,2,3,,3,99,1,UNK,0,99,924
CHL,1,2,4,,2,99,1,UNK,0,99,1082
CHL,1,2,5,,2,99,1,UNK,0,99,375
CHL,1,2,6,,2,99,1,UNK,0,99,37
CHL,1,2,7,,2,99,1,UNK,0,99,631
CHL,1,2,8,,2,99,1,UNK,0,99,794
CHL,1,2,9,,1,99,1,UNK,0,99,400
CHL,1,3,1,,3,0,1,UNK,0,99,98
CHL,1,3,2,,3,0,1,UNK,0,99,354
CHL,1,99,6,,2,99,1,UNK,0,99,56
CHL,1,99,7,,2,99,1,UNK,0,99,33
CHL,1,99,9,,1,99,1,UNK,0,99,63
CHL,2,1,1,,3,99,1,UNK,0,99,890
CHL,2,1,2,,3,99,1,UNK,0,99,269
CHL,2,1,3,,3,99,1,UNK,0,99,844
CHL,2,1,4,,2,99,1,UNK,0,99,2442
CHL,2,1,5,,2,99,1,UNK,0,99,5701
CHL,2,1,6,,2,99,1,UNK,0,99,438
CHL,2,1,7,,2,99,1,UNK,0,99,2224
CHL,2,1,8,,2,99,1,UNK,0,99,581
CHL,2,1,9,,1,99,1,UNK,0,99,7149
CHL,2,2,1,,3,99,1,UNK,0,99,182
CHL,2,2,2,,3,99,1,UNK,0,99,2960
CHL,2,2,3,,3,99,1,UNK,0,99,984
CHL,2,2,4,,2,99,1,UNK,0,99,417
CHL,2,2,5,,2,99,1,UNK,0,99,636
CHL,2,2,9,,1,99,1,UNK,0,99,282
CHL,2,3,2,,3,0,1,UNK,0,99,376
CHL,2,99,1,,3,99,1,UNK,0,99,145
CHL,2,99,5,,2,99,1,UNK,0,99,219
CHL,2,99,9,,1,99,1,UNK,0,99,191
CZE,1,1,1,,3,99,1,AFRI,0,1,3
CZE,1,1,2,,3,99,1,AFRI,0,1,1
CZE,1,1,3,,3,99,1,AFRI,0,1,10
CZE,1,1,4,,2,99,1,AFRI,0,1,2
CZE,1,1,5,,2,99,1,AFRI,0,1,22
CZE,1,1,6,,2,99,1,AFRI,0,1,1
CZE,1,1,7,,2,99,1,AFRI,0,1,9
CZE,1,1,8,,2,99,1,AFRI,0,1,7
CZE,1,1,9,,1,99,1,AFRI,0,1,5
CZE,1,1,99,,99,99,1,AFRI,0,1,13
CZE,1,2,1,,3,99,1,AFRI,0,1,35
CZE,1,2,2,,3,99,1,AFRI,0,1,43
CZE,1,2,3,,3,99,1,AFRI,0,1,62
CZE,1,2,4,,2,99,1,AFRI,0,1,35
CZE,1,2,5,,2,99,1,AFRI,0,1,145
CZE,1,2,6,,2,99,1,AFRI,0,1,4
CZE,1,2,7,,2,99,1,AFRI,0,1,41
CZE,1,2,8,,2,99,1,AFRI,0,1,196
CZE,1,2,9,,1,99,1,AFRI,0,1,8
CZE,1,2,99,,99,99,1,AFRI,0,1,67
CZE,1,3,1,,3,0,1,AFRI,0,1,89
CZE,1,3,2,,3,0,1,AFRI,0,1,505
CZE,1,3,3,,3,0,1,AFRI,0,1,136
CZE,1,3,4,,2,1,1,AFRI,0,1,49
CZE,1,3,5,,2,1,1,AFRI,0,1,87
CZE,1,3,7,,2,1,1,AFRI,0,1,15
CZE,1,3,8,,2,1,1,AFRI,0,1,20
CZE,1,3,9,,1,1,1,AFRI,0,1,9
CZE,1,3,99,,99,99,1,AFRI,0,1,86
CZE,1,99,1,,3,99,1,AFRI,0,1,1
CZE,1,99,2,,3,99,1,AFRI,0,1,1
CZE,1,99,3,,3,99,1,AFRI,0,1,2
CZE,1,99,4,,2,99,1,AFRI,0,1,1
CZE,1,99,5,,2,99,1,AFRI,0,1,4
CZE,1,99,7,,2,99,1,AFRI,0,1,2
CZE,1,99,8,,2,99,1,AFRI,0,1,2
CZE,1,99,9,,1,99,1,AFRI,0,1,1
CZE,1,99,99,,99,99,1,AFRI,0,1,6
CZE,2,1,1,,3,99,1,AFRI,0,1,2
CZE,2,1,5,,2,99,1,AFRI,0,1,2
CZE,2,1,9,,1,99,1,AFRI,0,1,3
CZE,2,1,99,,99,99,1,AFRI,0,1,4
CZE,2,2,1,,3,99,1,AFRI,0,1,4
CZE,2,2,2,,3,99,1,AFRI,0,1,23
CZE,2,2,3,,3,99,1,AFRI,0,1,18
CZE,2,2,4,,2,99,1,AFRI,0,1,13
CZE,2,2,5,,2,99,1,AFRI,0,1,17
CZE,2,2,7,,2,99,1,AFRI,0,1,3
CZE,2,2,9,,1,99,1,AFRI,0,1,4
CZE,2,2,99,,99,99,1,AFRI,0,1,10
CZE,2,3,1,,3,0,1,AFRI,0,1,5
CZE,2,3,2,,3,0,1,AFRI,0,1,58
CZE,2,3,3,,3,0,1,AFRI,0,1,14
CZE,2,3,4,,2,1,1,AFRI,0,1,8
CZE,2,3,5,,2,1,1,AFRI,0,1,2
CZE,2,3,6,,2,1,1,AFRI,0,1,1
CZE,2,3,7,,2,1,1,AFRI,0,1,1
CZE,2,3,9,,1,1,1,AFRI,0,1,1
CZE,2,3,99,,99,99,1,AFRI,0,1,14
CZE,2,99,2,,3,99,1,AFRI,0,1,1
CZE,2,99,3,,3,99,1,AFRI,0,1,2
CZE,2,99,99,,99,99,1,AFRI,0,1,2
CZE,1,1,1,,3,99,1,ASIA,0,1,46
CZE,1,1,2,,3,99,1,ASIA,0,1,31
CZE,1,1,3,,3,99,1,ASIA,0,1,385
CZE,1,1,4,,2,99,1,ASIA,0,1,18
CZE,1,1,5,,2,99,1,ASIA,0,1,1411
CZE,1,1,6,,2,99,1,ASIA,0,1,8
CZE,1,1,7,,2,99,1,ASIA,0,1,212
CZE,1,1,8,,2,99,1,ASIA,0,1,599
CZE,1,1,9,,1,99,1,ASIA,0,1,126
CZE,1,1,99,,99,99,1,ASIA,0,1,1407
CZE,1,2,1,,3,99,1,ASIA,0,1,280
CZE,1,2,2,,3,99,1,ASIA,0,1,117
CZE,1,2,3,,3,99,1,ASIA,0,1,481
CZE,1,2,4,,2,99,1,ASIA,0,1,127
CZE,1,2,5,,2,99,1,ASIA,0,1,3145
CZE,1,2,6,,2,99,1,ASIA,0,1,18
CZE,1,2,7,,2,99,1,ASIA,0,1,481
CZE,1,2,8,,2,99,1,ASIA,0,1,461
CZE,1,2,9,,1,99,1,ASIA,0,1,94
CZE,1,2,99,,99,99,1,ASIA,0,1,1794
CZE,1,3,1,,3,0,1,ASIA,0,1,699
CZE,1,3,2,,3,0,1,ASIA,0,1,1401
CZE,1,3,3,,3,0,1,ASIA,0,1,712
CZE,1,3,4,,2,1,1,ASIA,0,1,64
CZE,1,3,5,,2,1,1,ASIA,0,1,514
CZE,1,3,6,,2,1,1,ASIA,0,1,3
CZE,1,3,7,,2,1,1,ASIA,0,1,403
CZE,1,3,8,,2,1,1,ASIA,0,1,74
CZE,1,3,9,,1,1,1,ASIA,0,1,81
CZE,1,3,99,,99,99,1,ASIA,0,1,533
CZE,1,99,1,,3,99,1,ASIA,0,1,8
CZE,1,99,2,,3,99,1,ASIA,0,1,6
CZE,1,99,3,,3,99,1,ASIA,0,1,23
CZE,1,99,4,,2,99,1,ASIA,0,1,2
CZE,1,99,5,,2,99,1,ASIA,0,1,134
CZE,1,99,7,,2,99,1,ASIA,0,1,29
CZE,1,99,8,,2,99,1,ASIA,0,1,22
CZE,1,99,9,,1,99,1,ASIA,0,1,14
CZE,1,99,99,,99,99,1,ASIA,0,1,323
CZE,2,1,1,,3,99,1,ASIA,0,1,19
CZE,2,1,2,,3,99,1,ASIA,0,1,16
CZE,2,1,3,,3,99,1,ASIA,0,1,104
CZE,2,1,4,,2,99,1,ASIA,0,1,16
CZE,2,1,5,,2,99,1,ASIA,0,1,1288
CZE,2,1,6,,2,99,1,ASIA,0,1,2
CZE,2,1,7,,2,99,1,ASIA,0,1,161
CZE,2,1,8,,2,99,1,ASIA,0,1,121
CZE,2,1,9,,1,99,1,ASIA,0,1,64
CZE,2,1,99,,99,99,1,ASIA,0,1,973
CZE,2,2,1,,3,99,1,ASIA,0,1,70
CZE,2,2,2,,3,99,1,ASIA,0,1,97
CZE,2,2,3,,3,99,1,ASIA,0,1,270
CZE,2,2,4,,2,99,1,ASIA,0,1,314
CZE,2,2,5,,2,99,1,ASIA,0,1,2637
CZE,2,2,6,,2,99,1,ASIA,0,1,8
CZE,2,2,7,,2,99,1,ASIA,0,1,317
CZE,2,2,8,,2,99,1,ASIA,0,1,283
CZE,2,2,9,,1,99,1,ASIA,0,1,198
CZE,2,2,99,,99,99,1,ASIA,0,1,1114
CZE,2,3,1,,3,0,1,ASIA,0,1,119
CZE,2,3,2,,3,0,1,ASIA,0,1,277
CZE,2,3,3,,3,0,1,ASIA,0,1,230
CZE,2,3,4,,2,1,1,ASIA,0,1,71
CZE,2,3,5,,2,1,1,ASIA,0,1,353
CZE,2,3,6,,2,1,1,ASIA,0,1,2
CZE,2,3,7,,2,1,1,ASIA,0,1,100
CZE,2,3,8,,2,1,1,ASIA,0,1,142
CZE,2,3,9,,1,1,1,ASIA,0,1,40
CZE,2,3,99,,99,99,1,ASIA,0,1,328
CZE,2,99,1,,3,99,1,ASIA,0,1,2
CZE,2,99,2,,3,99,1,ASIA,0,1,2
CZE,2,99,3,,3,99,1,ASIA,0,1,21
CZE,2,99,4,,2,99,1,ASIA,0,1,3
CZE,2,99,5,,2,99,1,ASIA,0,1,107
CZE,2,99,6,,2,99,1,ASIA,0,1,1
CZE,2,99,7,,2,99,1,ASIA,0,1,24
CZE,2,99,8,,2,99,1,ASIA,0,1,33
CZE,2,99,9,,1,99,1,ASIA,0,1,6
CZE,2,99,99,,99,99,1,ASIA,0,1,253
CZE,1,1,1,,3,99,1,ASIA,1,1,2
CZE,1,1,3,,3,99,1,ASIA,1,1,2
CZE,1,2,1,,3,99,1,ASIA,1,1,55
CZE,1,2,2,,3,99,1,ASIA,1,1,7
CZE,1,2,3,,3,99,1,ASIA,1,1,5
CZE,1,2,4,,2,99,1,ASIA,1,1,1
CZE,1,2,5,,2,99,1,ASIA,1,1,5
CZE,1,2,6,,2,99,1,ASIA,1,1,1
CZE,1,2,7,,2,99,1,ASIA,1,1,1
CZE,1,2,8,,2,99,1,ASIA,1,1,5
CZE,1,2,99,,99,99,1,ASIA,1,1,6
CZE,1,3,1,,3,0,1,ASIA,1,1,137
CZE,1,3,2,,3,0,1,ASIA,1,1,93
CZE,1,3,3,,3,0,1,ASIA,1,1,34
CZE,1,3,4,,2,1,1,ASIA,1,1,5
CZE,1,3,5,,2,1,1,ASIA,1,1,9
CZE,1,3,7,,2,1,1,ASIA,1,1,5
CZE,1,3,8,,2,1,1,ASIA,1,1,6
CZE,1,3,99,,99,99,1,ASIA,1,1,17
CZE,1,99,1,,3,99,1,ASIA,1,1,2
CZE,1,99,2,,3,99,1,ASIA,1,1,1
CZE,1,99,3,,3,99,1,ASIA,1,1,1
CZE,2,1,99,,99,99,1,ASIA,1,1,1
CZE,2,2,1,,3,99,1,ASIA,1,1,1
CZE,2,2,2,,3,99,1,ASIA,1,1,2
CZE,2,2,3,,3,99,1,ASIA,1,1,4
CZE,2,2,4,,2,99,1,ASIA,1,1,2
CZE,2,2,5,,2,99,1,ASIA,1,1,5
CZE,2,2,9,,1,99,1,ASIA,1,1,1
CZE,2,2,99,,99,99,1,ASIA,1,1,4
CZE,2,3,1,,3,0,1,ASIA,1,1,13
CZE,2,3,2,,3,0,1,ASIA,1,1,56
CZE,2,3,3,,3,0,1,ASIA,1,1,21
CZE,2,3,4,,2,1,1,ASIA,1,1,7
CZE,2,3,5,,2,1,1,ASIA,1,1,12
CZE,2,3,7,,2,1,1,ASIA,1,1,1
CZE,2,3,8,,2,1,1,ASIA,1,1,1
CZE,2,3,99,,99,99,1,ASIA,1,1,13
CZE,2,99,2,,3,99,1,ASIA,1,1,1
CZE,1,1,1,,3,99,1,EURO,0,1,52
CZE,1,1,2,,3,99,1,EURO,0,1,27
CZE,1,1,3,,3,99,1,EURO,0,1,179
CZE,1,1,4,,2,99,1,EURO,0,1,32
CZE,1,1,5,,2,99,1,EURO,0,1,130
CZE,1,1,6,,2,99,1,EURO,0,1,431
CZE,1,1,7,,2,99,1,EURO,0,1,734
CZE,1,1,8,,2,99,1,EURO,0,1,654
CZE,1,1,9,,1,99,1,EURO,0,1,483
CZE,1,1,99,,99,99,1,EURO,0,1,839
CZE,1,2,1,,3,99,1,EURO,0,1,1087
CZE,1,2,2,,3,99,1,EURO,0,1,309
CZE,1,2,3,,3,99,1,EURO,0,1,1030
CZE,1,2,4,,2,99,1,EURO,0,1,395
CZE,1,2,5,,2,99,1,EURO,0,1,1684
CZE,1,2,6,,2,99,1,EURO,0,1,265
CZE,1,2,7,,2,99,1,EURO,0,1,4669
CZE,1,2,8,,2,99,1,EURO,0,1,2399
CZE,1,2,9,,1,99,1,EURO,0,1,721
CZE,1,2,99,,99,99,1,EURO,0,1,2770
CZE,1,3,1,,3,0,1,EURO,0,1,1610
CZE,1,3,2,,3,0,1,EURO,0,1,3800
CZE,1,3,3,,3,0,1,EURO,0,1,1269
CZE,1,3,4,,2,1,1,EURO,0,1,219
CZE,1,3,5,,2,1,1,EURO,0,1,482
CZE,1,3,6,,2,1,1,EURO,0,1,57
CZE,1,3,7,,2,1,1,EURO,0,1,952
CZE,1,3,8,,2,1,1,EURO,0,1,658
CZE,1,3,9,,1,1,1,EURO,0,1,270
CZE,1,3,99,,99,99,1,EURO,0,1,1296
CZE,1,99,1,,3,99,1,EURO,0,1,23
CZE,1,99,2,,3,99,1,EURO,0,1,17
CZE,1,99,3,,3,99,1,EURO,0,1,33
CZE,1,99,4,,2,99,1,EURO,0,1,2
CZE,1,99,5,,2,99,1,EURO,0,1,19
CZE,1,99,6,,2,99,1,EURO,0,1,12
CZE,1,99,7,,2,99,1,EURO,0,1,171
CZE,1,99,8,,2,99,1,EURO,0,1,49
CZE,1,99,9,,1,99,1,EURO,0,1,47
CZE,1,99,99,,99,99,1,EURO,0,1,307
CZE,2,1,1,,3,99,1,EURO,0,1,39
CZE,2,1,2,,3,99,1,EURO,0,1,28
CZE,2,1,3,,3,99,1,EURO,0,1,257
CZE,2,1,4,,2,99,1,EURO,0,1,38
CZE,2,1,5,,2,99,1,EURO,0,1,472
CZE,2,1,6,,2,99,1,EURO,0,1,115
CZE,2,1,7,,2,99,1,EURO,0,1,229
CZE,2,1,8,,2,99,1,EURO,0,1,515
CZE,2,1,9,,1,99,1,EURO,0,1,794
CZE,2,1,99,,99,99,1,EURO,0,1,594
CZE,2,2,1,,3,99,1,EURO,0,1,390
CZE,2,2,2,,3,99,1,EURO,0,1,1090
CZE,2,2,3,,3,99,1,EURO,0,1,1783
CZE,2,2,4,,2,99,1,EURO,0,1,545
CZE,2,2,5,,2,99,1,EURO,0,1,3304
CZE,2,2,6,,2,99,1,EURO,0,1,308
CZE,2,2,7,,2,99,1,EURO,0,1,1664
CZE,2,2,8,,2,99,1,EURO,0,1,1829
CZE,2,2,9,,1,99,1,EURO,0,1,2792
CZE,2,2,99,,99,99,1,EURO,0,1,2425
CZE,2,3,1,,3,0,1,EURO,0,1,1116
CZE,2,3,2,,3,0,1,EURO,0,1,3725
CZE,2,3,3,,3,0,1,EURO,0,1,591
CZE,2,3,4,,2,1,1,EURO,0,1,428
CZE,2,3,5,,2,1,1,EURO,0,1,610
CZE,2,3,6,,2,1,1,EURO,0,1,40
CZE,2,3,7,,2,1,1,EURO,0,1,222
CZE,2,3,8,,2,1,1,EURO,0,1,374
CZE,2,3,9,,1,1,1,EURO,0,1,567
CZE,2,3,99,,99,99,1,EURO,0,1,1190
CZE,2,99,1,,3,99,1,EURO,0,1,19
CZE,2,99,2,,3,99,1,EURO,0,1,17
CZE,2,99,3,,3,99,1,EURO,0,1,38
CZE,2,99,4,,2,99,1,EURO,0,1,7
CZE,2,99,5,,2,99,1,EURO,0,1,53
CZE,2,99,6,,2,99,1,EURO,0,1,11
CZE,2,99,7,,2,99,1,EURO,0,1,34
CZE,2,99,8,,2,99,1,EURO,0,1,39
CZE,2,99,9,,1,99,1,EURO,0,1,86
CZE,2,99,99,,99,99,1,EURO,0,1,258
CZE,1,1,1,,3,99,1,EURO,1,0,1026
CZE,1,1,2,,3,99,1,EURO,1,0,1053
CZE,1,1,3,,3,99,1,EURO,1,0,3294
CZE,1,1,4,,2,99,1,EURO,1,0,2362
CZE,1,1,5,,2,99,1,EURO,1,0,5365
CZE,1,1,6,,2,99,1,EURO,1,0,855
CZE,1,1,7,,2,99,1,EURO,1,0,17700
CZE,1,1,8,,2,99,1,EURO,1,0,24824
CZE,1,1,9,,1,99,1,EURO,1,0,14492
CZE,1,1,99,,99,99,1,EURO,1,0,16289
CZE,1,2,1,,3,99,1,EURO,1,0,73386
CZE,1,2,2,,3,99,1,EURO,1,0,35508
CZE,1,2,3,,3,99,1,EURO,1,0,303192
CZE,1,2,4,,2,99,1,EURO,1,0,63738
CZE,1,2,5,,2,99,1,EURO,1,0,192661
CZE,1,2,6,,2,99,1,EURO,1,0,40048
CZE,1,2,7,,2,99,1,EURO,1,0,623124
CZE,1,2,8,,2,99,1,EURO,1,0,409352
CZE,1,2,9,,1,99,1,EURO,1,0,59979
CZE,1,2,99,,99,99,1,EURO,1,0,122842
CZE,1,3,1,,3,0,1,EURO,1,0,92322
CZE,1,3,2,,3,0,1,EURO,1,0,268441
CZE,1,3,3,,3,0,1,EURO,1,0,122881
CZE,1,3,4,,2,1,1,EURO,1,0,18368
CZE,1,3,5,,2,1,1,EURO,1,0,23785
CZE,1,3,6,,2,1,1,EURO,1,0,3932
CZE,1,3,7,,2,1,1,EURO,1,0,12103
CZE,1,3,8,,2,1,1,EURO,1,0,5930
CZE,1,3,9,,1,1,1,EURO,1,0,1320
CZE,1,3,99,,99,99,1,EURO,1,0,20058
CZE,1,99,1,,3,99,1,EURO,1,0,304
CZE,1,99,2,,3,99,1,EURO,1,0,526
CZE,1,99,3,,3,99,1,EURO,1,0,956
CZE,1,99,4,,2,99,1,EURO,1,0,215
CZE,1,99,5,,2,99,1,EURO,1,0,825
CZE,1,99,6,,2,99,1,EURO,1,0,191
CZE,1,99,7,,2,99,1,EURO,1,0,2345
CZE,1,99,8,,2,99,1,EURO,1,0,1722
CZE,1,99,9,,1,99,1,EURO,1,0,331
CZE,1,99,99,,99,99,1,EURO,1,0,3806
CZE,2,1,1,,3,99,1,EURO,1,0,616
CZE,2,1,2,,3,99,1,EURO,1,0,1392
CZE,2,1,3,,3,99,1,EURO,1,0,4629
CZE,2,1,4,,2,99,1,EURO,1,0,4773
CZE,2,1,5,,2,99,1,EURO,1,0,16644
CZE,2,1,6,,2,99,1,EURO,1,0,1996
CZE,2,1,7,,2,99,1,EURO,1,0,5419
CZE,2,1,8,,2,99,1,EURO,1,0,9651
CZE,2,1,9,,1,99,1,EURO,1,0,25023
CZE,2,1,99,,99,99,1,EURO,1,0,17326
CZE,2,2,1,,3,99,1,EURO,1,0,25019
CZE,2,2,2,,3,99,1,EURO,1,0,85145
CZE,2,2,3,,3,99,1,EURO,1,0,240829
CZE,2,2,4,,2,99,1,EURO,1,0,279711
CZE,2,2,5,,2,99,1,EURO,1,0,389596
CZE,2,2,6,,2,99,1,EURO,1,0,18511
CZE,2,2,7,,2,99,1,EURO,1,0,71934
CZE,2,2,8,,2,99,1,EURO,1,0,149324
CZE,2,2,9,,1,99,1,EURO,1,0,120056
CZE,2,2,99,,99,99,1,EURO,1,0,94363
CZE,2,3,1,,3,0,1,EURO,1,0,27076
CZE,2,3,2,,3,0,1,EURO,1,0,275241
CZE,2,3,3,,3,0,1,EURO,1,0,111065
CZE,2,3,4,,2,1,1,EURO,1,0,57145
CZE,2,3,5,,2,1,1,EURO,1,0,22506
CZE,2,3,6,,2,1,1,EURO,1,0,2563
CZE,2,3,7,,2,1,1,EURO,1,0,3669
CZE,2,3,8,,2,1,1,EURO,1,0,1693
CZE,2,3,9,,1,1,1,EURO,1,0,1143
CZE,2,3,99,,99,99,1,EURO,1,0,14622
CZE,2,99,1,,3,99,1,EURO,1,0,191
CZE,2,99,2,,3,99,1,EURO,1,0,993
CZE,2,99,3,,3,99,1,EURO,1,0,1127
CZE,2,99,4,,2,99,1,EURO,1,0,466
CZE,2,99,5,,2,99,1,EURO,1,0,1639
CZE,2,99,6,,2,99,1,EURO,1,0,139
CZE,2,99,7,,2,99,1,EURO,1,0,383
CZE,2,99,8,,2,99,1,EURO,1,0,669
CZE,2,99,9,,1,99,1,EURO,1,0,591
CZE,2,99,99,,99,99,1,EURO,1,0,3075
CZE,1,1,1,,3,99,1,EURO,1,1,52
CZE,1,1,2,,3,99,1,EURO,1,1,62
CZE,1,1,3,,3,99,1,EURO,1,1,162
CZE,1,1,4,,2,99,1,EURO,1,1,53
CZE,1,1,5,,2,99,1,EURO,1,1,283
CZE,1,1,6,,2,99,1,EURO,1,1,74
CZE,1,1,7,,2,99,1,EURO,1,1,380
CZE,1,1,8,,2,99,1,EURO,1,1,546
CZE,1,1,9,,1,99,1,EURO,1,1,409
CZE,1,1,99,,99,99,1,EURO,1,1,446
CZE,1,2,1,,3,99,1,EURO,1,1,1360
CZE,1,2,2,,3,99,1,EURO,1,1,2066
CZE,1,2,3,,3,99,1,EURO,1,1,2984
CZE,1,2,4,,2,99,1,EURO,1,1,1728
CZE,1,2,5,,2,99,1,EURO,1,1,1372
CZE,1,2,6,,2,99,1,EURO,1,1,372
CZE,1,2,7,,2,99,1,EURO,1,1,6220
CZE,1,2,8,,2,99,1,EURO,1,1,5532
CZE,1,2,9,,1,99,1,EURO,1,1,1097
CZE,1,2,99,,99,99,1,EURO,1,1,2573
CZE,1,3,1,,3,0,1,EURO,1,1,3952
CZE,1,3,2,,3,0,1,EURO,1,1,5761
CZE,1,3,3,,3,0,1,EURO,1,1,2648
CZE,1,3,4,,2,1,1,EURO,1,1,388
CZE,1,3,5,,2,1,1,EURO,1,1,1116
CZE,1,3,6,,2,1,1,EURO,1,1,41
CZE,1,3,7,,2,1,1,EURO,1,1,731
CZE,1,3,8,,2,1,1,EURO,1,1,335
CZE,1,3,9,,1,1,1,EURO,1,1,114
CZE,1,3,99,,99,99,1,EURO,1,1,754
CZE,1,99,1,,3,99,1,EURO,1,1,13
CZE,1,99,2,,3,99,1,EURO,1,1,38
CZE,1,99,3,,3,99,1,EURO,1,1,27
CZE,1,99,4,,2,99,1,EURO,1,1,7
CZE,1,99,5,,2,99,1,EURO,1,1,25
CZE,1,99,6,,2,99,1,EURO,1,1,4
CZE,1,99,7,,2,99,1,EURO,1,1,69
CZE,1,99,8,,2,99,1,EURO,1,1,64
CZE,1,99,9,,1,99,1,EURO,1,1,9
CZE,1,99,99,,99,99,1,EURO,1,1,143
CZE,2,1,1,,3,99,1,EURO,1,1,7
CZE,2,1,2,,3,99,1,EURO,1,1,26
CZE,2,1,3,,3,99,1,EURO,1,1,81
CZE,2,1,4,,2,99,1,EURO,1,1,205
CZE,2,1,5,,2,99,1,EURO,1,1,331
CZE,2,1,6,,2,99,1,EURO,1,1,41
CZE,2,1,7,,2,99,1,EURO,1,1,122
CZE,2,1,8,,2,99,1,EURO,1,1,401
CZE,2,1,9,,1,99,1,EURO,1,1,437
CZE,2,1,99,,99,99,1,EURO,1,1,322
CZE,2,2,1,,3,99,1,EURO,1,1,567
CZE,2,2,2,,3,99,1,EURO,1,1,1543
CZE,2,2,3,,3,99,1,EURO,1,1,2043
CZE,2,2,4,,2,99,1,EURO,1,1,2860
CZE,2,2,5,,2,99,1,EURO,1,1,3082
CZE,2,2,6,,2,99,1,EURO,1,1,169
CZE,2,2,7,,2,99,1,EURO,1,1,1018
CZE,2,2,8,,2,99,1,EURO,1,1,1540
CZE,2,2,9,,1,99,1,EURO,1,1,1270
CZE,2,2,99,,99,99,1,EURO,1,1,1471
CZE,2,3,1,,3,0,1,EURO,1,1,781
CZE,2,3,2,,3,0,1,EURO,1,1,5354
CZE,2,3,3,,3,0,1,EURO,1,1,3117
CZE,2,3,4,,2,1,1,EURO,1,1,702
CZE,2,3,5,,2,1,1,EURO,1,1,548
CZE,2,3,6,,2,1,1,EURO,1,1,19
CZE,2,3,7,,2,1,1,EURO,1,1,123
CZE,2,3,8,,2,1,1,EURO,1,1,194
CZE,2,3,9,,1,1,1,EURO,1,1,28
CZE,2,3,99,,99,99,1,EURO,1,1,465
CZE,2,99,1,,3,99,1,EURO,1,1,6
CZE,2,99,2,,3,99,1,EURO,1,1,28
CZE,2,99,3,,3,99,1,EURO,1,1,21
CZE,2,99,4,,2,99,1,EURO,1,1,11
CZE,2,99,5,,2,99,1,EURO,1,1,38
CZE,2,99,6,,2,99,1,EURO,1,1,3
CZE,2,99,7,,2,99,1,EURO,1,1,12
CZE,2,99,8,,2,99,1,EURO,1,1,24
CZE,2,99,9,,1,99,1,EURO,1,1,27
CZE,2,99,99,,99,99,1,EURO,1,1,91
CZE,1,1,2,,3,99,1,NOAM,1,1,3
CZE,1,1,4,,2,99,1,NOAM,1,1,2
CZE,1,1,7,,2,99,1,NOAM,1,1,2
CZE,1,1,99,,99,99,1,NOAM,1,1,2
CZE,1,2,1,,3,99,1,NOAM,1,1,20
CZE,1,2,2,,3,99,1,NOAM,1,1,89
CZE,1,2,3,,3,99,1,NOAM,1,1,32
CZE,1,2,4,,2,99,1,NOAM,1,1,8
CZE,1,2,5,,2,99,1,NOAM,1,1,18
CZE,1,2,6,,2,99,1,NOAM,1,1,1
CZE,1,2,7,,2,99,1,NOAM,1,1,5
CZE,1,2,8,,2,99,1,NOAM,1,1,10
CZE,1,2,99,,99,99,1,NOAM,1,1,18
CZE,1,3,1,,3,0,1,NOAM,1,1,79
CZE,1,3,2,,3,0,1,NOAM,1,1,335
CZE,1,3,3,,3,0,1,NOAM,1,1,300
CZE,1,3,4,,2,1,1,NOAM,1,1,7
CZE,1,3,5,,2,1,1,NOAM,1,1,9
CZE,1,3,6,,2,1,1,NOAM,1,1,1
CZE,1,3,7,,2,1,1,NOAM,1,1,5
CZE,1,3,99,,99,99,1,NOAM,1,1,24
CZE,1,99,1,,3,99,1,NOAM,1,1,1
CZE,1,99,2,,3,99,1,NOAM,1,1,4
CZE,1,99,5,,2,99,1,NOAM,1,1,1
CZE,1,99,7,,2,99,1,NOAM,1,1,1
CZE,1,99,99,,99,99,1,NOAM,1,1,4
CZE,2,1,2,,3,99,1,NOAM,1,1,1
CZE,2,1,3,,3,99,1,NOAM,1,1,1
CZE,2,1,7,,2,99,1,NOAM,1,1,2
CZE,2,1,99,,99,99,1,NOAM,1,1,2
CZE,2,2,1,,3,99,1,NOAM,1,1,5
CZE,2,2,2,,3,99,1,NOAM,1,1,34
CZE,2,2,3,,3,99,1,NOAM,1,1,8
CZE,2,2,4,,2,99,1,NOAM,1,1,8
CZE,2,2,5,,2,99,1,NOAM,1,1,8
CZE,2,2,6,,2,99,1,NOAM,1,1,2
CZE,2,2,7,,2,99,1,NOAM,1,1,1
CZE,2,2,9,,1,99,1,NOAM,1,1,1
CZE,2,2,99,,99,99,1,NOAM,1,1,15
CZE,2,3,1,,3,0,1,NOAM,1,1,33
CZE,2,3,2,,3,0,1,NOAM,1,1,325
CZE,2,3,3,,3,0,1,NOAM,1,1,49
CZE,2,3,4,,2,1,1,NOAM,1,1,12
CZE,2,3,5,,2,1,1,NOAM,1,1,9
CZE,2,3,6,,2,1,1,NOAM,1,1,1
CZE,2,3,7,,2,1,1,NOAM,1,1,2
CZE,2,3,99,,99,99,1,NOAM,1,1,37
CZE,2,99,2,,3,99,1,NOAM,1,1,2
CZE,2,99,99,,99,99,1,NOAM,1,1,4
CZE,1,3,2,,3,0,1,OCEA,0,1,1
CZE,1,1,3,,3,99,1,OCEA,1,1,1
CZE,1,1,9,,1,99,1,OCEA,1,1,1
CZE,1,2,1,,3,99,1,OCEA,1,1,13
CZE,1,2,2,,3,99,1,OCEA,1,1,26
CZE,1,2,3,,3,99,1,OCEA,1,1,13
CZE,1,2,4,,2,99,1,OCEA,1,1,3
CZE,1,2,5,,2,99,1,OCEA,1,1,5
CZE,1,2,7,,2,99,1,OCEA,1,1,4
CZE,1,2,8,,2,99,1,OCEA,1,1,2
CZE,1,2,99,,99,99,1,OCEA,1,1,3
CZE,1,3,1,,3,0,1,OCEA,1,1,25
CZE,1,3,2,,3,0,1,OCEA,1,1,101
CZE,1,3,3,,3,0,1,OCEA,1,1,12
CZE,1,3,4,,2,1,1,OCEA,1,1,10
CZE,1,3,5,,2,1,1,OCEA,1,1,5
CZE,1,3,8,,2,1,1,OCEA,1,1,2
CZE,1,3,99,,99,99,1,OCEA,1,1,10
CZE,1,99,3,,3,99,1,OCEA,1,1,2
CZE,2,1,4,,2,99,1,OCEA,1,1,1
CZE,2,2,2,,3,99,1,OCEA,1,1,8
CZE,2,2,3,,3,99,1,OCEA,1,1,4
CZE,2,2,4,,2,99,1,OCEA,1,1,8
CZE,2,2,5,,2,99,1,OCEA,1,1,6
CZE,2,2,7,,2,99,1,OCEA,1,1,1
CZE,2,2,9,,1,99,1,OCEA,1,1,1
CZE,2,2,99,,99,99,1,OCEA,1,1,4
CZE,2,3,1,,3,0,1,OCEA,1,1,2
CZE,2,3,2,,3,0,1,OCEA,1,1,36
CZE,2,3,3,,3,0,1,OCEA,1,1,4
CZE,2,3,4,,2,1,1,OCEA,1,1,2
CZE,2,3,5,,2,1,1,OCEA,1,1,1
CZE,2,3,8,,2,1,1,OCEA,1,1,1
CZE,2,3,99,,99,99,1,OCEA,1,1,3
CZE,1,1,2,,3,99,1,SCAC,0,1,1
CZE,1,1,3,,3,99,1,SCAC,0,1,5
CZE,1,1,5,,2,99,1,SCAC,0,1,7
CZE,1,1,7,,2,99,1,SCAC,0,1,1
CZE,1,1,8,,2,99,1,SCAC,0,1,8
CZE,1,1,9,,1,99,1,SCAC,0,1,1
CZE,1,1,99,,99,99,1,SCAC,0,1,3
CZE,1,2,1,,3,99,1,SCAC,0,1,12
CZE,1,2,2,,3,99,1,SCAC,0,1,82
CZE,1,2,3,,3,99,1,SCAC,0,1,21
CZE,1,2,4,,2,99,1,SCAC,0,1,10
CZE,1,2,5,,2,99,1,SCAC,0,1,87
CZE,1,2,6,,2,99,1,SCAC,0,1,1
CZE,1,2,7,,2,99,1,SCAC,0,1,7
CZE,1,2,8,,2,99,1,SCAC,0,1,85
CZE,1,2,9,,1,99,1,SCAC,0,1,1
CZE,1,2,99,,99,99,1,SCAC,0,1,13
CZE,1,3,1,,3,0,1,SCAC,0,1,29
CZE,1,3,2,,3,0,1,SCAC,0,1,235
CZE,1,3,3,,3,0,1,SCAC,0,1,36
CZE,1,3,4,,2,1,1,SCAC,0,1,18
CZE,1,3,5,,2,1,1,SCAC,0,1,20
CZE,1,3,7,,2,1,1,SCAC,0,1,5
CZE,1,3,8,,2,1,1,SCAC,0,1,3
CZE,1,3,9,,1,1,1,SCAC,0,1,2
CZE,1,3,99,,99,99,1,SCAC,0,1,18
CZE,1,99,2,,3,99,1,SCAC,0,1,1
CZE,1,99,8,,2,99,1,SCAC,0,1,1
CZE,1,99,99,,99,99,1,SCAC,0,1,1
CZE,2,1,2,,3,99,1,SCAC,0,1,1
CZE,2,1,3,,3,99,1,SCAC,0,1,2
CZE,2,1,5,,2,99,1,SCAC,0,1,9
CZE,2,1,7,,2,99,1,SCAC,0,1,2
CZE,2,1,9,,1,99,1,SCAC,0,1,1
CZE,2,1,99,,99,99,1,SCAC,0,1,1
CZE,2,2,1,,3,99,1,SCAC,0,1,6
CZE,2,2,2,,3,99,1,SCAC,0,1,26
CZE,2,2,3,,3,99,1,SCAC,0,1,31
CZE,2,2,4,,2,99,1,SCAC,0,1,11
CZE,2,2,5,,2,99,1,SCAC,0,1,20
CZE,2,2,7,,2,99,1,SCAC,0,1,2
CZE,2,2,8,,2,99,1,SCAC,0,1,3
CZE,2,2,9,,1,99,1,SCAC,0,1,11
CZE,2,2,99,,99,99,1,SCAC,0,1,14
CZE,2,3,1,,3,0,1,SCAC,0,1,10
CZE,2,3,2,,3,0,1,SCAC,0,1,86
CZE,2,3,3,,3,0,1,SCAC,0,1,29
CZE,2,3,4,,2,1,1,SCAC,0,1,18
CZE,2,3,5,,2,1,1,SCAC,0,1,9
CZE,2,3,9,,1,1,1,SCAC,0,1,2
CZE,2,3,99,,99,99,1,SCAC,0,1,13
CZE,2,99,3,,3,99,1,SCAC,0,1,1
CZE,1,1,8,,2,99,1,SCAC,1,1,1
CZE,1,1,9,,1,99,1,SCAC,1,1,1
CZE,1,2,1,,3,99,1,SCAC,1,1,4
CZE,1,2,2,,3,99,1,SCAC,1,1,36
CZE,1,2,3,,3,99,1,SCAC,1,1,20
CZE,1,2,4,,2,99,1,SCAC,1,1,1
CZE,1,2,5,,2,99,1,SCAC,1,1,14
CZE,1,2,7,,2,99,1,SCAC,1,1,4
CZE,1,2,99,,99,99,1,SCAC,1,1,5
CZE,1,3,1,,3,0,1,SCAC,1,1,11
CZE,1,3,2,,3,0,1,SCAC,1,1,67
CZE,1,3,3,,3,0,1,SCAC,1,1,12
CZE,1,3,4,,2,1,1,SCAC,1,1,6
CZE,1,3,5,,2,1,1,SCAC,1,1,2
CZE,1,3,6,,2,1,1,SCAC,1,1,1
CZE,1,3,99,,99,99,1,SCAC,1,1,4
CZE,1,99,2,,3,99,1,SCAC,1,1,1
CZE,2,2,1,,3,99,1,SCAC,1,1,1
CZE,2,2,2,,3,99,1,SCAC,1,1,9
CZE,2,2,3,,3,99,1,SCAC,1,1,2
CZE,2,2,4,,2,99,1,SCAC,1,1,3
CZE,2,2,5,,2,99,1,SCAC,1,1,4
CZE,2,2,9,,1,99,1,SCAC,1,1,1
CZE,2,2,99,,99,99,1,SCAC,1,1,5
CZE,2,3,1,,3,0,1,SCAC,1,1,1
CZE,2,3,2,,3,0,1,SCAC,1,1,21
CZE,2,3,3,,3,0,1,SCAC,1,1,4
CZE,2,3,4,,2,1,1,SCAC,1,1,3
CZE,2,3,5,,2,1,1,SCAC,1,1,1
CZE,2,3,7,,2,1,1,SCAC,1,1,1
CZE,2,3,8,,2,1,1,SCAC,1,1,1
CZE,2,3,99,,99,99,1,SCAC,1,1,7
DEU,1,1,1,,3,99,1,AFRI,0,1,702
DEU,1,1,2,,3,99,1,AFRI,0,1,604
DEU,1,1,3,,3,99,1,AFRI,0,1,3326
DEU,1,1,4,,2,99,1,AFRI,0,1,4567
DEU,1,1,5,,2,99,1,AFRI,0,1,9799
DEU,1,1,6,,2,99,1,AFRI,0,1,630
DEU,1,1,7,,2,99,1,AFRI,0,1,6925
DEU,1,1,8,,2,99,1,AFRI,0,1,7415
DEU,1,1,9,,1,99,1,AFRI,0,1,16585
DEU,1,2,0,,99,99,1,AFRI,0,1,166
DEU,1,2,1,,3,99,1,AFRI,0,1,1128
DEU,1,2,2,,3,99,1,AFRI,0,1,4352
DEU,1,2,3,,3,99,1,AFRI,0,1,6518
DEU,1,2,4,,2,99,1,AFRI,0,1,4900
DEU,1,2,5,,2,99,1,AFRI,0,1,11771
DEU,1,2,6,,2,99,1,AFRI,0,1,263
DEU,1,2,7,,2,99,1,AFRI,0,1,10142
DEU,1,2,8,,2,99,1,AFRI,0,1,7259
DEU,1,2,9,,1,99,1,AFRI,0,1,14914
DEU,1,3,1,,3,0,1,AFRI,0,1,2556
DEU,1,3,2,,3,0,1,AFRI,0,1,21184
DEU,1,3,3,,3,0,1,AFRI,0,1,6310
DEU,1,3,4,,2,1,1,AFRI,0,1,2301
DEU,1,3,5,,2,1,1,AFRI,0,1,4285
DEU,1,3,6,,2,1,1,AFRI,0,1,289
DEU,1,3,7,,2,1,1,AFRI,0,1,1863
DEU,1,3,8,,2,1,1,AFRI,0,1,1551
DEU,1,3,9,,1,1,1,AFRI,0,1,3635
DEU,1,99,2,,3,99,1,AFRI,0,1,318
DEU,1,99,4,,2,99,1,AFRI,0,1,105
DEU,1,99,5,,2,99,1,AFRI,0,1,144
DEU,1,99,7,,2,99,1,AFRI,0,1,350
DEU,1,99,8,,2,99,1,AFRI,0,1,115
DEU,1,99,9,,1,99,1,AFRI,0,1,525
DEU,2,1,1,,3,99,1,AFRI,0,1,393
DEU,2,1,2,,3,99,1,AFRI,0,1,150
DEU,2,1,3,,3,99,1,AFRI,0,1,1843
DEU,2,1,4,,2,99,1,AFRI,0,1,771
DEU,2,1,5,,2,99,1,AFRI,0,1,6050
DEU,2,1,7,,2,99,1,AFRI,0,1,1309
DEU,2,1,8,,2,99,1,AFRI,0,1,952
DEU,2,1,9,,1,99,1,AFRI,0,1,15211
DEU,2,2,1,,3,99,1,AFRI,0,1,578
DEU,2,2,2,,3,99,1,AFRI,0,1,978
DEU,2,2,3,,3,99,1,AFRI,0,1,8691
DEU,2,2,4,,2,99,1,AFRI,0,1,3385
DEU,2,2,5,,2,99,1,AFRI,0,1,6347
DEU,2,2,7,,2,99,1,AFRI,0,1,526
DEU,2,2,8,,2,99,1,AFRI,0,1,500
DEU,2,2,9,,1,99,1,AFRI,0,1,8792
DEU,2,3,1,,3,0,1,AFRI,0,1,270
DEU,2,3,2,,3,0,1,AFRI,0,1,5369
DEU,2,3,3,,3,0,1,AFRI,0,1,1992
DEU,2,3,4,,2,1,1,AFRI,0,1,1128
DEU,2,3,5,,2,1,1,AFRI,0,1,1542
DEU,2,3,7,,2,1,1,AFRI,0,1,138
DEU,2,3,9,,1,1,1,AFRI,0,1,2393
DEU,2,99,4,,2,99,1,AFRI,0,1,154
DEU,2,99,9,,1,99,1,AFRI,0,1,135
DEU,1,1,0,,99,99,1,ASIA,0,1,1032
DEU,1,1,1,,3,99,1,ASIA,0,1,7443
DEU,1,1,2,,3,99,1,ASIA,0,1,2805
DEU,1,1,3,,3,99,1,ASIA,0,1,5927
DEU,1,1,4,,2,99,1,ASIA,0,1,10916
DEU,1,1,5,,2,99,1,ASIA,0,1,43532
DEU,1,1,6,,2,99,1,ASIA,0,1,2409
DEU,1,1,7,,2,99,1,ASIA,0,1,42190
DEU,1,1,8,,2,99,1,ASIA,0,1,44681
DEU,1,1,9,,1,99,1,ASIA,0,1,52329
DEU,1,2,0,,99,99,1,ASIA,0,1,3082
DEU,1,2,1,,3,99,1,ASIA,0,1,9559
DEU,1,2,2,,3,99,1,ASIA,0,1,14333
DEU,1,2,3,,3,99,1,ASIA,0,1,29868
DEU,1,2,4,,2,99,1,ASIA,0,1,22822
DEU,1,2,5,,2,99,1,ASIA,0,1,42884
DEU,1,2,6,,2,99,1,ASIA,0,1,2380
DEU,1,2,7,,2,99,1,ASIA,0,1,100881
DEU,1,2,8,,2,99,1,ASIA,0,1,55046
DEU,1,2,9,,1,99,1,ASIA,0,1,37993
DEU,1,3,0,,99,99,1,ASIA,0,1,545
DEU,1,3,1,,3,0,1,ASIA,0,1,11457
DEU,1,3,2,,3,0,1,ASIA,0,1,90290
DEU,1,3,3,,3,0,1,ASIA,0,1,27882
DEU,1,3,4,,2,1,1,ASIA,0,1,9151
DEU,1,3,5,,2,1,1,ASIA,0,1,13106
DEU,1,3,6,,2,1,1,ASIA,0,1,211
DEU,1,3,7,,2,1,1,ASIA,0,1,14169
DEU,1,3,8,,2,1,1,ASIA,0,1,10940
DEU,1,3,9,,1,1,1,ASIA,0,1,9198
DEU,1,99,1,,3,99,1,ASIA,0,1,112
DEU,1,99,2,,3,99,1,ASIA,0,1,194
DEU,1,99,3,,3,99,1,ASIA,0,1,267
DEU,1,99,4,,2,99,1,ASIA,0,1,120
DEU,1,99,5,,2,99,1,ASIA,0,1,668
DEU,1,99,7,,2,99,1,ASIA,0,1,399
DEU,1,99,8,,2,99,1,ASIA,0,1,417
DEU,1,99,9,,1,99,1,ASIA,0,1,982
DEU,2,1,1,,3,99,1,ASIA,0,1,3390
DEU,2,1,2,,3,99,1,ASIA,0,1,1339
DEU,2,1,3,,3,99,1,ASIA,0,1,15033
DEU,2,1,4,,2,99,1,ASIA,0,1,9057
DEU,2,1,5,,2,99,1,ASIA,0,1,37151
DEU,2,1,6,,2,99,1,ASIA,0,1,566
DEU,2,1,7,,2,99,1,ASIA,0,1,8796
DEU,2,1,8,,2,99,1,ASIA,0,1,9131
DEU,2,1,9,,1,99,1,ASIA,0,1,75601
DEU,2,2,1,,3,99,1,ASIA,0,1,4902
DEU,2,2,2,,3,99,1,ASIA,0,1,9587
DEU,2,2,3,,3,99,1,ASIA,0,1,71658
DEU,2,2,4,,2,99,1,ASIA,0,1,31700
DEU,2,2,5,,2,99,1,ASIA,0,1,74309
DEU,2,2,6,,2,99,1,ASIA,0,1,899
DEU,2,2,7,,2,99,1,ASIA,0,1,13904
DEU,2,2,8,,2,99,1,ASIA,0,1,10644
DEU,2,2,9,,1,99,1,ASIA,0,1,59161
DEU,2,3,1,,3,0,1,ASIA,0,1,5796
DEU,2,3,2,,3,0,1,ASIA,0,1,52646
DEU,2,3,3,,3,0,1,ASIA,0,1,27146
DEU,2,3,4,,2,1,1,ASIA,0,1,11906
DEU,2,3,5,,2,1,1,ASIA,0,1,21150
DEU,2,3,6,,2,1,1,ASIA,0,1,118
DEU,2,3,7,,2,1,1,ASIA,0,1,3208
DEU,2,3,8,,2,1,1,ASIA,0,1,2948
DEU,2,3,9,,1,1,1,ASIA,0,1,13674
DEU,2,99,2,,3,99,1,ASIA,0,1,136
DEU,2,99,3,,3,99,1,ASIA,0,1,189
DEU,2,99,5,,2,99,1,ASIA,0,1,207
DEU,2,99,7,,2,99,1,ASIA,0,1,85
DEU,2,99,9,,1,99,1,ASIA,0,1,985
DEU,1,1,1,,3,99,1,ASIA,1,1,98
DEU,1,1,2,,3,99,1,ASIA,1,1,196
DEU,1,1,3,,3,99,1,ASIA,1,1,310
DEU,1,1,4,,2,99,1,ASIA,1,1,352
DEU,1,1,5,,2,99,1,ASIA,1,1,284
DEU,1,1,7,,2,99,1,ASIA,1,1,138
DEU,1,1,8,,2,99,1,ASIA,1,1,132
DEU,1,1,9,,1,99,1,ASIA,1,1,113
DEU,1,2,1,,3,99,1,ASIA,1,1,296
DEU,1,2,2,,3,99,1,ASIA,1,1,433
DEU,1,2,3,,3,99,1,ASIA,1,1,483
DEU,1,2,4,,2,99,1,ASIA,1,1,319
DEU,1,2,5,,2,99,1,ASIA,1,1,1313
DEU,1,2,6,,2,99,1,ASIA,1,1,229
DEU,1,2,7,,2,99,1,ASIA,1,1,354
DEU,1,2,8,,2,99,1,ASIA,1,1,383
DEU,1,2,9,,1,99,1,ASIA,1,1,323
DEU,1,3,1,,3,0,1,ASIA,1,1,3047
DEU,1,3,2,,3,0,1,ASIA,1,1,9962
DEU,1,3,3,,3,0,1,ASIA,1,1,1069
DEU,1,3,4,,2,1,1,ASIA,1,1,340
DEU,1,3,5,,2,1,1,ASIA,1,1,899
DEU,1,3,9,,1,1,1,ASIA,1,1,261
DEU,2,1,1,,3,99,1,ASIA,1,1,269
DEU,2,1,5,,2,99,1,ASIA,1,1,256
DEU,2,1,9,,1,99,1,ASIA,1,1,273
DEU,2,2,1,,3,99,1,ASIA,1,1,141
DEU,2,2,2,,3,99,1,ASIA,1,1,348
DEU,2,2,3,,3,99,1,ASIA,1,1,1397
DEU,2,2,4,,2,99,1,ASIA,1,1,550
DEU,2,2,5,,2,99,1,ASIA,1,1,616
DEU,2,2,6,,2,99,1,ASIA,1,1,100
DEU,2,2,7,,2,99,1,ASIA,1,1,196
DEU,2,2,9,,1,99,1,ASIA,1,1,128
DEU,2,3,1,,3,0,1,ASIA,1,1,107
DEU,2,3,2,,3,0,1,ASIA,1,1,8657
DEU,2,3,3,,3,0,1,ASIA,1,1,988
DEU,2,3,4,,2,1,1,ASIA,1,1,966
DEU,2,3,5,,2,1,1,ASIA,1,1,1561
DEU,2,3,7,,2,1,1,ASIA,1,1,106
DEU,2,3,9,,1,1,1,ASIA,1,1,479
DEU,1,1,0,,99,99,1,EURO,0,1,779
DEU,1,1,1,,3,99,1,EURO,0,1,5682
DEU,1,1,2,,3,99,1,EURO,0,1,2922
DEU,1,1,3,,3,99,1,EURO,0,1,8785
DEU,1,1,4,,2,99,1,EURO,0,1,16169
DEU,1,1,5,,2,99,1,EURO,0,1,28350
DEU,1,1,6,,2,99,1,EURO,0,1,4743
DEU,1,1,7,,2,99,1,EURO,0,1,80879
DEU,1,1,8,,2,99,1,EURO,0,1,71632
DEU,1,1,9,,1,99,1,EURO,0,1,80177
DEU,1,2,0,,99,99,1,EURO,0,1,3680
DEU,1,2,1,,3,99,1,EURO,0,1,12132
DEU,1,2,2,,3,99,1,EURO,0,1,21061
DEU,1,2,3,,3,99,1,EURO,0,1,55159
DEU,1,2,4,,2,99,1,EURO,0,1,39103
DEU,1,2,5,,2,99,1,EURO,0,1,64135
DEU,1,2,6,,2,99,1,EURO,0,1,8579
DEU,1,2,7,,2,99,1,EURO,0,1,203971
DEU,1,2,8,,2,99,1,EURO,0,1,111382
DEU,1,2,9,,1,99,1,EURO,0,1,70046
DEU,1,3,0,,99,99,1,EURO,0,1,204
DEU,1,3,1,,3,0,1,EURO,0,1,16099
DEU,1,3,2,,3,0,1,EURO,0,1,107871
DEU,1,3,3,,3,0,1,EURO,0,1,49895
DEU,1,3,4,,2,1,1,EURO,0,1,13384
DEU,1,3,5,,2,1,1,EURO,0,1,16642
DEU,1,3,6,,2,1,1,EURO,0,1,1501
DEU,1,3,7,,2,1,1,EURO,0,1,30741
DEU,1,3,8,,2,1,1,EURO,0,1,20202
DEU,1,3,9,,1,1,1,EURO,0,1,12769
DEU,1,99,1,,3,99,1,EURO,0,1,168
DEU,1,99,2,,3,99,1,EURO,0,1,508
DEU,1,99,3,,3,99,1,EURO,0,1,326
DEU,1,99,5,,2,99,1,EURO,0,1,255
DEU,1,99,6,,2,99,1,EURO,0,1,112
DEU,1,99,7,,2,99,1,EURO,0,1,912
DEU,1,99,8,,2,99,1,EURO,0,1,830
DEU,1,99,9,,1,99,1,EURO,0,1,892
DEU,2,1,0,,99,99,1,EURO,0,1,191
DEU,2,1,1,,3,99,1,EURO,0,1,2897
DEU,2,1,2,,3,99,1,EURO,0,1,2161
DEU,2,1,3,,3,99,1,EURO,0,1,18001
DEU,2,1,4,,2,99,1,EURO,0,1,13482
DEU,2,1,5,,2,99,1,EURO,0,1,51376
DEU,2,1,7,,2,99,1,EURO,0,1,14330
DEU,2,1,8,,2,99,1,EURO,0,1,13130
DEU,2,1,9,,1,99,1,EURO,0,1,128926
DEU,2,2,0,,99,99,1,EURO,0,1,228
DEU,2,2,1,,3,99,1,EURO,0,1,7395
DEU,2,2,2,,3,99,1,EURO,0,1,19370
DEU,2,2,3,,3,99,1,EURO,0,1,129093
DEU,2,2,4,,2,99,1,EURO,0,1,72929
DEU,2,2,5,,2,99,1,EURO,0,1,127734
DEU,2,2,6,,2,99,1,EURO,0,1,686
DEU,2,2,7,,2,99,1,EURO,0,1,20926
DEU,2,2,8,,2,99,1,EURO,0,1,19132
DEU,2,2,9,,1,99,1,EURO,0,1,109805
DEU,2,3,1,,3,0,1,EURO,0,1,8735
DEU,2,3,2,,3,0,1,EURO,0,1,103586
DEU,2,3,3,,3,0,1,EURO,0,1,53865
DEU,2,3,4,,2,1,1,EURO,0,1,30456
DEU,2,3,5,,2,1,1,EURO,0,1,30778
DEU,2,3,6,,2,1,1,EURO,0,1,495
DEU,2,3,7,,2,1,1,EURO,0,1,6837
DEU,2,3,8,,2,1,1,EURO,0,1,4004
DEU,2,3,9,,1,1,1,EURO,0,1,28963
DEU,2,99,1,,3,99,1,EURO,0,1,168
DEU,2,99,2,,3,99,1,EURO,0,1,160
DEU,2,99,3,,3,99,1,EURO,0,1,638
DEU,2,99,4,,2,99,1,EURO,0,1,312
DEU,2,99,5,,2,99,1,EURO,0,1,629
DEU,2,99,9,,1,99,1,EURO,0,1,1392
DEU,1,1,0,,99,99,1,EURO,1,0,18055
DEU,1,1,1,,3,99,1,EURO,1,0,30009
DEU,1,1,2,,3,99,1,EURO,1,0,39502
DEU,1,1,3,,3,99,1,EURO,1,0,151003
DEU,1,1,4,,2,99,1,EURO,1,0,149297
DEU,1,1,5,,2,99,1,EURO,1,0,232246
DEU,1,1,6,,2,99,1,EURO,1,0,47028
DEU,1,1,7,,2,99,1,EURO,1,0,475823
DEU,1,1,8,,2,99,1,EURO,1,0,248611
DEU,1,1,9,,1,99,1,EURO,1,0,294103
DEU,1,2,0,,99,99,1,EURO,1,0,101745
DEU,1,2,1,,3,99,1,EURO,1,0,500238
DEU,1,2,2,,3,99,1,EURO,1,0,707442
DEU,1,2,3,,3,99,1,EURO,1,0,1866385
DEU,1,2,4,,2,99,1,EURO,1,0,1206891
DEU,1,2,5,,2,99,1,EURO,1,0,1289035
DEU,1,2,6,,2,99,1,EURO,1,0,257879
DEU,1,2,7,,2,99,1,EURO,1,0,2891181
DEU,1,2,8,,2,99,1,EURO,1,0,1203067
DEU,1,2,9,,1,99,1,EURO,1,0,501754
DEU,1,3,0,,99,99,1,EURO,1,0,35675
DEU,1,3,1,,3,0,1,EURO,1,0,626222
DEU,1,3,2,,3,0,1,EURO,1,0,2728744
DEU,1,3,3,,3,0,1,EURO,1,0,1561442
DEU,1,3,4,,2,1,1,EURO,1,0,289901
DEU,1,3,5,,2,1,1,EURO,1,0,206303
DEU,1,3,6,,2,1,1,EURO,1,0,91000
DEU,1,3,7,,2,1,1,EURO,1,0,271115
DEU,1,3,8,,2,1,1,EURO,1,0,72145
DEU,1,3,9,,1,1,1,EURO,1,0,43288
DEU,1,99,0,,99,99,1,EURO,1,0,141
DEU,1,99,1,,3,99,1,EURO,1,0,925
DEU,1,99,2,,3,99,1,EURO,1,0,2899
DEU,1,99,3,,3,99,1,EURO,1,0,3050
DEU,1,99,4,,2,99,1,EURO,1,0,1993
DEU,1,99,5,,2,99,1,EURO,1,0,3099
DEU,1,99,6,,2,99,1,EURO,1,0,255
DEU,1,99,7,,2,99,1,EURO,1,0,4780
DEU,1,99,8,,2,99,1,EURO,1,0,3867
DEU,1,99,9,,1,99,1,EURO,1,0,2816
DEU,2,1,0,,99,99,1,EURO,1,0,1108
DEU,2,1,1,,3,99,1,EURO,1,0,19812
DEU,2,1,2,,3,99,1,EURO,1,0,25580
DEU,2,1,3,,3,99,1,EURO,1,0,271105
DEU,2,1,4,,2,99,1,EURO,1,0,222194
DEU,2,1,5,,2,99,1,EURO,1,0,463557
DEU,2,1,6,,2,99,1,EURO,1,0,11676
DEU,2,1,7,,2,99,1,EURO,1,0,84120
DEU,2,1,8,,2,99,1,EURO,1,0,74676
DEU,2,1,9,,1,99,1,EURO,1,0,428604
DEU,2,2,0,,99,99,1,EURO,1,0,12713
DEU,2,2,1,,3,99,1,EURO,1,0,235509
DEU,2,2,2,,3,99,1,EURO,1,0,626904
DEU,2,2,3,,3,99,1,EURO,1,0,3309407
DEU,2,2,4,,2,99,1,EURO,1,0,2540600
DEU,2,2,5,,2,99,1,EURO,1,0,2342090
DEU,2,2,6,,2,99,1,EURO,1,0,67757
DEU,2,2,7,,2,99,1,EURO,1,0,331312
DEU,2,2,8,,2,99,1,EURO,1,0,169825
DEU,2,2,9,,1,99,1,EURO,1,0,708744
DEU,2,3,0,,99,99,1,EURO,1,0,2964
DEU,2,3,1,,3,0,1,EURO,1,0,224689
DEU,2,3,2,,3,0,1,EURO,1,0,2181962
DEU,2,3,3,,3,0,1,EURO,1,0,1052023
DEU,2,3,4,,2,1,1,EURO,1,0,411356
DEU,2,3,5,,2,1,1,EURO,1,0,237728
DEU,2,3,6,,2,1,1,EURO,1,0,17060
DEU,2,3,7,,2,1,1,EURO,1,0,31814
DEU,2,3,8,,2,1,1,EURO,1,0,9177
DEU,2,3,9,,1,1,1,EURO,1,0,42526
DEU,2,99,1,,3,99,1,EURO,1,0,327
DEU,2,99,2,,3,99,1,EURO,1,0,2596
DEU,2,99,3,,3,99,1,EURO,1,0,5943
DEU,2,99,4,,2,99,1,EURO,1,0,3652
DEU,2,99,5,,2,99,1,EURO,1,0,5592
DEU,2,99,7,,2,99,1,EURO,1,0,1475
DEU,2,99,8,,2,99,1,EURO,1,0,500
DEU,2,99,9,,1,99,1,EURO,1,0,3530
DEU,1,1,0,,99,99,1,EURO,1,1,325
DEU,1,1,1,,3,99,1,EURO,1,1,26361
DEU,1,1,2,,3,99,1,EURO,1,1,5144
DEU,1,1,3,,3,99,1,EURO,1,1,17060
DEU,1,1,4,,2,99,1,EURO,1,1,31290
DEU,1,1,5,,2,99,1,EURO,1,1,74219
DEU,1,1,6,,2,99,1,EURO,1,1,9448
DEU,1,1,7,,2,99,1,EURO,1,1,137346
DEU,1,1,8,,2,99,1,EURO,1,1,118451
DEU,1,1,9,,1,99,1,EURO,1,1,121188
DEU,1,2,0,,99,99,1,EURO,1,1,1894
DEU,1,2,1,,3,99,1,EURO,1,1,31740
DEU,1,2,2,,3,99,1,EURO,1,1,38322
DEU,1,2,3,,3,99,1,EURO,1,1,80701
DEU,1,2,4,,2,99,1,EURO,1,1,60924
DEU,1,2,5,,2,99,1,EURO,1,1,97964
DEU,1,2,6,,2,99,1,EURO,1,1,10803
DEU,1,2,7,,2,99,1,EURO,1,1,270437
DEU,1,2,8,,2,99,1,EURO,1,1,123655
DEU,1,2,9,,1,99,1,EURO,1,1,89530
DEU,1,3,0,,99,99,1,EURO,1,1,577
DEU,1,3,1,,3,0,1,EURO,1,1,38438
DEU,1,3,2,,3,0,1,EURO,1,1,194739
DEU,1,3,3,,3,0,1,EURO,1,1,71400
DEU,1,3,4,,2,1,1,EURO,1,1,18988
DEU,1,3,5,,2,1,1,EURO,1,1,19653
DEU,1,3,6,,2,1,1,EURO,1,1,4185
DEU,1,3,7,,2,1,1,EURO,1,1,37696
DEU,1,3,8,,2,1,1,EURO,1,1,14870
DEU,1,3,9,,1,1,1,EURO,1,1,13593
DEU,1,99,1,,3,99,1,EURO,1,1,410
DEU,1,99,2,,3,99,1,EURO,1,1,187
DEU,1,99,3,,3,99,1,EURO,1,1,201
DEU,1,99,4,,2,99,1,EURO,1,1,313
DEU,1,99,5,,2,99,1,EURO,1,1,1013
DEU,1,99,6,,2,99,1,EURO,1,1,92
DEU,1,99,7,,2,99,1,EURO,1,1,2886
DEU,1,99,8,,2,99,1,EURO,1,1,1116
DEU,1,99,9,,1,99,1,EURO,1,1,1200
DEU,2,1,1,,3,99,1,EURO,1,1,8577
DEU,2,1,2,,3,99,1,EURO,1,1,3645
DEU,2,1,3,,3,99,1,EURO,1,1,18291
DEU,2,1,4,,2,99,1,EURO,1,1,19905
DEU,2,1,5,,2,99,1,EURO,1,1,77472
DEU,2,1,6,,2,99,1,EURO,1,1,1024
DEU,2,1,7,,2,99,1,EURO,1,1,25410
DEU,2,1,8,,2,99,1,EURO,1,1,19494
DEU,2,1,9,,1,99,1,EURO,1,1,193408
DEU,2,2,1,,3,99,1,EURO,1,1,10252
DEU,2,2,2,,3,99,1,EURO,1,1,26254
DEU,2,2,3,,3,99,1,EURO,1,1,144404
DEU,2,2,4,,2,99,1,EURO,1,1,88158
DEU,2,2,5,,2,99,1,EURO,1,1,148432
DEU,2,2,6,,2,99,1,EURO,1,1,1918
DEU,2,2,7,,2,99,1,EURO,1,1,22276
DEU,2,2,8,,2,99,1,EURO,1,1,16435
DEU,2,2,9,,1,99,1,EURO,1,1,121622
DEU,2,3,0,,99,99,1,EURO,1,1,279
DEU,2,3,1,,3,0,1,EURO,1,1,14857
DEU,2,3,2,,3,0,1,EURO,1,1,133625
DEU,2,3,3,,3,0,1,EURO,1,1,62781
DEU,2,3,4,,2,1,1,EURO,1,1,38100
DEU,2,3,5,,2,1,1,EURO,1,1,32259
DEU,2,3,6,,2,1,1,EURO,1,1,194
DEU,2,3,7,,2,1,1,EURO,1,1,8738
DEU,2,3,8,,2,1,1,EURO,1,1,3441
DEU,2,3,9,,1,1,1,EURO,1,1,23949
DEU,2,99,2,,3,99,1,EURO,1,1,269
DEU,2,99,3,,3,99,1,EURO,1,1,443
DEU,2,99,4,,2,99,1,EURO,1,1,590
DEU,2,99,5,,2,99,1,EURO,1,1,1159
DEU,2,99,7,,2,99,1,EURO,1,1,116
DEU,2,99,8,,2,99,1,EURO,1,1,390
DEU,2,99,9,,1,99,1,EURO,1,1,1685
DEU,1,1,1,,3,99,1,NOAM,1,1,149
DEU,1,1,2,,3,99,1,NOAM,1,1,874
DEU,1,1,3,,3,99,1,NOAM,1,1,559
DEU,1,1,4,,2,99,1,NOAM,1,1,697
DEU,1,1,5,,2,99,1,NOAM,1,1,1626
DEU,1,1,7,,2,99,1,NOAM,1,1,913
DEU,1,1,8,,2,99,1,NOAM,1,1,1048
DEU,1,1,9,,1,99,1,NOAM,1,1,1128
DEU,1,2,1,,3,99,1,NOAM,1,1,640
DEU,1,2,2,,3,99,1,NOAM,1,1,2158
DEU,1,2,3,,3,99,1,NOAM,1,1,3217
DEU,1,2,4,,2,99,1,NOAM,1,1,2031
DEU,1,2,5,,2,99,1,NOAM,1,1,2047
DEU,1,2,6,,2,99,1,NOAM,1,1,266
DEU,1,2,7,,2,99,1,NOAM,1,1,1823
DEU,1,2,8,,2,99,1,NOAM,1,1,975
DEU,1,2,9,,1,99,1,NOAM,1,1,1324
DEU,1,3,1,,3,0,1,NOAM,1,1,2385
DEU,1,3,2,,3,0,1,NOAM,1,1,17590
DEU,1,3,3,,3,0,1,NOAM,1,1,4072
DEU,1,3,4,,2,1,1,NOAM,1,1,1120
DEU,1,3,5,,2,1,1,NOAM,1,1,642
DEU,1,3,7,,2,1,1,NOAM,1,1,464
DEU,1,3,8,,2,1,1,NOAM,1,1,219
DEU,1,3,9,,1,1,1,NOAM,1,1,547
DEU,2,1,3,,3,99,1,NOAM,1,1,121
DEU,2,1,5,,2,99,1,NOAM,1,1,259
DEU,2,1,9,,1,99,1,NOAM,1,1,527
DEU,2,2,2,,3,99,1,NOAM,1,1,1061
DEU,2,2,3,,3,99,1,NOAM,1,1,1480
DEU,2,2,4,,2,99,1,NOAM,1,1,1286
DEU,2,2,5,,2,99,1,NOAM,1,1,1128
DEU,2,2,7,,2,99,1,NOAM,1,1,93
DEU,2,2,9,,1,99,1,NOAM,1,1,128
DEU,2,3,0,,99,99,1,NOAM,1,1,111
DEU,2,3,1,,3,0,1,NOAM,1,1,536
DEU,2,3,2,,3,0,1,NOAM,1,1,11609
DEU,2,3,3,,3,0,1,NOAM,1,1,2324
DEU,2,3,4,,2,1,1,NOAM,1,1,788
DEU,2,3,5,,2,1,1,NOAM,1,1,720
DEU,2,3,6,,2,1,1,NOAM,1,1,135
DEU,2,3,7,,2,1,1,NOAM,1,1,300
DEU,2,3,8,,2,1,1,NOAM,1,1,144
DEU,2,99,1,,3,99,1,NOAM,1,1,116
DEU,2,99,7,,2,99,1,NOAM,1,1,145
DEU,1,1,1,,3,99,1,OCEA,0,1,220
DEU,1,1,2,,3,99,1,OCEA,0,1,262
DEU,1,1,4,,2,99,1,OCEA,0,1,286
DEU,1,1,5,,2,99,1,OCEA,0,1,606
DEU,1,1,7,,2,99,1,OCEA,0,1,915
DEU,1,1,8,,2,99,1,OCEA,0,1,195
DEU,1,1,9,,1,99,1,OCEA,0,1,123
DEU,1,2,1,,3,99,1,OCEA,0,1,128
DEU,1,2,2,,3,99,1,OCEA,0,1,460
DEU,1,2,3,,3,99,1,OCEA,0,1,332
DEU,1,2,5,,2,99,1,OCEA,0,1,898
DEU,1,2,6,,2,99,1,OCEA,0,1,232
DEU,1,2,7,,2,99,1,OCEA,0,1,435
DEU,1,2,8,,2,99,1,OCEA,0,1,423
DEU,1,2,9,,1,99,1,OCEA,0,1,132
DEU,1,3,1,,3,0,1,OCEA,0,1,255
DEU,1,3,2,,3,0,1,OCEA,0,1,4379
DEU,1,3,3,,3,0,1,OCEA,0,1,861
DEU,1,3,5,,2,1,1,OCEA,0,1,258
DEU,1,3,7,,2,1,1,OCEA,0,1,98
DEU,1,3,8,,2,1,1,OCEA,0,1,194
DEU,2,1,5,,2,99,1,OCEA,0,1,202
DEU,2,1,7,,2,99,1,OCEA,0,1,182
DEU,2,1,9,,1,99,1,OCEA,0,1,712
DEU,2,2,2,,3,99,1,OCEA,0,1,700
DEU,2,2,3,,3,99,1,OCEA,0,1,538
DEU,2,2,4,,2,99,1,OCEA,0,1,341
DEU,2,2,5,,2,99,1,OCEA,0,1,193
DEU,2,2,9,,1,99,1,OCEA,0,1,441
DEU,2,3,1,,3,0,1,OCEA,0,1,150
DEU,2,3,2,,3,0,1,OCEA,0,1,2002
DEU,2,3,3,,3,0,1,OCEA,0,1,580
DEU,2,3,4,,2,1,1,OCEA,0,1,397
DEU,2,3,5,,2,1,1,OCEA,0,1,134
DEU,2,3,7,,2,1,1,OCEA,0,1,221
DEU,1,1,1,,3,99,1,SCAC,0,1,209
DEU,1,1,2,,3,99,1,SCAC,0,1,463
DEU,1,1,3,,3,99,1,SCAC,0,1,432
DEU,1,1,4,,2,99,1,SCAC,0,1,1379
DEU,1,1,5,,2,99,1,SCAC,0,1,2838
DEU,1,1,7,,2,99,1,SCAC,0,1,2332
DEU,1,1,8,,2,99,1,SCAC,0,1,1090
DEU,1,1,9,,1,99,1,SCAC,0,1,2019
DEU,1,2,0,,99,99,1,SCAC,0,1,294
DEU,1,2,1,,3,99,1,SCAC,0,1,543
DEU,1,2,2,,3,99,1,SCAC,0,1,1875
DEU,1,2,3,,3,99,1,SCAC,0,1,2633
DEU,1,2,4,,2,99,1,SCAC,0,1,1972
DEU,1,2,5,,2,99,1,SCAC,0,1,2626
DEU,1,2,7,,2,99,1,SCAC,0,1,3047
DEU,1,2,8,,2,99,1,SCAC,0,1,1347
DEU,1,2,9,,1,99,1,SCAC,0,1,1796
DEU,1,3,1,,3,0,1,SCAC,0,1,1517
DEU,1,3,2,,3,0,1,SCAC,0,1,15751
DEU,1,3,3,,3,0,1,SCAC,0,1,3971
DEU,1,3,4,,2,1,1,SCAC,0,1,736
DEU,1,3,5,,2,1,1,SCAC,0,1,2453
DEU,1,3,7,,2,1,1,SCAC,0,1,1004
DEU,1,3,8,,2,1,1,SCAC,0,1,123
DEU,1,3,9,,1,1,1,SCAC,0,1,525
DEU,1,99,2,,3,99,1,SCAC,0,1,119
DEU,1,99,5,,2,99,1,SCAC,0,1,138
DEU,2,1,1,,3,99,1,SCAC,0,1,258
DEU,2,1,2,,3,99,1,SCAC,0,1,86
DEU,2,1,3,,3,99,1,SCAC,0,1,1604
DEU,2,1,4,,2,99,1,SCAC,0,1,947
DEU,2,1,5,,2,99,1,SCAC,0,1,3376
DEU,2,1,7,,2,99,1,SCAC,0,1,353
DEU,2,1,8,,2,99,1,SCAC,0,1,964
DEU,2,1,9,,1,99,1,SCAC,0,1,4705
DEU,2,2,1,,3,99,1,SCAC,0,1,368
DEU,2,2,2,,3,99,1,SCAC,0,1,1714
DEU,2,2,3,,3,99,1,SCAC,0,1,7045
DEU,2,2,4,,2,99,1,SCAC,0,1,3986
DEU,2,2,5,,2,99,1,SCAC,0,1,8196
DEU,2,2,7,,2,99,1,SCAC,0,1,197
DEU,2,2,8,,2,99,1,SCAC,0,1,424
DEU,2,2,9,,1,99,1,SCAC,0,1,3623
DEU,2,3,1,,3,0,1,SCAC,0,1,1162
DEU,2,3,2,,3,0,1,SCAC,0,1,12348
DEU,2,3,3,,3,0,1,SCAC,0,1,4599
DEU,2,3,4,,2,1,1,SCAC,0,1,2619
DEU,2,3,5,,2,1,1,SCAC,0,1,2353
DEU,2,3,7,,2,1,1,SCAC,0,1,638
DEU,2,3,8,,2,1,1,SCAC,0,1,99
DEU,2,3,9,,1,1,1,SCAC,0,1,1427
DEU,2,99,3,,3,99,1,SCAC,0,1,119
DEU,2,99,9,,1,99,1,SCAC,0,1,261
DEU,1,2,7,,2,99,1,UNK,0,99,109
DNK,1,1,0,,99,99,1,AFRI,0,1,7
DNK,1,1,1,,3,99,1,AFRI,0,1,10
DNK,1,1,2,,3,99,1,AFRI,0,1,64
DNK,1,1,3,,3,99,1,AFRI,0,1,45
DNK,1,1,4,,2,99,1,AFRI,0,1,115
DNK,1,1,5,,2,99,1,AFRI,0,1,361
DNK,1,1,6,,2,99,1,AFRI,0,1,2
DNK,1,1,7,,2,99,1,AFRI,0,1,112
DNK,1,1,8,,2,99,1,AFRI,0,1,296
DNK,1,1,9,,1,99,1,AFRI,0,1,1143
DNK,1,2,0,,99,99,1,AFRI,0,1,7
DNK,1,2,1,,3,99,1,AFRI,0,1,46
DNK,1,2,2,,3,99,1,AFRI,0,1,158
DNK,1,2,3,,3,99,1,AFRI,0,1,147
DNK,1,2,4,,2,99,1,AFRI,0,1,164
DNK,1,2,5,,2,99,1,AFRI,0,1,711
DNK,1,2,6,,2,99,1,AFRI,0,1,9
DNK,1,2,7,,2,99,1,AFRI,0,1,281
DNK,1,2,8,,2,99,1,AFRI,0,1,476
DNK,1,2,9,,1,99,1,AFRI,0,1,1244
DNK,1,3,0,,99,99,1,AFRI,0,1,5
DNK,1,3,1,,3,0,1,AFRI,0,1,84
DNK,1,3,2,,3,0,1,AFRI,0,1,1014
DNK,1,3,3,,3,0,1,AFRI,0,1,240
DNK,1,3,4,,2,1,1,AFRI,0,1,217
DNK,1,3,5,,2,1,1,AFRI,0,1,260
DNK,1,3,6,,2,1,1,AFRI,0,1,3
DNK,1,3,7,,2,1,1,AFRI,0,1,76
DNK,1,3,8,,2,1,1,AFRI,0,1,196
DNK,1,3,9,,1,1,1,AFRI,0,1,1307
DNK,1,99,1,,3,99,1,AFRI,0,1,7
DNK,1,99,2,,3,99,1,AFRI,0,1,43
DNK,1,99,3,,3,99,1,AFRI,0,1,23
DNK,1,99,4,,2,99,1,AFRI,0,1,33
DNK,1,99,5,,2,99,1,AFRI,0,1,108
DNK,1,99,6,,2,99,1,AFRI,0,1,2
DNK,1,99,7,,2,99,1,AFRI,0,1,39
DNK,1,99,8,,2,99,1,AFRI,0,1,93
DNK,1,99,9,,1,99,1,AFRI,0,1,444
DNK,2,1,1,,3,99,1,AFRI,0,1,2
DNK,2,1,2,,3,99,1,AFRI,0,1,47
DNK,2,1,3,,3,99,1,AFRI,0,1,31
DNK,2,1,4,,2,99,1,AFRI,0,1,52
DNK,2,1,5,,2,99,1,AFRI,0,1,544
DNK,2,1,7,,2,99,1,AFRI,0,1,9
DNK,2,1,8,,2,99,1,AFRI,0,1,21
DNK,2,1,9,,1,99,1,AFRI,0,1,692
DNK,2,2,0,,99,99,1,AFRI,0,1,2
DNK,2,2,1,,3,99,1,AFRI,0,1,11
DNK,2,2,2,,3,99,1,AFRI,0,1,133
DNK,2,2,3,,3,99,1,AFRI,0,1,119
DNK,2,2,4,,2,99,1,AFRI,0,1,181
DNK,2,2,5,,2,99,1,AFRI,0,1,2095
DNK,2,2,6,,2,99,1,AFRI,0,1,1
DNK,2,2,7,,2,99,1,AFRI,0,1,8
DNK,2,2,8,,2,99,1,AFRI,0,1,33
DNK,2,2,9,,1,99,1,AFRI,0,1,759
DNK,2,3,1,,3,0,1,AFRI,0,1,31
DNK,2,3,2,,3,0,1,AFRI,0,1,1014
DNK,2,3,3,,3,0,1,AFRI,0,1,203
DNK,2,3,4,,2,1,1,AFRI,0,1,136
DNK,2,3,5,,2,1,1,AFRI,0,1,237
DNK,2,3,6,,2,1,1,AFRI,0,1,1
DNK,2,3,7,,2,1,1,AFRI,0,1,5
DNK,2,3,8,,2,1,1,AFRI,0,1,11
DNK,2,3,9,,1,1,1,AFRI,0,1,614
DNK,2,99,1,,3,99,1,AFRI,0,1,2
DNK,2,99,2,,3,99,1,AFRI,0,1,20
DNK,2,99,3,,3,99,1,AFRI,0,1,12
DNK,2,99,4,,2,99,1,AFRI,0,1,16
DNK,2,99,5,,2,99,1,AFRI,0,1,257
DNK,2,99,7,,2,99,1,AFRI,0,1,1
DNK,2,99,8,,2,99,1,AFRI,0,1,4
DNK,2,99,9,,1,99,1,AFRI,0,1,312
DNK,1,1,0,,99,99,1,ASIA,0,1,29
DNK,1,1,1,,3,99,1,ASIA,0,1,44
DNK,1,1,2,,3,99,1,ASIA,0,1,146
DNK,1,1,3,,3,99,1,ASIA,0,1,119
DNK,1,1,4,,2,99,1,ASIA,0,1,349
DNK,1,1,5,,2,99,1,ASIA,0,1,1640
DNK,1,1,6,,2,99,1,ASIA,0,1,12
DNK,1,1,7,,2,99,1,ASIA,0,1,499
DNK,1,1,8,,2,99,1,ASIA,0,1,1219
DNK,1,1,9,,1,99,1,ASIA,0,1,5510
DNK,1,2,0,,99,99,1,ASIA,0,1,37
DNK,1,2,1,,3,99,1,ASIA,0,1,126
DNK,1,2,2,,3,99,1,ASIA,0,1,488
DNK,1,2,3,,3,99,1,ASIA,0,1,477
DNK,1,2,4,,2,99,1,ASIA,0,1,603
DNK,1,2,5,,2,99,1,ASIA,0,1,1860
DNK,1,2,6,,2,99,1,ASIA,0,1,16
DNK,1,2,7,,2,99,1,ASIA,0,1,1131
DNK,1,2,8,,2,99,1,ASIA,0,1,1381
DNK,1,2,9,,1,99,1,ASIA,0,1,4596
DNK,1,3,0,,99,99,1,ASIA,0,1,9
DNK,1,3,1,,3,0,1,ASIA,0,1,265
DNK,1,3,2,,3,0,1,ASIA,0,1,5401
DNK,1,3,3,,3,0,1,ASIA,0,1,971
DNK,1,3,4,,2,1,1,ASIA,0,1,632
DNK,1,3,5,,2,1,1,ASIA,0,1,1032
DNK,1,3,6,,2,1,1,ASIA,0,1,4
DNK,1,3,7,,2,1,1,ASIA,0,1,226
DNK,1,3,8,,2,1,1,ASIA,0,1,625
DNK,1,3,9,,1,1,1,ASIA,0,1,5241
DNK,1,99,0,,99,99,1,ASIA,0,1,1
DNK,1,99,1,,3,99,1,ASIA,0,1,17
DNK,1,99,2,,3,99,1,ASIA,0,1,260
DNK,1,99,3,,3,99,1,ASIA,0,1,55
DNK,1,99,4,,2,99,1,ASIA,0,1,91
DNK,1,99,5,,2,99,1,ASIA,0,1,307
DNK,1,99,6,,2,99,1,ASIA,0,1,5
DNK,1,99,7,,2,99,1,ASIA,0,1,181
DNK,1,99,8,,2,99,1,ASIA,0,1,315
DNK,1,99,9,,1,99,1,ASIA,0,1,1811
DNK,2,1,0,,99,99,1,ASIA,0,1,1
DNK,2,1,1,,3,99,1,ASIA,0,1,15
DNK,2,1,2,,3,99,1,ASIA,0,1,134
DNK,2,1,3,,3,99,1,ASIA,0,1,130
DNK,2,1,4,,2,99,1,ASIA,0,1,311
DNK,2,1,5,,2,99,1,ASIA,0,1,2015
DNK,2,1,6,,2,99,1,ASIA,0,1,25
DNK,2,1,7,,2,99,1,ASIA,0,1,84
DNK,2,1,8,,2,99,1,ASIA,0,1,547
DNK,2,1,9,,1,99,1,ASIA,0,1,5315
DNK,2,2,0,,99,99,1,ASIA,0,1,2
DNK,2,2,1,,3,99,1,ASIA,0,1,47
DNK,2,2,2,,3,99,1,ASIA,0,1,517
DNK,2,2,3,,3,99,1,ASIA,0,1,657
DNK,2,2,4,,2,99,1,ASIA,0,1,865
DNK,2,2,5,,2,99,1,ASIA,0,1,4987
DNK,2,2,6,,2,99,1,ASIA,0,1,14
DNK,2,2,7,,2,99,1,ASIA,0,1,84
DNK,2,2,8,,2,99,1,ASIA,0,1,475
DNK,2,2,9,,1,99,1,ASIA,0,1,4336
DNK,2,3,0,,99,99,1,ASIA,0,1,2
DNK,2,3,1,,3,0,1,ASIA,0,1,125
DNK,2,3,2,,3,0,1,ASIA,0,1,4789
DNK,2,3,3,,3,0,1,ASIA,0,1,1199
DNK,2,3,4,,2,1,1,ASIA,0,1,723
DNK,2,3,5,,2,1,1,ASIA,0,1,1067
DNK,2,3,6,,2,1,1,ASIA,0,1,4
DNK,2,3,7,,2,1,1,ASIA,0,1,35
DNK,2,3,8,,2,1,1,ASIA,0,1,164
DNK,2,3,9,,1,1,1,ASIA,0,1,5284
DNK,2,99,1,,3,99,1,ASIA,0,1,5
DNK,2,99,2,,3,99,1,ASIA,0,1,140
DNK,2,99,3,,3,99,1,ASIA,0,1,47
DNK,2,99,4,,2,99,1,ASIA,0,1,92
DNK,2,99,5,,2,99,1,ASIA,0,1,646
DNK,2,99,6,,2,99,1,ASIA,0,1,4
DNK,2,99,7,,2,99,1,ASIA,0,1,19
DNK,2,99,8,,2,99,1,ASIA,0,1,104
DNK,2,99,9,,1,99,1,ASIA,0,1,1708
DNK,1,1,0,,99,99,1,ASIA,1,1,6
DNK,1,1,1,,3,99,1,ASIA,1,1,10
DNK,1,1,2,,3,99,1,ASIA,1,1,8
DNK,1,1,3,,3,99,1,ASIA,1,1,19
DNK,1,1,4,,2,99,1,ASIA,1,1,27
DNK,1,1,5,,2,99,1,ASIA,1,1,89
DNK,1,1,6,,2,99,1,ASIA,1,1,3
DNK,1,1,7,,2,99,1,ASIA,1,1,23
DNK,1,1,8,,2,99,1,ASIA,1,1,12
DNK,1,1,9,,1,99,1,ASIA,1,1,122
DNK,1,2,0,,99,99,1,ASIA,1,1,24
DNK,1,2,1,,3,99,1,ASIA,1,1,31
DNK,1,2,2,,3,99,1,ASIA,1,1,103
DNK,1,2,3,,3,99,1,ASIA,1,1,143
DNK,1,2,4,,2,99,1,ASIA,1,1,96
DNK,1,2,5,,2,99,1,ASIA,1,1,277
DNK,1,2,6,,2,99,1,ASIA,1,1,9
DNK,1,2,7,,2,99,1,ASIA,1,1,123
DNK,1,2,8,,2,99,1,ASIA,1,1,50
DNK,1,2,9,,1,99,1,ASIA,1,1,226
DNK,1,3,0,,99,99,1,ASIA,1,1,4
DNK,1,3,1,,3,0,1,ASIA,1,1,67
DNK,1,3,2,,3,0,1,ASIA,1,1,746
DNK,1,3,3,,3,0,1,ASIA,1,1,152
DNK,1,3,4,,2,1,1,ASIA,1,1,82
DNK,1,3,5,,2,1,1,ASIA,1,1,80
DNK,1,3,6,,2,1,1,ASIA,1,1,1
DNK,1,3,7,,2,1,1,ASIA,1,1,10
DNK,1,3,8,,2,1,1,ASIA,1,1,15
DNK,1,3,9,,1,1,1,ASIA,1,1,191
DNK,1,99,1,,3,99,1,ASIA,1,1,2
DNK,1,99,2,,3,99,1,ASIA,1,1,13
DNK,1,99,3,,3,99,1,ASIA,1,1,7
DNK,1,99,4,,2,99,1,ASIA,1,1,1
DNK,1,99,5,,2,99,1,ASIA,1,1,3
DNK,1,99,8,,2,99,1,ASIA,1,1,3
DNK,1,99,9,,1,99,1,ASIA,1,1,31
DNK,2,1,1,,3,99,1,ASIA,1,1,2
DNK,2,1,2,,3,99,1,ASIA,1,1,16
DNK,2,1,3,,3,99,1,ASIA,1,1,11
DNK,2,1,4,,2,99,1,ASIA,1,1,22
DNK,2,1,5,,2,99,1,ASIA,1,1,139
DNK,2,1,7,,2,99,1,ASIA,1,1,4
DNK,2,1,8,,2,99,1,ASIA,1,1,7
DNK,2,1,9,,1,99,1,ASIA,1,1,106
DNK,2,2,0,,99,99,1,ASIA,1,1,2
DNK,2,2,1,,3,99,1,ASIA,1,1,27
DNK,2,2,2,,3,99,1,ASIA,1,1,125
DNK,2,2,3,,3,99,1,ASIA,1,1,219
DNK,2,2,4,,2,99,1,ASIA,1,1,270
DNK,2,2,5,,2,99,1,ASIA,1,1,479
DNK,2,2,6,,2,99,1,ASIA,1,1,1
DNK,2,2,7,,2,99,1,ASIA,1,1,26
DNK,2,2,8,,2,99,1,ASIA,1,1,18
DNK,2,2,9,,1,99,1,ASIA,1,1,256
DNK,2,3,1,,3,0,1,ASIA,1,1,108
DNK,2,3,2,,3,0,1,ASIA,1,1,1885
DNK,2,3,3,,3,0,1,ASIA,1,1,363
DNK,2,3,4,,2,1,1,ASIA,1,1,262
DNK,2,3,5,,2,1,1,ASIA,1,1,192
DNK,2,3,6,,2,1,1,ASIA,1,1,1
DNK,2,3,7,,2,1,1,ASIA,1,1,7
DNK,2,3,8,,2,1,1,ASIA,1,1,7
DNK,2,3,9,,1,1,1,ASIA,1,1,298
DNK,2,99,2,,3,99,1,ASIA,1,1,13
DNK,2,99,3,,3,99,1,ASIA,1,1,8
DNK,2,99,4,,2,99,1,ASIA,1,1,5
DNK,2,99,5,,2,99,1,ASIA,1,1,12
DNK,2,99,6,,2,99,1,ASIA,1,1,1
DNK,2,99,7,,2,99,1,ASIA,1,1,1
DNK,2,99,9,,1,99,1,ASIA,1,1,30
DNK,1,1,0,,99,99,1,EURO,0,1,7
DNK,1,1,1,,3,99,1,EURO,0,1,20
DNK,1,1,2,,3,99,1,EURO,0,1,48
DNK,1,1,3,,3,99,1,EURO,0,1,31
DNK,1,1,4,,2,99,1,EURO,0,1,123
DNK,1,1,5,,2,99,1,EURO,0,1,441
DNK,1,1,6,,2,99,1,EURO,0,1,10
DNK,1,1,7,,2,99,1,EURO,0,1,220
DNK,1,1,8,,2,99,1,EURO,0,1,476
DNK,1,1,9,,1,99,1,EURO,0,1,1427
DNK,1,2,0,,99,99,1,EURO,0,1,17
DNK,1,2,1,,3,99,1,EURO,0,1,75
DNK,1,2,2,,3,99,1,EURO,0,1,234
DNK,1,2,3,,3,99,1,EURO,0,1,271
DNK,1,2,4,,2,99,1,EURO,0,1,425
DNK,1,2,5,,2,99,1,EURO,0,1,847
DNK,1,2,6,,2,99,1,EURO,0,1,86
DNK,1,2,7,,2,99,1,EURO,0,1,983
DNK,1,2,8,,2,99,1,EURO,0,1,1167
DNK,1,2,9,,1,99,1,EURO,0,1,4741
DNK,1,3,0,,99,99,1,EURO,0,1,5
DNK,1,3,1,,3,0,1,EURO,0,1,96
DNK,1,3,2,,3,0,1,EURO,0,1,1945
DNK,1,3,3,,3,0,1,EURO,0,1,512
DNK,1,3,4,,2,1,1,EURO,0,1,425
DNK,1,3,5,,2,1,1,EURO,0,1,436
DNK,1,3,6,,2,1,1,EURO,0,1,28
DNK,1,3,7,,2,1,1,EURO,0,1,426
DNK,1,3,8,,2,1,1,EURO,0,1,499
DNK,1,3,9,,1,1,1,EURO,0,1,6031
DNK,1,99,1,,3,99,1,EURO,0,1,6
DNK,1,99,2,,3,99,1,EURO,0,1,120
DNK,1,99,3,,3,99,1,EURO,0,1,45
DNK,1,99,4,,2,99,1,EURO,0,1,134
DNK,1,99,5,,2,99,1,EURO,0,1,148
DNK,1,99,6,,2,99,1,EURO,0,1,53
DNK,1,99,7,,2,99,1,EURO,0,1,147
DNK,1,99,8,,2,99,1,EURO,0,1,134
DNK,1,99,9,,1,99,1,EURO,0,1,1832
DNK,2,1,1,,3,99,1,EURO,0,1,5
DNK,2,1,2,,3,99,1,EURO,0,1,40
DNK,2,1,3,,3,99,1,EURO,0,1,39
DNK,2,1,4,,2,99,1,EURO,0,1,74
DNK,2,1,5,,2,99,1,EURO,0,1,516
DNK,2,1,6,,2,99,1,EURO,0,1,1
DNK,2,1,7,,2,99,1,EURO,0,1,16
DNK,2,1,8,,2,99,1,EURO,0,1,111
DNK,2,1,9,,1,99,1,EURO,0,1,1155
DNK,2,2,0,,99,99,1,EURO,0,1,2
DNK,2,2,1,,3,99,1,EURO,0,1,42
DNK,2,2,2,,3,99,1,EURO,0,1,225
DNK,2,2,3,,3,99,1,EURO,0,1,393
DNK,2,2,4,,2,99,1,EURO,0,1,604
DNK,2,2,5,,2,99,1,EURO,0,1,2080
DNK,2,2,6,,2,99,1,EURO,0,1,24
DNK,2,2,7,,2,99,1,EURO,0,1,48
DNK,2,2,8,,2,99,1,EURO,0,1,239
DNK,2,2,9,,1,99,1,EURO,0,1,2648
DNK,2,3,0,,99,99,1,EURO,0,1,1
DNK,2,3,1,,3,0,1,EURO,0,1,89
DNK,2,3,2,,3,0,1,EURO,0,1,3239
DNK,2,3,3,,3,0,1,EURO,0,1,977
DNK,2,3,4,,2,1,1,EURO,0,1,736
DNK,2,3,5,,2,1,1,EURO,0,1,811
DNK,2,3,6,,2,1,1,EURO,0,1,10
DNK,2,3,7,,2,1,1,EURO,0,1,42
DNK,2,3,8,,2,1,1,EURO,0,1,149
DNK,2,3,9,,1,1,1,EURO,0,1,4192
DNK,2,99,1,,3,99,1,EURO,0,1,5
DNK,2,99,2,,3,99,1,EURO,0,1,91
DNK,2,99,3,,3,99,1,EURO,0,1,64
DNK,2,99,4,,2,99,1,EURO,0,1,103
DNK,2,99,5,,2,99,1,EURO,0,1,254
DNK,2,99,6,,2,99,1,EURO,0,1,19
DNK,2,99,7,,2,99,1,EURO,0,1,8
DNK,2,99,8,,2,99,1,EURO,0,1,27
DNK,2,99,9,,1,99,1,EURO,0,1,978
DNK,1,1,0,,99,99,1,EURO,1,0,3794
DNK,1,1,1,,3,99,1,EURO,1,0,5467
DNK,1,1,2,,3,99,1,EURO,1,0,7519
DNK,1,1,3,,3,99,1,EURO,1,0,10618
DNK,1,1,4,,2,99,1,EURO,1,0,12885
DNK,1,1,5,,2,99,1,EURO,1,0,56178
DNK,1,1,6,,2,99,1,EURO,1,0,2802
DNK,1,1,7,,2,99,1,EURO,1,0,31859
DNK,1,1,8,,2,99,1,EURO,1,0,34944
DNK,1,1,9,,1,99,1,EURO,1,0,112399
DNK,1,2,0,,99,99,1,EURO,1,0,9209
DNK,1,2,1,,3,99,1,EURO,1,0,29244
DNK,1,2,2,,3,99,1,EURO,1,0,45819
DNK,1,2,3,,3,99,1,EURO,1,0,61701
DNK,1,2,4,,2,99,1,EURO,1,0,36865
DNK,1,2,5,,2,99,1,EURO,1,0,85156
DNK,1,2,6,,2,99,1,EURO,1,0,6616
DNK,1,2,7,,2,99,1,EURO,1,0,133833
DNK,1,2,8,,2,99,1,EURO,1,0,51130
DNK,1,2,9,,1,99,1,EURO,1,0,159280
DNK,1,3,0,,99,99,1,EURO,1,0,3980
DNK,1,3,1,,3,0,1,EURO,1,0,36581
DNK,1,3,2,,3,0,1,EURO,1,0,188304
DNK,1,3,3,,3,0,1,EURO,1,0,50934
DNK,1,3,4,,2,1,1,EURO,1,0,16509
DNK,1,3,5,,2,1,1,EURO,1,0,21304
DNK,1,3,6,,2,1,1,EURO,1,0,418
DNK,1,3,7,,2,1,1,EURO,1,0,7594
DNK,1,3,8,,2,1,1,EURO,1,0,4074
DNK,1,3,9,,1,1,1,EURO,1,0,51057
DNK,1,99,0,,99,99,1,EURO,1,0,54
DNK,1,99,1,,3,99,1,EURO,1,0,153
DNK,1,99,2,,3,99,1,EURO,1,0,313
DNK,1,99,3,,3,99,1,EURO,1,0,291
DNK,1,99,4,,2,99,1,EURO,1,0,287
DNK,1,99,5,,2,99,1,EURO,1,0,722
DNK,1,99,6,,2,99,1,EURO,1,0,39
DNK,1,99,7,,2,99,1,EURO,1,0,693
DNK,1,99,8,,2,99,1,EURO,1,0,1215
DNK,1,99,9,,1,99,1,EURO,1,0,3782
DNK,2,1,0,,99,99,1,EURO,1,0,270
DNK,2,1,1,,3,99,1,EURO,1,0,1708
DNK,2,1,2,,3,99,1,EURO,1,0,6269
DNK,2,1,3,,3,99,1,EURO,1,0,10655
DNK,2,1,4,,2,99,1,EURO,1,0,19846
DNK,2,1,5,,2,99,1,EURO,1,0,81938
DNK,2,1,6,,2,99,1,EURO,1,0,717
DNK,2,1,7,,2,99,1,EURO,1,0,3438
DNK,2,1,8,,2,99,1,EURO,1,0,8439
DNK,2,1,9,,1,99,1,EURO,1,0,68988
DNK,2,2,0,,99,99,1,EURO,1,0,1012
DNK,2,2,1,,3,99,1,EURO,1,0,8641
DNK,2,2,2,,3,99,1,EURO,1,0,35100
DNK,2,2,3,,3,99,1,EURO,1,0,66539
DNK,2,2,4,,2,99,1,EURO,1,0,86103
DNK,2,2,5,,2,99,1,EURO,1,0,183405
DNK,2,2,6,,2,99,1,EURO,1,0,1867
DNK,2,2,7,,2,99,1,EURO,1,0,7936
DNK,2,2,8,,2,99,1,EURO,1,0,8739
DNK,2,2,9,,1,99,1,EURO,1,0,81497
DNK,2,3,0,,99,99,1,EURO,1,0,299
DNK,2,3,1,,3,0,1,EURO,1,0,17996
DNK,2,3,2,,3,0,1,EURO,1,0,307277
DNK,2,3,3,,3,0,1,EURO,1,0,53329
DNK,2,3,4,,2,1,1,EURO,1,0,33046
DNK,2,3,5,,2,1,1,EURO,1,0,24158
DNK,2,3,6,,2,1,1,EURO,1,0,338
DNK,2,3,7,,2,1,1,EURO,1,0,1022
DNK,2,3,8,,2,1,1,EURO,1,0,853
DNK,2,3,9,,1,1,1,EURO,1,0,38949
DNK,2,99,0,,99,99,1,EURO,1,0,4
DNK,2,99,1,,3,99,1,EURO,1,0,51
DNK,2,99,2,,3,99,1,EURO,1,0,274
DNK,2,99,3,,3,99,1,EURO,1,0,223
DNK,2,99,4,,2,99,1,EURO,1,0,340
DNK,2,99,5,,2,99,1,EURO,1,0,840
DNK,2,99,6,,2,99,1,EURO,1,0,8
DNK,2,99,7,,2,99,1,EURO,1,0,36
DNK,2,99,8,,2,99,1,EURO,1,0,157
DNK,2,99,9,,1,99,1,EURO,1,0,1488
DNK,1,1,0,,99,99,1,EURO,1,1,56
DNK,1,1,1,,3,99,1,EURO,1,1,131
DNK,1,1,2,,3,99,1,EURO,1,1,258
DNK,1,1,3,,3,99,1,EURO,1,1,209
DNK,1,1,4,,2,99,1,EURO,1,1,411
DNK,1,1,5,,2,99,1,EURO,1,1,1370
DNK,1,1,6,,2,99,1,EURO,1,1,41
DNK,1,1,7,,2,99,1,EURO,1,1,716
DNK,1,1,8,,2,99,1,EURO,1,1,1373
DNK,1,1,9,,1,99,1,EURO,1,1,5445
DNK,1,2,0,,99,99,1,EURO,1,1,111
DNK,1,2,1,,3,99,1,EURO,1,1,534
DNK,1,2,2,,3,99,1,EURO,1,1,1405
DNK,1,2,3,,3,99,1,EURO,1,1,1287
DNK,1,2,4,,2,99,1,EURO,1,1,1244
DNK,1,2,5,,2,99,1,EURO,1,1,2416
DNK,1,2,6,,2,99,1,EURO,1,1,245
DNK,1,2,7,,2,99,1,EURO,1,1,3922
DNK,1,2,8,,2,99,1,EURO,1,1,3311
DNK,1,2,9,,1,99,1,EURO,1,1,10951
DNK,1,3,0,,99,99,1,EURO,1,1,57
DNK,1,3,1,,3,0,1,EURO,1,1,1228
DNK,1,3,2,,3,0,1,EURO,1,1,11505
DNK,1,3,3,,3,0,1,EURO,1,1,2317
DNK,1,3,4,,2,1,1,EURO,1,1,1387
DNK,1,3,5,,2,1,1,EURO,1,1,1457
DNK,1,3,6,,2,1,1,EURO,1,1,60
DNK,1,3,7,,2,1,1,EURO,1,1,1208
DNK,1,3,8,,2,1,1,EURO,1,1,999
DNK,1,3,9,,1,1,1,EURO,1,1,8001
DNK,1,99,0,,99,99,1,EURO,1,1,6
DNK,1,99,1,,3,99,1,EURO,1,1,145
DNK,1,99,2,,3,99,1,EURO,1,1,990
DNK,1,99,3,,3,99,1,EURO,1,1,338
DNK,1,99,4,,2,99,1,EURO,1,1,519
DNK,1,99,5,,2,99,1,EURO,1,1,585
DNK,1,99,6,,2,99,1,EURO,1,1,41
DNK,1,99,7,,2,99,1,EURO,1,1,515
DNK,1,99,8,,2,99,1,EURO,1,1,436
DNK,1,99,9,,1,99,1,EURO,1,1,3264
DNK,2,1,0,,99,99,1,EURO,1,1,6
DNK,2,1,1,,3,99,1,EURO,1,1,42
DNK,2,1,2,,3,99,1,EURO,1,1,214
DNK,2,1,3,,3,99,1,EURO,1,1,179
DNK,2,1,4,,2,99,1,EURO,1,1,407
DNK,2,1,5,,2,99,1,EURO,1,1,1824
DNK,2,1,6,,2,99,1,EURO,1,1,11
DNK,2,1,7,,2,99,1,EURO,1,1,70
DNK,2,1,8,,2,99,1,EURO,1,1,234
DNK,2,1,9,,1,99,1,EURO,1,1,3271
DNK,2,2,0,,99,99,1,EURO,1,1,21
DNK,2,2,1,,3,99,1,EURO,1,1,184
DNK,2,2,2,,3,99,1,EURO,1,1,1152
DNK,2,2,3,,3,99,1,EURO,1,1,1360
DNK,2,2,4,,2,99,1,EURO,1,1,1809
DNK,2,2,5,,2,99,1,EURO,1,1,5502
DNK,2,2,6,,2,99,1,EURO,1,1,78
DNK,2,2,7,,2,99,1,EURO,1,1,203
DNK,2,2,8,,2,99,1,EURO,1,1,604
DNK,2,2,9,,1,99,1,EURO,1,1,6161
DNK,2,3,0,,99,99,1,EURO,1,1,7
DNK,2,3,1,,3,0,1,EURO,1,1,678
DNK,2,3,2,,3,0,1,EURO,1,1,13590
DNK,2,3,3,,3,0,1,EURO,1,1,2619
DNK,2,3,4,,2,1,1,EURO,1,1,2133
DNK,2,3,5,,2,1,1,EURO,1,1,2235
DNK,2,3,6,,2,1,1,EURO,1,1,48
DNK,2,3,7,,2,1,1,EURO,1,1,123
DNK,2,3,8,,2,1,1,EURO,1,1,277
DNK,2,3,9,,1,1,1,EURO,1,1,6728
DNK,2,99,1,,3,99,1,EURO,1,1,61
DNK,2,99,2,,3,99,1,EURO,1,1,793
DNK,2,99,3,,3,99,1,EURO,1,1,352
DNK,2,99,4,,2,99,1,EURO,1,1,505
DNK,2,99,5,,2,99,1,EURO,1,1,1041
DNK,2,99,6,,2,99,1,EURO,1,1,11
DNK,2,99,7,,2,99,1,EURO,1,1,43
DNK,2,99,8,,2,99,1,EURO,1,1,76
DNK,2,99,9,,1,99,1,EURO,1,1,2253
DNK,1,1,0,,99,99,1,NOAM,1,1,10
DNK,1,1,1,,3,99,1,NOAM,1,1,3
DNK,1,1,2,,3,99,1,NOAM,1,1,28
DNK,1,1,3,,3,99,1,NOAM,1,1,22
DNK,1,1,4,,2,99,1,NOAM,1,1,16
DNK,1,1,5,,2,99,1,NOAM,1,1,81
DNK,1,1,6,,2,99,1,NOAM,1,1,1
DNK,1,1,7,,2,99,1,NOAM,1,1,26
DNK,1,1,8,,2,99,1,NOAM,1,1,31
DNK,1,1,9,,1,99,1,NOAM,1,1,124
DNK,1,2,0,,99,99,1,NOAM,1,1,6
DNK,1,2,1,,3,99,1,NOAM,1,1,38
DNK,1,2,2,,3,99,1,NOAM,1,1,141
DNK,1,2,3,,3,99,1,NOAM,1,1,120
DNK,1,2,4,,2,99,1,NOAM,1,1,88
DNK,1,2,5,,2,99,1,NOAM,1,1,142
DNK,1,2,6,,2,99,1,NOAM,1,1,7
DNK,1,2,7,,2,99,1,NOAM,1,1,132
DNK,1,2,8,,2,99,1,NOAM,1,1,63
DNK,1,2,9,,1,99,1,NOAM,1,1,322
DNK,1,3,0,,99,99,1,NOAM,1,1,8
DNK,1,3,1,,3,0,1,NOAM,1,1,133
DNK,1,3,2,,3,0,1,NOAM,1,1,1251
DNK,1,3,3,,3,0,1,NOAM,1,1,200
DNK,1,3,4,,2,1,1,NOAM,1,1,75
DNK,1,3,5,,2,1,1,NOAM,1,1,120
DNK,1,3,7,,2,1,1,NOAM,1,1,35
DNK,1,3,8,,2,1,1,NOAM,1,1,22
DNK,1,3,9,,1,1,1,NOAM,1,1,485
DNK,1,99,0,,99,99,1,NOAM,1,1,2
DNK,1,99,1,,3,99,1,NOAM,1,1,18
DNK,1,99,2,,3,99,1,NOAM,1,1,81
DNK,1,99,3,,3,99,1,NOAM,1,1,32
DNK,1,99,4,,2,99,1,NOAM,1,1,23
DNK,1,99,5,,2,99,1,NOAM,1,1,26
DNK,1,99,7,,2,99,1,NOAM,1,1,5
DNK,1,99,8,,2,99,1,NOAM,1,1,2
DNK,1,99,9,,1,99,1,NOAM,1,1,106
DNK,2,1,1,,3,99,1,NOAM,1,1,3
DNK,2,1,2,,3,99,1,NOAM,1,1,19
DNK,2,1,3,,3,99,1,NOAM,1,1,16
DNK,2,1,4,,2,99,1,NOAM,1,1,28
DNK,2,1,5,,2,99,1,NOAM,1,1,113
DNK,2,1,7,,2,99,1,NOAM,1,1,1
DNK,2,1,8,,2,99,1,NOAM,1,1,4
DNK,2,1,9,,1,99,1,NOAM,1,1,103
DNK,2,2,0,,99,99,1,NOAM,1,1,1
DNK,2,2,1,,3,99,1,NOAM,1,1,16
DNK,2,2,2,,3,99,1,NOAM,1,1,106
DNK,2,2,3,,3,99,1,NOAM,1,1,94
DNK,2,2,4,,2,99,1,NOAM,1,1,144
DNK,2,2,5,,2,99,1,NOAM,1,1,242
DNK,2,2,6,,2,99,1,NOAM,1,1,1
DNK,2,2,7,,2,99,1,NOAM,1,1,7
DNK,2,2,8,,2,99,1,NOAM,1,1,10
DNK,2,2,9,,1,99,1,NOAM,1,1,175
DNK,2,3,1,,3,0,1,NOAM,1,1,65
DNK,2,3,2,,3,0,1,NOAM,1,1,1266
DNK,2,3,3,,3,0,1,NOAM,1,1,206
DNK,2,3,4,,2,1,1,NOAM,1,1,159
DNK,2,3,5,,2,1,1,NOAM,1,1,140
DNK,2,3,7,,2,1,1,NOAM,1,1,1
DNK,2,3,8,,2,1,1,NOAM,1,1,2
DNK,2,3,9,,1,1,1,NOAM,1,1,388
DNK,2,99,1,,3,99,1,NOAM,1,1,4
DNK,2,99,2,,3,99,1,NOAM,1,1,53
DNK,2,99,3,,3,99,1,NOAM,1,1,14
DNK,2,99,4,,2,99,1,NOAM,1,1,24
DNK,2,99,5,,2,99,1,NOAM,1,1,28
DNK,2,99,8,,2,99,1,NOAM,1,1,3
DNK,2,99,9,,1,99,1,NOAM,1,1,73
DNK,1,1,5,,2,99,1,OCEA,0,1,1
DNK,1,1,8,,2,99,1,OCEA,0,1,2
DNK,1,1,9,,1,99,1,OCEA,0,1,1
DNK,1,2,2,,3,99,1,OCEA,0,1,1
DNK,1,2,3,,3,99,1,OCEA,0,1,1
DNK,1,2,5,,2,99,1,OCEA,0,1,4
DNK,1,2,7,,2,99,1,OCEA,0,1,2
DNK,1,2,8,,2,99,1,OCEA,0,1,2
DNK,1,3,2,,3,0,1,OCEA,0,1,1
DNK,1,3,3,,3,0,1,OCEA,0,1,1
DNK,1,3,7,,2,1,1,OCEA,0,1,2
DNK,1,3,9,,1,1,1,OCEA,0,1,5
DNK,1,99,4,,2,99,1,OCEA,0,1,1
DNK,1,99,7,,2,99,1,OCEA,0,1,1
DNK,1,99,9,,1,99,1,OCEA,0,1,1
DNK,2,1,5,,2,99,1,OCEA,0,1,3
DNK,2,1,9,,1,99,1,OCEA,0,1,3
DNK,2,2,3,,3,99,1,OCEA,0,1,2
DNK,2,2,5,,2,99,1,OCEA,0,1,6
DNK,2,2,9,,1,99,1,OCEA,0,1,4
DNK,2,3,2,,3,0,1,OCEA,0,1,4
DNK,2,3,3,,3,0,1,OCEA,0,1,1
DNK,2,3,4,,2,1,1,OCEA,0,1,1
DNK,2,3,5,,2,1,1,OCEA,0,1,2
DNK,2,3,9,,1,1,1,OCEA,0,1,2
DNK,2,99,2,,3,99,1,OCEA,0,1,1
DNK,1,1,0,,99,99,1,OCEA,1,1,4
DNK,1,1,1,,3,99,1,OCEA,1,1,4
DNK,1,1,2,,3,99,1,OCEA,1,1,5
DNK,1,1,3,,3,99,1,OCEA,1,1,8
DNK,1,1,5,,2,99,1,OCEA,1,1,23
DNK,1,1,6,,2,99,1,OCEA,1,1,1
DNK,1,1,7,,2,99,1,OCEA,1,1,9
DNK,1,1,8,,2,99,1,OCEA,1,1,8
DNK,1,1,9,,1,99,1,OCEA,1,1,40
DNK,1,2,0,,99,99,1,OCEA,1,1,7
DNK,1,2,1,,3,99,1,OCEA,1,1,8
DNK,1,2,2,,3,99,1,OCEA,1,1,45
DNK,1,2,3,,3,99,1,OCEA,1,1,25
DNK,1,2,4,,2,99,1,OCEA,1,1,23
DNK,1,2,5,,2,99,1,OCEA,1,1,57
DNK,1,2,6,,2,99,1,OCEA,1,1,4
DNK,1,2,7,,2,99,1,OCEA,1,1,59
DNK,1,2,8,,2,99,1,OCEA,1,1,22
DNK,1,2,9,,1,99,1,OCEA,1,1,88
DNK,1,3,1,,3,0,1,OCEA,1,1,28
DNK,1,3,2,,3,0,1,OCEA,1,1,293
DNK,1,3,3,,3,0,1,OCEA,1,1,66
DNK,1,3,4,,2,1,1,OCEA,1,1,18
DNK,1,3,5,,2,1,1,OCEA,1,1,40
DNK,1,3,7,,2,1,1,OCEA,1,1,17
DNK,1,3,8,,2,1,1,OCEA,1,1,10
DNK,1,3,9,,1,1,1,OCEA,1,1,140
DNK,1,99,0,,99,99,1,OCEA,1,1,1
DNK,1,99,1,,3,99,1,OCEA,1,1,8
DNK,1,99,2,,3,99,1,OCEA,1,1,27
DNK,1,99,3,,3,99,1,OCEA,1,1,9
DNK,1,99,4,,2,99,1,OCEA,1,1,7
DNK,1,99,5,,2,99,1,OCEA,1,1,22
DNK,1,99,6,,2,99,1,OCEA,1,1,1
DNK,1,99,7,,2,99,1,OCEA,1,1,11
DNK,1,99,8,,2,99,1,OCEA,1,1,4
DNK,1,99,9,,1,99,1,OCEA,1,1,43
DNK,2,1,1,,3,99,1,OCEA,1,1,1
DNK,2,1,2,,3,99,1,OCEA,1,1,5
DNK,2,1,3,,3,99,1,OCEA,1,1,4
DNK,2,1,4,,2,99,1,OCEA,1,1,7
DNK,2,1,5,,2,99,1,OCEA,1,1,22
DNK,2,1,6,,2,99,1,OCEA,1,1,1
DNK,2,1,8,,2,99,1,OCEA,1,1,3
DNK,2,1,9,,1,99,1,OCEA,1,1,22
DNK,2,2,1,,3,99,1,OCEA,1,1,4
DNK,2,2,2,,3,99,1,OCEA,1,1,23
DNK,2,2,3,,3,99,1,OCEA,1,1,21
DNK,2,2,4,,2,99,1,OCEA,1,1,26
DNK,2,2,5,,2,99,1,OCEA,1,1,73
DNK,2,2,6,,2,99,1,OCEA,1,1,1
DNK,2,2,7,,2,99,1,OCEA,1,1,4
DNK,2,2,8,,2,99,1,OCEA,1,1,3
DNK,2,2,9,,1,99,1,OCEA,1,1,39
DNK,2,3,1,,3,0,1,OCEA,1,1,8
DNK,2,3,2,,3,0,1,OCEA,1,1,223
DNK,2,3,3,,3,0,1,OCEA,1,1,33
DNK,2,3,4,,2,1,1,OCEA,1,1,34
DNK,2,3,5,,2,1,1,OCEA,1,1,37
DNK,2,3,7,,2,1,1,OCEA,1,1,2
DNK,2,3,9,,1,1,1,OCEA,1,1,73
DNK,2,99,1,,3,99,1,OCEA,1,1,1
DNK,2,99,2,,3,99,1,OCEA,1,1,18
DNK,2,99,3,,3,99,1,OCEA,1,1,3
DNK,2,99,4,,2,99,1,OCEA,1,1,7
DNK,2,99,5,,2,99,1,OCEA,1,1,9
DNK,2,99,8,,2,99,1,OCEA,1,1,1
DNK,2,99,9,,1,99,1,OCEA,1,1,18
DNK,1,1,0,,99,99,1,SCAC,0,1,9
DNK,1,1,1,,3,99,1,SCAC,0,1,2
DNK,1,1,2,,3,99,1,SCAC,0,1,13
DNK,1,1,3,,3,99,1,SCAC,0,1,15
DNK,1,1,4,,2,99,1,SCAC,0,1,28
DNK,1,1,5,,2,99,1,SCAC,0,1,196
DNK,1,1,6,,2,99,1,SCAC,0,1,3
DNK,1,1,7,,2,99,1,SCAC,0,1,46
DNK,1,1,8,,2,99,1,SCAC,0,1,30
DNK,1,1,9,,1,99,1,SCAC,0,1,217
DNK,1,2,0,,99,99,1,SCAC,0,1,16
DNK,1,2,1,,3,99,1,SCAC,0,1,19
DNK,1,2,2,,3,99,1,SCAC,0,1,70
DNK,1,2,3,,3,99,1,SCAC,0,1,71
DNK,1,2,4,,2,99,1,SCAC,0,1,70
DNK,1,2,5,,2,99,1,SCAC,0,1,287
DNK,1,2,6,,2,99,1,SCAC,0,1,4
DNK,1,2,7,,2,99,1,SCAC,0,1,104
DNK,1,2,8,,2,99,1,SCAC,0,1,56
DNK,1,2,9,,1,99,1,SCAC,0,1,266
DNK,1,3,0,,99,99,1,SCAC,0,1,2
DNK,1,3,1,,3,0,1,SCAC,0,1,34
DNK,1,3,2,,3,0,1,SCAC,0,1,589
DNK,1,3,3,,3,0,1,SCAC,0,1,111
DNK,1,3,4,,2,1,1,SCAC,0,1,75
DNK,1,3,5,,2,1,1,SCAC,0,1,111
DNK,1,3,6,,2,1,1,SCAC,0,1,1
DNK,1,3,7,,2,1,1,SCAC,0,1,21
DNK,1,3,8,,2,1,1,SCAC,0,1,21
DNK,1,3,9,,1,1,1,SCAC,0,1,274
DNK,1,99,1,,3,99,1,SCAC,0,1,4
DNK,1,99,2,,3,99,1,SCAC,0,1,27
DNK,1,99,3,,3,99,1,SCAC,0,1,6
DNK,1,99,4,,2,99,1,SCAC,0,1,17
DNK,1,99,5,,2,99,1,SCAC,0,1,29
DNK,1,99,6,,2,99,1,SCAC,0,1,1
DNK,1,99,7,,2,99,1,SCAC,0,1,15
DNK,1,99,8,,2,99,1,SCAC,0,1,8
DNK,1,99,9,,1,99,1,SCAC,0,1,89
DNK,2,1,1,,3,99,1,SCAC,0,1,1
DNK,2,1,2,,3,99,1,SCAC,0,1,14
DNK,2,1,3,,3,99,1,SCAC,0,1,7
DNK,2,1,4,,2,99,1,SCAC,0,1,23
DNK,2,1,5,,2,99,1,SCAC,0,1,222
DNK,2,1,7,,2,99,1,SCAC,0,1,12
DNK,2,1,8,,2,99,1,SCAC,0,1,10
DNK,2,1,9,,1,99,1,SCAC,0,1,206
DNK,2,2,0,,99,99,1,SCAC,0,1,3
DNK,2,2,1,,3,99,1,SCAC,0,1,9
DNK,2,2,2,,3,99,1,SCAC,0,1,83
DNK,2,2,3,,3,99,1,SCAC,0,1,72
DNK,2,2,4,,2,99,1,SCAC,0,1,131
DNK,2,2,5,,2,99,1,SCAC,0,1,725
DNK,2,2,6,,2,99,1,SCAC,0,1,1
DNK,2,2,7,,2,99,1,SCAC,0,1,10
DNK,2,2,8,,2,99,1,SCAC,0,1,13
DNK,2,2,9,,1,99,1,SCAC,0,1,246
DNK,2,3,1,,3,0,1,SCAC,0,1,29
DNK,2,3,2,,3,0,1,SCAC,0,1,751
DNK,2,3,3,,3,0,1,SCAC,0,1,180
DNK,2,3,4,,2,1,1,SCAC,0,1,145
DNK,2,3,5,,2,1,1,SCAC,0,1,202
DNK,2,3,7,,2,1,1,SCAC,0,1,6
DNK,2,3,8,,2,1,1,SCAC,0,1,8
DNK,2,3,9,,1,1,1,SCAC,0,1,366
DNK,2,99,1,,3,99,1,SCAC,0,1,1
DNK,2,99,2,,3,99,1,SCAC,0,1,42
DNK,2,99,3,,3,99,1,SCAC,0,1,10
DNK,2,99,4,,2,99,1,SCAC,0,1,16
DNK,2,99,5,,2,99,1,SCAC,0,1,85
DNK,2,99,6,,2,99,1,SCAC,0,1,1
DNK,2,99,7,,2,99,1,SCAC,0,1,1
DNK,2,99,8,,2,99,1,SCAC,0,1,3
DNK,2,99,9,,1,99,1,SCAC,0,1,97
DNK,1,1,1,,3,99,1,SCAC,1,1,1
DNK,1,1,2,,3,99,1,SCAC,1,1,4
DNK,1,1,3,,3,99,1,SCAC,1,1,4
DNK,1,1,4,,2,99,1,SCAC,1,1,9
DNK,1,1,5,,2,99,1,SCAC,1,1,15
DNK,1,1,7,,2,99,1,SCAC,1,1,4
DNK,1,1,8,,2,99,1,SCAC,1,1,6
DNK,1,1,9,,1,99,1,SCAC,1,1,35
DNK,1,2,0,,99,99,1,SCAC,1,1,2
DNK,1,2,1,,3,99,1,SCAC,1,1,2
DNK,1,2,2,,3,99,1,SCAC,1,1,13
DNK,1,2,3,,3,99,1,SCAC,1,1,11
DNK,1,2,4,,2,99,1,SCAC,1,1,10
DNK,1,2,5,,2,99,1,SCAC,1,1,48
DNK,1,2,6,,2,99,1,SCAC,1,1,3
DNK,1,2,7,,2,99,1,SCAC,1,1,20
DNK,1,2,8,,2,99,1,SCAC,1,1,13
DNK,1,2,9,,1,99,1,SCAC,1,1,76
DNK,1,3,1,,3,0,1,SCAC,1,1,9
DNK,1,3,2,,3,0,1,SCAC,1,1,196
DNK,1,3,3,,3,0,1,SCAC,1,1,39
DNK,1,3,4,,2,1,1,SCAC,1,1,16
DNK,1,3,5,,2,1,1,SCAC,1,1,34
DNK,1,3,7,,2,1,1,SCAC,1,1,4
DNK,1,3,8,,2,1,1,SCAC,1,1,10
DNK,1,3,9,,1,1,1,SCAC,1,1,67
DNK,1,99,1,,3,99,1,SCAC,1,1,1
DNK,1,99,2,,3,99,1,SCAC,1,1,13
DNK,1,99,3,,3,99,1,SCAC,1,1,3
DNK,1,99,4,,2,99,1,SCAC,1,1,4
DNK,1,99,5,,2,99,1,SCAC,1,1,4
DNK,1,99,8,,2,99,1,SCAC,1,1,3
DNK,1,99,9,,1,99,1,SCAC,1,1,24
DNK,2,1,1,,3,99,1,SCAC,1,1,1
DNK,2,1,2,,3,99,1,SCAC,1,1,2
DNK,2,1,3,,3,99,1,SCAC,1,1,3
DNK,2,1,4,,2,99,1,SCAC,1,1,3
DNK,2,1,5,,2,99,1,SCAC,1,1,18
DNK,2,1,8,,2,99,1,SCAC,1,1,3
DNK,2,1,9,,1,99,1,SCAC,1,1,18
DNK,2,2,1,,3,99,1,SCAC,1,1,1
DNK,2,2,2,,3,99,1,SCAC,1,1,17
DNK,2,2,3,,3,99,1,SCAC,1,1,20
DNK,2,2,4,,2,99,1,SCAC,1,1,20
DNK,2,2,5,,2,99,1,SCAC,1,1,112
DNK,2,2,7,,2,99,1,SCAC,1,1,4
DNK,2,2,8,,2,99,1,SCAC,1,1,2
DNK,2,2,9,,1,99,1,SCAC,1,1,29
DNK,2,3,1,,3,0,1,SCAC,1,1,5
DNK,2,3,2,,3,0,1,SCAC,1,1,194
DNK,2,3,3,,3,0,1,SCAC,1,1,51
DNK,2,3,4,,2,1,1,SCAC,1,1,34
DNK,2,3,5,,2,1,1,SCAC,1,1,31
DNK,2,3,6,,2,1,1,SCAC,1,1,1
DNK,2,3,7,,2,1,1,SCAC,1,1,2
DNK,2,3,8,,2,1,1,SCAC,1,1,2
DNK,2,3,9,,1,1,1,SCAC,1,1,73
DNK,2,99,1,,3,99,1,SCAC,1,1,1
DNK,2,99,2,,3,99,1,SCAC,1,1,8
DNK,2,99,3,,3,99,1,SCAC,1,1,2
DNK,2,99,5,,2,99,1,SCAC,1,1,7
DNK,2,99,9,,1,99,1,SCAC,1,1,11
DNK,1,1,4,,2,99,1,UNK,0,1,2
DNK,1,1,5,,2,99,1,UNK,0,1,4
DNK,1,1,7,,2,99,1,UNK,0,1,3
DNK,1,1,8,,2,99,1,UNK,0,1,2
DNK,1,1,9,,1,99,1,UNK,0,1,25
DNK,1,2,2,,3,99,1,UNK,0,1,1
DNK,1,2,3,,3,99,1,UNK,0,1,1
DNK,1,2,4,,2,99,1,UNK,0,1,3
DNK,1,2,5,,2,99,1,UNK,0,1,8
DNK,1,2,7,,2,99,1,UNK,0,1,9
DNK,1,2,8,,2,99,1,UNK,0,1,3
DNK,1,2,9,,1,99,1,UNK,0,1,13
DNK,1,3,1,,3,0,1,UNK,0,1,1
DNK,1,3,2,,3,0,1,UNK,0,1,9
DNK,1,3,4,,2,1,1,UNK,0,1,4
DNK,1,3,5,,2,1,1,UNK,0,1,1
DNK,1,3,7,,2,1,1,UNK,0,1,2
DNK,1,3,8,,2,1,1,UNK,0,1,1
DNK,1,3,9,,1,1,1,UNK,0,1,17
DNK,1,99,5,,2,99,1,UNK,0,1,1
DNK,1,99,8,,2,99,1,UNK,0,1,1
DNK,1,99,9,,1,99,1,UNK,0,1,15
DNK,2,1,2,,3,99,1,UNK,0,1,1
DNK,2,1,4,,2,99,1,UNK,0,1,1
DNK,2,1,5,,2,99,1,UNK,0,1,3
DNK,2,1,9,,1,99,1,UNK,0,1,9
DNK,2,2,2,,3,99,1,UNK,0,1,1
DNK,2,2,3,,3,99,1,UNK,0,1,2
DNK,2,2,4,,2,99,1,UNK,0,1,2
DNK,2,2,5,,2,99,1,UNK,0,1,11
DNK,2,2,8,,2,99,1,UNK,0,1,2
DNK,2,2,9,,1,99,1,UNK,0,1,11
DNK,2,3,2,,3,0,1,UNK,0,1,8
DNK,2,3,3,,3,0,1,UNK,0,1,3
DNK,2,3,4,,2,1,1,UNK,0,1,1
DNK,2,3,5,,2,1,1,UNK,0,1,2
DNK,2,3,9,,1,1,1,UNK,0,1,3
DNK,2,99,2,,3,99,1,UNK,0,1,1
DNK,2,99,9,,1,99,1,UNK,0,1,1
ESP,1,1,0,,99,99,1,AFRI,0,1,137
ESP,1,1,1,,3,99,1,AFRI,0,1,1466
ESP,1,1,2,,3,99,1,AFRI,0,1,74
ESP,1,1,3,,3,99,1,AFRI,0,1,2485
ESP,1,1,4,,2,99,1,AFRI,0,1,1184
ESP,1,1,5,,2,99,1,AFRI,0,1,49422
ESP,1,1,6,,2,99,1,AFRI,0,1,9339
ESP,1,1,7,,2,99,1,AFRI,0,1,38054
ESP,1,1,8,,2,99,1,AFRI,0,1,14333
ESP,1,1,9,,1,99,1,AFRI,0,1,102175
ESP,1,2,0,,99,99,1,AFRI,0,1,805
ESP,1,2,1,,3,99,1,AFRI,0,1,203
ESP,1,2,2,,3,99,1,AFRI,0,1,640
ESP,1,2,3,,3,99,1,AFRI,0,1,3982
ESP,1,2,4,,2,99,1,AFRI,0,1,2767
ESP,1,2,5,,2,99,1,AFRI,0,1,11130
ESP,1,2,6,,2,99,1,AFRI,0,1,2792
ESP,1,2,7,,2,99,1,AFRI,0,1,13764
ESP,1,2,8,,2,99,1,AFRI,0,1,5960
ESP,1,2,9,,1,99,1,AFRI,0,1,17350
ESP,1,3,1,,3,0,1,AFRI,0,1,1824
ESP,1,3,2,,3,0,1,AFRI,0,1,9557
ESP,1,3,3,,3,0,1,AFRI,0,1,2648
ESP,1,3,4,,2,1,1,AFRI,0,1,1304
ESP,1,3,5,,2,1,1,AFRI,0,1,7000
ESP,1,3,6,,2,1,1,AFRI,0,1,515
ESP,1,3,7,,2,1,1,AFRI,0,1,2811
ESP,1,3,8,,2,1,1,AFRI,0,1,2055
ESP,1,3,9,,1,1,1,AFRI,0,1,5472
ESP,2,1,1,,3,99,1,AFRI,0,1,622
ESP,2,1,3,,3,99,1,AFRI,0,1,62
ESP,2,1,4,,2,99,1,AFRI,0,1,1185
ESP,2,1,5,,2,99,1,AFRI,0,1,17147
ESP,2,1,7,,2,99,1,AFRI,0,1,3861
ESP,2,1,8,,2,99,1,AFRI,0,1,2741
ESP,2,1,9,,1,99,1,AFRI,0,1,39081
ESP,2,2,1,,3,99,1,AFRI,0,1,200
ESP,2,2,2,,3,99,1,AFRI,0,1,179
ESP,2,2,3,,3,99,1,AFRI,0,1,1978
ESP,2,2,4,,2,99,1,AFRI,0,1,1179
ESP,2,2,5,,2,99,1,AFRI,0,1,7586
ESP,2,2,6,,2,99,1,AFRI,0,1,222
ESP,2,2,7,,2,99,1,AFRI,0,1,463
ESP,2,2,8,,2,99,1,AFRI,0,1,223
ESP,2,2,9,,1,99,1,AFRI,0,1,10163
ESP,2,3,1,,3,0,1,AFRI,0,1,328
ESP,2,3,2,,3,0,1,AFRI,0,1,4784
ESP,2,3,3,,3,0,1,AFRI,0,1,1769
ESP,2,3,4,,2,1,1,AFRI,0,1,2211
ESP,2,3,5,,2,1,1,AFRI,0,1,2625
ESP,2,3,7,,2,1,1,AFRI,0,1,69
ESP,2,3,8,,2,1,1,AFRI,0,1,125
ESP,2,3,9,,1,1,1,AFRI,0,1,2533
ESP,1,1,1,,3,99,1,ASIA,0,1,852
ESP,1,1,3,,3,99,1,ASIA,0,1,181
ESP,1,1,4,,2,99,1,ASIA,0,1,864
ESP,1,1,5,,2,99,1,ASIA,0,1,46451
ESP,1,1,7,,2,99,1,ASIA,0,1,4418
ESP,1,1,8,,2,99,1,ASIA,0,1,7285
ESP,1,1,9,,1,99,1,ASIA,0,1,6598
ESP,1,2,1,,3,99,1,ASIA,0,1,2368
ESP,1,2,3,,3,99,1,ASIA,0,1,1152
ESP,1,2,4,,2,99,1,ASIA,0,1,364
ESP,1,2,5,,2,99,1,ASIA,0,1,20377
ESP,1,2,6,,2,99,1,ASIA,0,1,299
ESP,1,2,7,,2,99,1,ASIA,0,1,1349
ESP,1,2,8,,2,99,1,ASIA,0,1,1365
ESP,1,2,9,,1,99,1,ASIA,0,1,1949
ESP,1,3,1,,3,0,1,ASIA,0,1,247
ESP,1,3,2,,3,0,1,ASIA,0,1,3890
ESP,1,3,3,,3,0,1,ASIA,0,1,1210
ESP,1,3,4,,2,1,1,ASIA,0,1,863
ESP,1,3,5,,2,1,1,ASIA,0,1,4482
ESP,1,3,6,,2,1,1,ASIA,0,1,304
ESP,1,3,7,,2,1,1,ASIA,0,1,1531
ESP,1,3,8,,2,1,1,ASIA,0,1,48
ESP,1,3,9,,1,1,1,ASIA,0,1,2158
ESP,2,1,1,,3,99,1,ASIA,0,1,1438
ESP,2,1,3,,3,99,1,ASIA,0,1,684
ESP,2,1,4,,2,99,1,ASIA,0,1,183
ESP,2,1,5,,2,99,1,ASIA,0,1,31210
ESP,2,1,7,,2,99,1,ASIA,0,1,955
ESP,2,1,8,,2,99,1,ASIA,0,1,633
ESP,2,1,9,,1,99,1,ASIA,0,1,9539
ESP,2,2,1,,3,99,1,ASIA,0,1,832
ESP,2,2,2,,3,99,1,ASIA,0,1,189
ESP,2,2,3,,3,99,1,ASIA,0,1,126
ESP,2,2,4,,2,99,1,ASIA,0,1,636
ESP,2,2,5,,2,99,1,ASIA,0,1,15421
ESP,2,2,9,,1,99,1,ASIA,0,1,6832
ESP,2,3,1,,3,0,1,ASIA,0,1,1791
ESP,2,3,2,,3,0,1,ASIA,0,1,1390
ESP,2,3,3,,3,0,1,ASIA,0,1,3095
ESP,2,3,4,,2,1,1,ASIA,0,1,2471
ESP,2,3,5,,2,1,1,ASIA,0,1,5141
ESP,2,3,6,,2,1,1,ASIA,0,1,74
ESP,2,3,7,,2,1,1,ASIA,0,1,136
ESP,2,3,8,,2,1,1,ASIA,0,1,793
ESP,2,3,9,,1,1,1,ASIA,0,1,7678
ESP,1,2,1,,3,99,1,ASIA,1,1,256
ESP,1,2,3,,3,99,1,ASIA,1,1,97
ESP,1,2,5,,2,99,1,ASIA,1,1,597
ESP,1,3,1,,3,0,1,ASIA,1,1,634
ESP,1,3,2,,3,0,1,ASIA,1,1,779
ESP,1,3,3,,3,0,1,ASIA,1,1,293
ESP,2,1,5,,2,99,1,ASIA,1,1,880
ESP,2,2,2,,3,99,1,ASIA,1,1,130
ESP,2,2,5,,2,99,1,ASIA,1,1,1244
ESP,2,2,9,,1,99,1,ASIA,1,1,87
ESP,2,3,2,,3,0,1,ASIA,1,1,221
ESP,2,3,3,,3,0,1,ASIA,1,1,187
ESP,2,3,5,,2,1,1,ASIA,1,1,759
ESP,1,1,3,,3,99,1,EURO,0,1,369
ESP,1,1,4,,2,99,1,EURO,0,1,1575
ESP,1,1,5,,2,99,1,EURO,0,1,6711
ESP,1,1,6,,2,99,1,EURO,0,1,4197
ESP,1,1,7,,2,99,1,EURO,0,1,24921
ESP,1,1,8,,2,99,1,EURO,0,1,11328
ESP,1,1,9,,1,99,1,EURO,0,1,26916
ESP,1,2,1,,3,99,1,EURO,0,1,443
ESP,1,2,2,,3,99,1,EURO,0,1,770
ESP,1,2,3,,3,99,1,EURO,0,1,1551
ESP,1,2,4,,2,99,1,EURO,0,1,5003
ESP,1,2,5,,2,99,1,EURO,0,1,14047
ESP,1,2,6,,2,99,1,EURO,0,1,5771
ESP,1,2,7,,2,99,1,EURO,0,1,42714
ESP,1,2,8,,2,99,1,EURO,0,1,26490
ESP,1,2,9,,1,99,1,EURO,0,1,24409
ESP,1,3,1,,3,0,1,EURO,0,1,1159
ESP,1,3,2,,3,0,1,EURO,0,1,4838
ESP,1,3,3,,3,0,1,EURO,0,1,7426
ESP,1,3,4,,2,1,1,EURO,0,1,1638
ESP,1,3,5,,2,1,1,EURO,0,1,4649
ESP,1,3,6,,2,1,1,EURO,0,1,1623
ESP,1,3,7,,2,1,1,EURO,0,1,17930
ESP,1,3,8,,2,1,1,EURO,0,1,7309
ESP,1,3,9,,1,1,1,EURO,0,1,5462
ESP,2,1,3,,3,99,1,EURO,0,1,196
ESP,2,1,4,,2,99,1,EURO,0,1,358
ESP,2,1,5,,2,99,1,EURO,0,1,26083
ESP,2,1,6,,2,99,1,EURO,0,1,308
ESP,2,1,7,,2,99,1,EURO,0,1,1331
ESP,2,1,8,,2,99,1,EURO,0,1,1350
ESP,2,1,9,,1,99,1,EURO,0,1,48585
ESP,2,2,1,,3,99,1,EURO,0,1,555
ESP,2,2,2,,3,99,1,EURO,0,1,677
ESP,2,2,3,,3,99,1,EURO,0,1,1960
ESP,2,2,4,,2,99,1,EURO,0,1,4898
ESP,2,2,5,,2,99,1,EURO,0,1,36712
ESP,2,2,6,,2,99,1,EURO,0,1,992
ESP,2,2,7,,2,99,1,EURO,0,1,3746
ESP,2,2,8,,2,99,1,EURO,0,1,4657
ESP,2,2,9,,1,99,1,EURO,0,1,57301
ESP,2,3,1,,3,0,1,EURO,0,1,427
ESP,2,3,2,,3,0,1,EURO,0,1,12841
ESP,2,3,3,,3,0,1,EURO,0,1,6559
ESP,2,3,4,,2,1,1,EURO,0,1,10923
ESP,2,3,5,,2,1,1,EURO,0,1,16749
ESP,2,3,7,,2,1,1,EURO,0,1,1069
ESP,2,3,8,,2,1,1,EURO,0,1,878
ESP,2,3,9,,1,1,1,EURO,0,1,25291
ESP,1,1,0,,99,99,1,EURO,1,0,17108
ESP,1,1,1,,3,99,1,EURO,1,0,88506
ESP,1,1,2,,3,99,1,EURO,1,0,6188
ESP,1,1,3,,3,99,1,EURO,1,0,195691
ESP,1,1,4,,2,99,1,EURO,1,0,125778
ESP,1,1,5,,2,99,1,EURO,1,0,621257
ESP,1,1,6,,2,99,1,EURO,1,0,219609
ESP,1,1,7,,2,99,1,EURO,1,0,867232
ESP,1,1,8,,2,99,1,EURO,1,0,661760
ESP,1,1,9,,1,99,1,EURO,1,0,496150
ESP,1,2,0,,99,99,1,EURO,1,0,29162
ESP,1,2,1,,3,99,1,EURO,1,0,98787
ESP,1,2,2,,3,99,1,EURO,1,0,29997
ESP,1,2,3,,3,99,1,EURO,1,0,315032
ESP,1,2,4,,2,99,1,EURO,1,0,175988
ESP,1,2,5,,2,99,1,EURO,1,0,454168
ESP,1,2,6,,2,99,1,EURO,1,0,53886
ESP,1,2,7,,2,99,1,EURO,1,0,385391
ESP,1,2,8,,2,99,1,EURO,1,0,249802
ESP,1,2,9,,1,99,1,EURO,1,0,130145
ESP,1,3,0,,99,99,1,EURO,1,0,27922
ESP,1,3,1,,3,0,1,EURO,1,0,283663
ESP,1,3,2,,3,0,1,EURO,1,0,1276573
ESP,1,3,3,,3,0,1,EURO,1,0,597410
ESP,1,3,4,,2,1,1,EURO,1,0,270122
ESP,1,3,5,,2,1,1,EURO,1,0,297895
ESP,1,3,6,,2,1,1,EURO,1,0,36181
ESP,1,3,7,,2,1,1,EURO,1,0,343676
ESP,1,3,8,,2,1,1,EURO,1,0,139848
ESP,1,3,9,,1,1,1,EURO,1,0,74393
ESP,2,1,0,,99,99,1,EURO,1,0,1856
ESP,2,1,1,,3,99,1,EURO,1,0,28534
ESP,2,1,2,,3,99,1,EURO,1,0,4483
ESP,2,1,3,,3,99,1,EURO,1,0,52837
ESP,2,1,4,,2,99,1,EURO,1,0,141632
ESP,2,1,5,,2,99,1,EURO,1,0,751853
ESP,2,1,6,,2,99,1,EURO,1,0,56411
ESP,2,1,7,,2,99,1,EURO,1,0,80011
ESP,2,1,8,,2,99,1,EURO,1,0,97807
ESP,2,1,9,,1,99,1,EURO,1,0,690931
ESP,2,2,0,,99,99,1,EURO,1,0,2163
ESP,2,2,1,,3,99,1,EURO,1,0,32819
ESP,2,2,2,,3,99,1,EURO,1,0,18092
ESP,2,2,3,,3,99,1,EURO,1,0,160983
ESP,2,2,4,,2,99,1,EURO,1,0,338035
ESP,2,2,5,,2,99,1,EURO,1,0,725360
ESP,2,2,6,,2,99,1,EURO,1,0,14066
ESP,2,2,7,,2,99,1,EURO,1,0,30228
ESP,2,2,8,,2,99,1,EURO,1,0,35631
ESP,2,2,9,,1,99,1,EURO,1,0,170666
ESP,2,3,0,,99,99,1,EURO,1,0,2518
ESP,2,3,1,,3,0,1,EURO,1,0,139499
ESP,2,3,2,,3,0,1,EURO,1,0,1687792
ESP,2,3,3,,3,0,1,EURO,1,0,466349
ESP,2,3,4,,2,1,1,EURO,1,0,642295
ESP,2,3,5,,2,1,1,EURO,1,0,514386
ESP,2,3,6,,2,1,1,EURO,1,0,10119
ESP,2,3,7,,2,1,1,EURO,1,0,23626
ESP,2,3,8,,2,1,1,EURO,1,0,19834
ESP,2,3,9,,1,1,1,EURO,1,0,94638
ESP,1,1,1,,3,99,1,EURO,1,1,1769
ESP,1,1,2,,3,99,1,EURO,1,1,914
ESP,1,1,3,,3,99,1,EURO,1,1,2798
ESP,1,1,4,,2,99,1,EURO,1,1,1689
ESP,1,1,5,,2,99,1,EURO,1,1,13928
ESP,1,1,6,,2,99,1,EURO,1,1,3204
ESP,1,1,7,,2,99,1,EURO,1,1,20240
ESP,1,1,8,,2,99,1,EURO,1,1,10211
ESP,1,1,9,,1,99,1,EURO,1,1,10543
ESP,1,2,0,,99,99,1,EURO,1,1,532
ESP,1,2,1,,3,99,1,EURO,1,1,5052
ESP,1,2,2,,3,99,1,EURO,1,1,985
ESP,1,2,3,,3,99,1,EURO,1,1,10525
ESP,1,2,4,,2,99,1,EURO,1,1,3703
ESP,1,2,5,,2,99,1,EURO,1,1,16155
ESP,1,2,6,,2,99,1,EURO,1,1,1675
ESP,1,2,7,,2,99,1,EURO,1,1,11913
ESP,1,2,8,,2,99,1,EURO,1,1,8378
ESP,1,2,9,,1,99,1,EURO,1,1,3245
ESP,1,3,1,,3,0,1,EURO,1,1,14544
ESP,1,3,2,,3,0,1,EURO,1,1,53649
ESP,1,3,3,,3,0,1,EURO,1,1,21873
ESP,1,3,4,,2,1,1,EURO,1,1,7790
ESP,1,3,5,,2,1,1,EURO,1,1,12854
ESP,1,3,6,,2,1,1,EURO,1,1,88
ESP,1,3,7,,2,1,1,EURO,1,1,15800
ESP,1,3,8,,2,1,1,EURO,1,1,5257
ESP,1,3,9,,1,1,1,EURO,1,1,4469
ESP,2,1,1,,3,99,1,EURO,1,1,2199
ESP,2,1,2,,3,99,1,EURO,1,1,658
ESP,2,1,3,,3,99,1,EURO,1,1,2412
ESP,2,1,4,,2,99,1,EURO,1,1,2741
ESP,2,1,5,,2,99,1,EURO,1,1,19175
ESP,2,1,6,,2,99,1,EURO,1,1,213
ESP,2,1,7,,2,99,1,EURO,1,1,1716
ESP,2,1,8,,2,99,1,EURO,1,1,1214
ESP,2,1,9,,1,99,1,EURO,1,1,14800
ESP,2,2,0,,99,99,1,EURO,1,1,141
ESP,2,2,1,,3,99,1,EURO,1,1,3903
ESP,2,2,2,,3,99,1,EURO,1,1,3470
ESP,2,2,3,,3,99,1,EURO,1,1,4562
ESP,2,2,4,,2,99,1,EURO,1,1,10138
ESP,2,2,5,,2,99,1,EURO,1,1,29503
ESP,2,2,7,,2,99,1,EURO,1,1,1153
ESP,2,2,8,,2,99,1,EURO,1,1,273
ESP,2,2,9,,1,99,1,EURO,1,1,9947
ESP,2,3,1,,3,0,1,EURO,1,1,8388
ESP,2,3,2,,3,0,1,EURO,1,1,43265
ESP,2,3,3,,3,0,1,EURO,1,1,17786
ESP,2,3,4,,2,1,1,EURO,1,1,15987
ESP,2,3,5,,2,1,1,EURO,1,1,16362
ESP,2,3,6,,2,1,1,EURO,1,1,158
ESP,2,3,7,,2,1,1,EURO,1,1,37
ESP,2,3,8,,2,1,1,EURO,1,1,318
ESP,2,3,9,,1,1,1,EURO,1,1,6682
ESP,1,1,3,,3,99,1,NOAM,1,1,439
ESP,1,1,5,,2,99,1,NOAM,1,1,93
ESP,1,2,5,,2,99,1,NOAM,1,1,453
ESP,1,2,7,,2,99,1,NOAM,1,1,181
ESP,1,3,1,,3,0,1,NOAM,1,1,245
ESP,1,3,2,,3,0,1,NOAM,1,1,6397
ESP,1,3,3,,3,0,1,NOAM,1,1,2993
ESP,1,3,5,,2,1,1,NOAM,1,1,308
ESP,1,3,7,,2,1,1,NOAM,1,1,244
ESP,1,3,8,,2,1,1,NOAM,1,1,196
ESP,2,3,1,,3,0,1,NOAM,1,1,136
ESP,2,3,2,,3,0,1,NOAM,1,1,6489
ESP,2,3,3,,3,0,1,NOAM,1,1,919
ESP,2,3,4,,2,1,1,NOAM,1,1,67
ESP,2,3,5,,2,1,1,NOAM,1,1,877
ESP,2,3,9,,1,1,1,NOAM,1,1,174
ESP,1,1,8,,2,99,1,OCEA,1,1,473
ESP,1,3,2,,3,0,1,OCEA,1,1,599
ESP,1,3,6,,2,1,1,OCEA,1,1,250
ESP,2,1,5,,2,99,1,OCEA,1,1,254
ESP,2,2,4,,2,99,1,OCEA,1,1,250
ESP,2,3,2,,3,0,1,OCEA,1,1,148
ESP,1,1,0,,99,99,1,SCAC,0,1,586
ESP,1,1,1,,3,99,1,SCAC,0,1,403
ESP,1,1,2,,3,99,1,SCAC,0,1,53
ESP,1,1,3,,3,99,1,SCAC,0,1,4145
ESP,1,1,4,,2,99,1,SCAC,0,1,2853
ESP,1,1,5,,2,99,1,SCAC,0,1,39461
ESP,1,1,6,,2,99,1,SCAC,0,1,9906
ESP,1,1,7,,2,99,1,SCAC,0,1,40495
ESP,1,1,8,,2,99,1,SCAC,0,1,20170
ESP,1,1,9,,1,99,1,SCAC,0,1,49620
ESP,1,2,0,,99,99,1,SCAC,0,1,2893
ESP,1,2,1,,3,99,1,SCAC,0,1,5705
ESP,1,2,2,,3,99,1,SCAC,0,1,1168
ESP,1,2,3,,3,99,1,SCAC,0,1,5633
ESP,1,2,4,,2,99,1,SCAC,0,1,5753
ESP,1,2,5,,2,99,1,SCAC,0,1,61036
ESP,1,2,6,,2,99,1,SCAC,0,1,5869
ESP,1,2,7,,2,99,1,SCAC,0,1,49736
ESP,1,2,8,,2,99,1,SCAC,0,1,25914
ESP,1,2,9,,1,99,1,SCAC,0,1,42100
ESP,1,3,0,,99,99,1,SCAC,0,1,360
ESP,1,3,1,,3,0,1,SCAC,0,1,5970
ESP,1,3,2,,3,0,1,SCAC,0,1,37143
ESP,1,3,3,,3,0,1,SCAC,0,1,18450
ESP,1,3,4,,2,1,1,SCAC,0,1,8014
ESP,1,3,5,,2,1,1,SCAC,0,1,21567
ESP,1,3,6,,2,1,1,SCAC,0,1,898
ESP,1,3,7,,2,1,1,SCAC,0,1,17823
ESP,1,3,8,,2,1,1,SCAC,0,1,6389
ESP,1,3,9,,1,1,1,SCAC,0,1,8106
ESP,2,1,0,,99,99,1,SCAC,0,1,315
ESP,2,1,1,,3,99,1,SCAC,0,1,955
ESP,2,1,2,,3,99,1,SCAC,0,1,266
ESP,2,1,3,,3,99,1,SCAC,0,1,754
ESP,2,1,4,,2,99,1,SCAC,0,1,3781
ESP,2,1,5,,2,99,1,SCAC,0,1,82822
ESP,2,1,6,,2,99,1,SCAC,0,1,272
ESP,2,1,7,,2,99,1,SCAC,0,1,3149
ESP,2,1,8,,2,99,1,SCAC,0,1,5619
ESP,2,1,9,,1,99,1,SCAC,0,1,139280
ESP,2,2,0,,99,99,1,SCAC,0,1,252
ESP,2,2,1,,3,99,1,SCAC,0,1,1334
ESP,2,2,2,,3,99,1,SCAC,0,1,3347
ESP,2,2,3,,3,99,1,SCAC,0,1,6052
ESP,2,2,4,,2,99,1,SCAC,0,1,11054
ESP,2,2,5,,2,99,1,SCAC,0,1,104589
ESP,2,2,6,,2,99,1,SCAC,0,1,117
ESP,2,2,7,,2,99,1,SCAC,0,1,4691
ESP,2,2,8,,2,99,1,SCAC,0,1,2274
ESP,2,2,9,,1,99,1,SCAC,0,1,111261
ESP,2,3,0,,99,99,1,SCAC,0,1,535
ESP,2,3,1,,3,0,1,SCAC,0,1,9725
ESP,2,3,2,,3,0,1,SCAC,0,1,47448
ESP,2,3,3,,3,0,1,SCAC,0,1,17744
ESP,2,3,4,,2,1,1,SCAC,0,1,16835
ESP,2,3,5,,2,1,1,SCAC,0,1,53823
ESP,2,3,6,,2,1,1,SCAC,0,1,273
ESP,2,3,7,,2,1,1,SCAC,0,1,2250
ESP,2,3,8,,2,1,1,SCAC,0,1,966
ESP,2,3,9,,1,1,1,SCAC,0,1,29291
ESP,1,1,3,,3,99,1,SCAC,1,1,28
ESP,1,1,4,,2,99,1,SCAC,1,1,24
ESP,1,1,5,,2,99,1,SCAC,1,1,985
ESP,1,1,7,,2,99,1,SCAC,1,1,664
ESP,1,1,8,,2,99,1,SCAC,1,1,21
ESP,1,1,9,,1,99,1,SCAC,1,1,729
ESP,1,2,0,,99,99,1,SCAC,1,1,500
ESP,1,2,1,,3,99,1,SCAC,1,1,232
ESP,1,2,3,,3,99,1,SCAC,1,1,439
ESP,1,2,4,,2,99,1,SCAC,1,1,113
ESP,1,2,5,,2,99,1,SCAC,1,1,1136
ESP,1,2,6,,2,99,1,SCAC,1,1,309
ESP,1,2,7,,2,99,1,SCAC,1,1,1168
ESP,1,2,8,,2,99,1,SCAC,1,1,639
ESP,1,2,9,,1,99,1,SCAC,1,1,589
ESP,1,3,1,,3,0,1,SCAC,1,1,1847
ESP,1,3,2,,3,0,1,SCAC,1,1,6001
ESP,1,3,3,,3,0,1,SCAC,1,1,1016
ESP,1,3,4,,2,1,1,SCAC,1,1,508
ESP,1,3,5,,2,1,1,SCAC,1,1,1487
ESP,1,3,7,,2,1,1,SCAC,1,1,1702
ESP,1,3,8,,2,1,1,SCAC,1,1,1008
ESP,1,3,9,,1,1,1,SCAC,1,1,356
ESP,2,1,1,,3,99,1,SCAC,1,1,153
ESP,2,1,5,,2,99,1,SCAC,1,1,2154
ESP,2,1,9,,1,99,1,SCAC,1,1,2224
ESP,2,2,1,,3,99,1,SCAC,1,1,211
ESP,2,2,2,,3,99,1,SCAC,1,1,511
ESP,2,2,3,,3,99,1,SCAC,1,1,285
ESP,2,2,4,,2,99,1,SCAC,1,1,517
ESP,2,2,5,,2,99,1,SCAC,1,1,4059
ESP,2,2,7,,2,99,1,SCAC,1,1,38
ESP,2,2,9,,1,99,1,SCAC,1,1,1914
ESP,2,3,2,,3,0,1,SCAC,1,1,3794
ESP,2,3,3,,3,0,1,SCAC,1,1,2368
ESP,2,3,4,,2,1,1,SCAC,1,1,1993
ESP,2,3,5,,2,1,1,SCAC,1,1,3602
ESP,2,3,9,,1,1,1,SCAC,1,1,994
EST,1,1,3,,3,99,1,AFRI,0,1,1
EST,1,1,7,,2,99,1,AFRI,0,1,3
EST,1,2,1,,3,99,1,AFRI,0,1,7
EST,1,2,2,,3,99,1,AFRI,0,1,5
EST,1,2,3,,3,99,1,AFRI,0,1,26
EST,1,2,4,,2,99,1,AFRI,0,1,6
EST,1,2,5,,2,99,1,AFRI,0,1,16
EST,1,2,7,,2,99,1,AFRI,0,1,6
EST,1,2,9,,1,99,1,AFRI,0,1,5
EST,1,3,1,,3,0,1,AFRI,0,1,33
EST,1,3,2,,3,0,1,AFRI,0,1,52
EST,1,3,3,,3,0,1,AFRI,0,1,9
EST,1,3,4,,2,1,1,AFRI,0,1,4
EST,1,3,5,,2,1,1,AFRI,0,1,4
EST,1,3,7,,2,1,1,AFRI,0,1,5
EST,1,3,99,,99,99,1,AFRI,0,1,1
EST,2,2,1,,3,99,1,AFRI,0,1,2
EST,2,2,2,,3,99,1,AFRI,0,1,5
EST,2,2,5,,2,99,1,AFRI,0,1,8
EST,2,2,9,,1,99,1,AFRI,0,1,3
EST,2,3,1,,3,0,1,AFRI,0,1,1
EST,2,3,2,,3,0,1,AFRI,0,1,2
EST,2,3,3,,3,0,1,AFRI,0,1,1
EST,1,1,0,,99,99,1,ASIA,0,1,1
EST,1,1,1,,3,99,1,ASIA,0,1,10
EST,1,1,3,,3,99,1,ASIA,0,1,9
EST,1,1,4,,2,99,1,ASIA,0,1,3
EST,1,1,5,,2,99,1,ASIA,0,1,13
EST,1,1,6,,2,99,1,ASIA,0,1,2
EST,1,1,7,,2,99,1,ASIA,0,1,46
EST,1,1,8,,2,99,1,ASIA,0,1,21
EST,1,1,9,,1,99,1,ASIA,0,1,17
EST,1,1,99,,99,99,1,ASIA,0,1,3
EST,1,2,0,,99,99,1,ASIA,0,1,10
EST,1,2,1,,3,99,1,ASIA,0,1,144
EST,1,2,2,,3,99,1,ASIA,0,1,37
EST,1,2,3,,3,99,1,ASIA,0,1,97
EST,1,2,4,,2,99,1,ASIA,0,1,70
EST,1,2,5,,2,99,1,ASIA,0,1,331
EST,1,2,6,,2,99,1,ASIA,0,1,8
EST,1,2,7,,2,99,1,ASIA,0,1,475
EST,1,2,8,,2,99,1,ASIA,0,1,195
EST,1,2,9,,1,99,1,ASIA,0,1,90
EST,1,2,99,,99,99,1,ASIA,0,1,28
EST,1,3,0,,99,99,1,ASIA,0,1,1
EST,1,3,1,,3,0,1,ASIA,0,1,277
EST,1,3,2,,3,0,1,ASIA,0,1,434
EST,1,3,3,,3,0,1,ASIA,0,1,169
EST,1,3,4,,2,1,1,ASIA,0,1,24
EST,1,3,5,,2,1,1,ASIA,0,1,87
EST,1,3,6,,2,1,1,ASIA,0,1,4
EST,1,3,7,,2,1,1,ASIA,0,1,222
EST,1,3,8,,2,1,1,ASIA,0,1,329
EST,1,3,9,,1,1,1,ASIA,0,1,66
EST,1,3,99,,99,99,1,ASIA,0,1,25
EST,1,99,99,,99,99,1,ASIA,0,1,1
EST,2,1,1,,3,99,1,ASIA,0,1,1
EST,2,1,2,,3,99,1,ASIA,0,1,1
EST,2,1,3,,3,99,1,ASIA,0,1,3
EST,2,1,4,,2,99,1,ASIA,0,1,4
EST,2,1,5,,2,99,1,ASIA,0,1,22
EST,2,1,6,,2,99,1,ASIA,0,1,2
EST,2,1,7,,2,99,1,ASIA,0,1,11
EST,2,1,8,,2,99,1,ASIA,0,1,13
EST,2,1,9,,1,99,1,ASIA,0,1,23
EST,2,1,99,,99,99,1,ASIA,0,1,1
EST,2,2,0,,99,99,1,ASIA,0,1,1
EST,2,2,1,,3,99,1,ASIA,0,1,36
EST,2,2,2,,3,99,1,ASIA,0,1,34
EST,2,2,3,,3,99,1,ASIA,0,1,94
EST,2,2,4,,2,99,1,ASIA,0,1,103
EST,2,2,5,,2,99,1,ASIA,0,1,175
EST,2,2,6,,2,99,1,ASIA,0,1,4
EST,2,2,7,,2,99,1,ASIA,0,1,47
EST,2,2,8,,2,99,1,ASIA,0,1,99
EST,2,2,9,,1,99,1,ASIA,0,1,170
EST,2,2,99,,99,99,1,ASIA,0,1,12
EST,2,3,1,,3,0,1,ASIA,0,1,166
EST,2,3,2,,3,0,1,ASIA,0,1,314
EST,2,3,3,,3,0,1,ASIA,0,1,149
EST,2,3,4,,2,1,1,ASIA,0,1,113
EST,2,3,5,,2,1,1,ASIA,0,1,118
EST,2,3,6,,2,1,1,ASIA,0,1,2
EST,2,3,7,,2,1,1,ASIA,0,1,28
EST,2,3,8,,2,1,1,ASIA,0,1,49
EST,2,3,9,,1,1,1,ASIA,0,1,154
EST,2,3,99,,99,99,1,ASIA,0,1,13
EST,2,99,99,,99,99,1,ASIA,0,1,3
EST,1,1,2,,3,99,1,ASIA,1,1,3
EST,1,1,3,,3,99,1,ASIA,1,1,1
EST,1,2,1,,3,99,1,ASIA,1,1,2
EST,1,2,3,,3,99,1,ASIA,1,1,2
EST,1,3,1,,3,0,1,ASIA,1,1,13
EST,1,3,2,,3,0,1,ASIA,1,1,15
EST,1,3,3,,3,0,1,ASIA,1,1,3
EST,1,3,4,,2,1,1,ASIA,1,1,1
EST,1,3,99,,99,99,1,ASIA,1,1,2
EST,2,2,2,,3,99,1,ASIA,1,1,1
EST,2,2,4,,2,99,1,ASIA,1,1,3
EST,2,2,5,,2,99,1,ASIA,1,1,1
EST,2,3,1,,3,0,1,ASIA,1,1,1
EST,2,3,2,,3,0,1,ASIA,1,1,3
EST,2,3,3,,3,0,1,ASIA,1,1,1
EST,2,3,4,,2,1,1,ASIA,1,1,4
EST,1,1,0,,99,99,1,EURO,0,1,4
EST,1,1,1,,3,99,1,EURO,0,1,97
EST,1,1,2,,3,99,1,EURO,0,1,6
EST,1,1,3,,3,99,1,EURO,0,1,58
EST,1,1,4,,2,99,1,EURO,0,1,28
EST,1,1,5,,2,99,1,EURO,0,1,69
EST,1,1,6,,2,99,1,EURO,0,1,15
EST,1,1,7,,2,99,1,EURO,0,1,887
EST,1,1,8,,2,99,1,EURO,0,1,1169
EST,1,1,9,,1,99,1,EURO,0,1,535
EST,1,1,99,,99,99,1,EURO,0,1,32
EST,1,2,0,,99,99,1,EURO,0,1,44
EST,1,2,1,,3,99,1,EURO,0,1,1006
EST,1,2,2,,3,99,1,EURO,0,1,1126
EST,1,2,3,,3,99,1,EURO,0,1,591
EST,1,2,4,,2,99,1,EURO,0,1,329
EST,1,2,5,,2,99,1,EURO,0,1,1569
EST,1,2,6,,2,99,1,EURO,0,1,160
EST,1,2,7,,2,99,1,EURO,0,1,6082
EST,1,2,8,,2,99,1,EURO,0,1,4706
EST,1,2,9,,1,99,1,EURO,0,1,1877
EST,1,2,99,,99,99,1,EURO,0,1,265
EST,1,3,0,,99,99,1,EURO,0,1,28
EST,1,3,1,,3,0,1,EURO,0,1,2099
EST,1,3,2,,3,0,1,EURO,0,1,2452
EST,1,3,3,,3,0,1,EURO,0,1,1209
EST,1,3,4,,2,1,1,EURO,0,1,379
EST,1,3,5,,2,1,1,EURO,0,1,480
EST,1,3,6,,2,1,1,EURO,0,1,78
EST,1,3,7,,2,1,1,EURO,0,1,1831
EST,1,3,8,,2,1,1,EURO,0,1,1146
EST,1,3,9,,1,1,1,EURO,0,1,1281
EST,1,3,99,,99,99,1,EURO,0,1,250
EST,1,99,3,,3,99,1,EURO,0,1,2
EST,1,99,5,,2,99,1,EURO,0,1,2
EST,1,99,7,,2,99,1,EURO,0,1,4
EST,1,99,8,,2,99,1,EURO,0,1,6
EST,1,99,9,,1,99,1,EURO,0,1,1
EST,1,99,99,,99,99,1,EURO,0,1,14
EST,2,1,1,,3,99,1,EURO,0,1,11
EST,2,1,2,,3,99,1,EURO,0,1,4
EST,2,1,3,,3,99,1,EURO,0,1,148
EST,2,1,4,,2,99,1,EURO,0,1,57
EST,2,1,5,,2,99,1,EURO,0,1,349
EST,2,1,6,,2,99,1,EURO,0,1,102
EST,2,1,7,,2,99,1,EURO,0,1,111
EST,2,1,8,,2,99,1,EURO,0,1,340
EST,2,1,9,,1,99,1,EURO,0,1,696
EST,2,1,99,,99,99,1,EURO,0,1,23
EST,2,2,0,,99,99,1,EURO,0,1,1
EST,2,2,1,,3,99,1,EURO,0,1,540
EST,2,2,2,,3,99,1,EURO,0,1,481
EST,2,2,3,,3,99,1,EURO,0,1,1469
EST,2,2,4,,2,99,1,EURO,0,1,1993
EST,2,2,5,,2,99,1,EURO,0,1,3610
EST,2,2,6,,2,99,1,EURO,0,1,34
EST,2,2,7,,2,99,1,EURO,0,1,845
EST,2,2,8,,2,99,1,EURO,0,1,2403
EST,2,2,9,,1,99,1,EURO,0,1,3457
EST,2,2,99,,99,99,1,EURO,0,1,152
EST,2,3,0,,99,99,1,EURO,0,1,7
EST,2,3,1,,3,0,1,EURO,0,1,1252
EST,2,3,2,,3,0,1,EURO,0,1,6483
EST,2,3,3,,3,0,1,EURO,0,1,1882
EST,2,3,4,,2,1,1,EURO,0,1,1475
EST,2,3,5,,2,1,1,EURO,0,1,2401
EST,2,3,6,,2,1,1,EURO,0,1,62
EST,2,3,7,,2,1,1,EURO,0,1,318
EST,2,3,8,,2,1,1,EURO,0,1,721
EST,2,3,9,,1,1,1,EURO,0,1,1970
EST,2,3,99,,99,99,1,EURO,0,1,219
EST,2,99,2,,3,99,1,EURO,0,1,2
EST,2,99,5,,2,99,1,EURO,0,1,3
EST,2,99,7,,2,99,1,EURO,0,1,2
EST,2,99,9,,1,99,1,EURO,0,1,2
EST,2,99,99,,99,99,1,EURO,0,1,13
EST,1,1,0,,99,99,1,EURO,1,0,389
EST,1,1,1,,3,99,1,EURO,1,0,968
EST,1,1,2,,3,99,1,EURO,1,0,449
EST,1,1,3,,3,99,1,EURO,1,0,1271
EST,1,1,4,,2,99,1,EURO,1,0,1279
EST,1,1,5,,2,99,1,EURO,1,0,2102
EST,1,1,6,,2,99,1,EURO,1,0,1226
EST,1,1,7,,2,99,1,EURO,1,0,13669
EST,1,1,8,,2,99,1,EURO,1,0,10361
EST,1,1,9,,1,99,1,EURO,1,0,5420
EST,1,1,99,,99,99,1,EURO,1,0,696
EST,1,2,0,,99,99,1,EURO,1,0,3335
EST,1,2,1,,3,99,1,EURO,1,0,18000
EST,1,2,2,,3,99,1,EURO,1,0,8601
EST,1,2,3,,3,99,1,EURO,1,0,15786
EST,1,2,4,,2,99,1,EURO,1,0,6477
EST,1,2,5,,2,99,1,EURO,1,0,11001
EST,1,2,6,,2,99,1,EURO,1,0,3410
EST,1,2,7,,2,99,1,EURO,1,0,43011
EST,1,2,8,,2,99,1,EURO,1,0,34689
EST,1,2,9,,1,99,1,EURO,1,0,10383
EST,1,2,99,,99,99,1,EURO,1,0,2972
EST,1,3,0,,99,99,1,EURO,1,0,1021
EST,1,3,1,,3,0,1,EURO,1,0,22701
EST,1,3,2,,3,0,1,EURO,1,0,29285
EST,1,3,3,,3,0,1,EURO,1,0,11943
EST,1,3,4,,2,1,1,EURO,1,0,3023
EST,1,3,5,,2,1,1,EURO,1,0,3020
EST,1,3,6,,2,1,1,EURO,1,0,1664
EST,1,3,7,,2,1,1,EURO,1,0,5801
EST,1,3,8,,2,1,1,EURO,1,0,2972
EST,1,3,9,,1,1,1,EURO,1,0,644
EST,1,3,99,,99,99,1,EURO,1,0,1472
EST,1,99,0,,99,99,1,EURO,1,0,9
EST,1,99,1,,3,99,1,EURO,1,0,2
EST,1,99,2,,3,99,1,EURO,1,0,3
EST,1,99,3,,3,99,1,EURO,1,0,9
EST,1,99,4,,2,99,1,EURO,1,0,1
EST,1,99,5,,2,99,1,EURO,1,0,3
EST,1,99,7,,2,99,1,EURO,1,0,20
EST,1,99,8,,2,99,1,EURO,1,0,15
EST,1,99,9,,1,99,1,EURO,1,0,9
EST,1,99,99,,99,99,1,EURO,1,0,77
EST,2,1,0,,99,99,1,EURO,1,0,8
EST,2,1,1,,3,99,1,EURO,1,0,238
EST,2,1,2,,3,99,1,EURO,1,0,111
EST,2,1,3,,3,99,1,EURO,1,0,327
EST,2,1,4,,2,99,1,EURO,1,0,682
EST,2,1,5,,2,99,1,EURO,1,0,5951
EST,2,1,6,,2,99,1,EURO,1,0,566
EST,2,1,7,,2,99,1,EURO,1,0,1072
EST,2,1,8,,2,99,1,EURO,1,0,2543
EST,2,1,9,,1,99,1,EURO,1,0,5040
EST,2,1,99,,99,99,1,EURO,1,0,229
EST,2,2,0,,99,99,1,EURO,1,0,97
EST,2,2,1,,3,99,1,EURO,1,0,7697
EST,2,2,2,,3,99,1,EURO,1,0,10851
EST,2,2,3,,3,99,1,EURO,1,0,13707
EST,2,2,4,,2,99,1,EURO,1,0,10991
EST,2,2,5,,2,99,1,EURO,1,0,35693
EST,2,2,6,,2,99,1,EURO,1,0,1858
EST,2,2,7,,2,99,1,EURO,1,0,6157
EST,2,2,8,,2,99,1,EURO,1,0,11989
EST,2,2,9,,1,99,1,EURO,1,0,14625
EST,2,2,99,,99,99,1,EURO,1,0,1412
EST,2,3,0,,99,99,1,EURO,1,0,137
EST,2,3,1,,3,0,1,EURO,1,0,16320
EST,2,3,2,,3,0,1,EURO,1,0,63118
EST,2,3,3,,3,0,1,EURO,1,0,22555
EST,2,3,4,,2,1,1,EURO,1,0,10518
EST,2,3,5,,2,1,1,EURO,1,0,10922
EST,2,3,6,,2,1,1,EURO,1,0,660
EST,2,3,7,,2,1,1,EURO,1,0,1941
EST,2,3,8,,2,1,1,EURO,1,0,2157
EST,2,3,9,,1,1,1,EURO,1,0,3825
EST,2,3,99,,99,99,1,EURO,1,0,1171
EST,2,99,1,,3,99,1,EURO,1,0,2
EST,2,99,2,,3,99,1,EURO,1,0,2
EST,2,99,3,,3,99,1,EURO,1,0,2
EST,2,99,4,,2,99,1,EURO,1,0,1
EST,2,99,5,,2,99,1,EURO,1,0,7
EST,2,99,6,,2,99,1,EURO,1,0,2
EST,2,99,7,,2,99,1,EURO,1,0,3
EST,2,99,9,,1,99,1,EURO,1,0,8
EST,2,99,99,,99,99,1,EURO,1,0,59
EST,1,1,0,,99,99,1,EURO,1,1,2
EST,1,1,1,,3,99,1,EURO,1,1,32
EST,1,1,2,,3,99,1,EURO,1,1,5
EST,1,1,3,,3,99,1,EURO,1,1,20
EST,1,1,4,,2,99,1,EURO,1,1,6
EST,1,1,5,,2,99,1,EURO,1,1,19
EST,1,1,6,,2,99,1,EURO,1,1,8
EST,1,1,7,,2,99,1,EURO,1,1,129
EST,1,1,8,,2,99,1,EURO,1,1,35
EST,1,1,9,,1,99,1,EURO,1,1,26
EST,1,1,99,,99,99,1,EURO,1,1,8
EST,1,2,0,,99,99,1,EURO,1,1,12
EST,1,2,1,,3,99,1,EURO,1,1,467
EST,1,2,2,,3,99,1,EURO,1,1,415
EST,1,2,3,,3,99,1,EURO,1,1,269
EST,1,2,4,,2,99,1,EURO,1,1,63
EST,1,2,5,,2,99,1,EURO,1,1,109
EST,1,2,6,,2,99,1,EURO,1,1,33
EST,1,2,7,,2,99,1,EURO,1,1,371
EST,1,2,8,,2,99,1,EURO,1,1,277
EST,1,2,9,,1,99,1,EURO,1,1,87
EST,1,2,99,,99,99,1,EURO,1,1,51
EST,1,3,0,,99,99,1,EURO,1,1,4
EST,1,3,1,,3,0,1,EURO,1,1,743
EST,1,3,2,,3,0,1,EURO,1,1,1373
EST,1,3,3,,3,0,1,EURO,1,1,633
EST,1,3,4,,2,1,1,EURO,1,1,243
EST,1,3,5,,2,1,1,EURO,1,1,57
EST,1,3,6,,2,1,1,EURO,1,1,15
EST,1,3,7,,2,1,1,EURO,1,1,142
EST,1,3,8,,2,1,1,EURO,1,1,68
EST,1,3,9,,1,1,1,EURO,1,1,22
EST,1,3,99,,99,99,1,EURO,1,1,49
EST,1,99,5,,2,99,1,EURO,1,1,1
EST,1,99,99,,99,99,1,EURO,1,1,2
EST,2,1,1,,3,99,1,EURO,1,1,2
EST,2,1,2,,3,99,1,EURO,1,1,3
EST,2,1,3,,3,99,1,EURO,1,1,7
EST,2,1,4,,2,99,1,EURO,1,1,10
EST,2,1,5,,2,99,1,EURO,1,1,15
EST,2,1,6,,2,99,1,EURO,1,1,5
EST,2,1,7,,2,99,1,EURO,1,1,7
EST,2,1,8,,2,99,1,EURO,1,1,21
EST,2,1,9,,1,99,1,EURO,1,1,42
EST,2,1,99,,99,99,1,EURO,1,1,3
EST,2,2,0,,99,99,1,EURO,1,1,1
EST,2,2,1,,3,99,1,EURO,1,1,63
EST,2,2,2,,3,99,1,EURO,1,1,70
EST,2,2,3,,3,99,1,EURO,1,1,457
EST,2,2,4,,2,99,1,EURO,1,1,58
EST,2,2,5,,2,99,1,EURO,1,1,269
EST,2,2,6,,2,99,1,EURO,1,1,39
EST,2,2,7,,2,99,1,EURO,1,1,51
EST,2,2,8,,2,99,1,EURO,1,1,176
EST,2,2,9,,1,99,1,EURO,1,1,159
EST,2,2,99,,99,99,1,EURO,1,1,7
EST,2,3,0,,99,99,1,EURO,1,1,1
EST,2,3,1,,3,0,1,EURO,1,1,199
EST,2,3,2,,3,0,1,EURO,1,1,621
EST,2,3,3,,3,0,1,EURO,1,1,170
EST,2,3,4,,2,1,1,EURO,1,1,59
EST,2,3,5,,2,1,1,EURO,1,1,102
EST,2,3,6,,2,1,1,EURO,1,1,5
EST,2,3,7,,2,1,1,EURO,1,1,25
EST,2,3,8,,2,1,1,EURO,1,1,31
EST,2,3,9,,1,1,1,EURO,1,1,82
EST,2,3,99,,99,99,1,EURO,1,1,11
EST,1,1,1,,3,99,1,NOAM,1,1,2
EST,1,1,2,,3,99,1,NOAM,1,1,2
EST,1,1,5,,2,99,1,NOAM,1,1,2
EST,1,1,7,,2,99,1,NOAM,1,1,2
EST,1,1,8,,2,99,1,NOAM,1,1,2
EST,1,1,9,,1,99,1,NOAM,1,1,2
EST,1,2,0,,99,99,1,NOAM,1,1,1
EST,1,2,1,,3,99,1,NOAM,1,1,10
EST,1,2,2,,3,99,1,NOAM,1,1,13
EST,1,2,3,,3,99,1,NOAM,1,1,10
EST,1,2,4,,2,99,1,NOAM,1,1,1
EST,1,2,5,,2,99,1,NOAM,1,1,1
EST,1,2,6,,2,99,1,NOAM,1,1,2
EST,1,2,7,,2,99,1,NOAM,1,1,1
EST,1,2,99,,99,99,1,NOAM,1,1,1
EST,1,3,0,,99,99,1,NOAM,1,1,1
EST,1,3,1,,3,0,1,NOAM,1,1,81
EST,1,3,2,,3,0,1,NOAM,1,1,74
EST,1,3,3,,3,0,1,NOAM,1,1,69
EST,1,3,4,,2,1,1,NOAM,1,1,4
EST,1,3,99,,99,99,1,NOAM,1,1,4
EST,2,2,2,,3,99,1,NOAM,1,1,6
EST,2,2,3,,3,99,1,NOAM,1,1,4
EST,2,2,5,,2,99,1,NOAM,1,1,2
EST,2,3,1,,3,0,1,NOAM,1,1,9
EST,2,3,2,,3,0,1,NOAM,1,1,41
EST,2,3,3,,3,0,1,NOAM,1,1,11
EST,2,3,5,,2,1,1,NOAM,1,1,3
EST,2,3,7,,2,1,1,NOAM,1,1,2
EST,1,3,3,,3,0,1,OCEA,0,1,2
EST,1,3,99,,99,99,1,OCEA,0,1,1
EST,1,1,2,,3,99,1,OCEA,1,1,3
EST,1,2,1,,3,99,1,OCEA,1,1,2
EST,1,2,3,,3,99,1,OCEA,1,1,2
EST,1,2,5,,2,99,1,OCEA,1,1,2
EST,1,3,1,,3,0,1,OCEA,1,1,21
EST,1,3,2,,3,0,1,OCEA,1,1,24
EST,1,3,3,,3,0,1,OCEA,1,1,2
EST,1,3,4,,2,1,1,OCEA,1,1,2
EST,1,3,8,,2,1,1,OCEA,1,1,2
EST,2,2,9,,1,99,1,OCEA,1,1,2
EST,2,3,1,,3,0,1,OCEA,1,1,2
EST,2,3,2,,3,0,1,OCEA,1,1,2
EST,2,3,3,,3,0,1,OCEA,1,1,3
EST,1,2,1,,3,99,1,SCAC,0,1,4
EST,1,2,2,,3,99,1,SCAC,0,1,3
EST,1,2,3,,3,99,1,SCAC,0,1,10
EST,1,2,4,,2,99,1,SCAC,0,1,5
EST,1,2,8,,2,99,1,SCAC,0,1,4
EST,1,3,1,,3,0,1,SCAC,0,1,10
EST,1,3,2,,3,0,1,SCAC,0,1,32
EST,1,3,3,,3,0,1,SCAC,0,1,9
EST,1,3,4,,2,1,1,SCAC,0,1,2
EST,1,3,5,,2,1,1,SCAC,0,1,3
EST,1,3,7,,2,1,1,SCAC,0,1,4
EST,1,3,8,,2,1,1,SCAC,0,1,3
EST,1,3,99,,99,99,1,SCAC,0,1,3
EST,2,1,5,,2,99,1,SCAC,0,1,3
EST,2,2,2,,3,99,1,SCAC,0,1,2
EST,2,2,3,,3,99,1,SCAC,0,1,3
EST,2,2,5,,2,99,1,SCAC,0,1,5
EST,2,2,9,,1,99,1,SCAC,0,1,3
EST,2,3,1,,3,0,1,SCAC,0,1,2
EST,2,3,2,,3,0,1,SCAC,0,1,9
EST,2,3,3,,3,0,1,SCAC,0,1,4
EST,2,3,4,,2,1,1,SCAC,0,1,1
EST,2,3,5,,2,1,1,SCAC,0,1,5
EST,1,2,2,,3,99,1,SCAC,1,1,1
EST,1,2,3,,3,99,1,SCAC,1,1,1
EST,1,3,1,,3,0,1,SCAC,1,1,1
EST,1,3,2,,3,0,1,SCAC,1,1,10
EST,1,3,3,,3,0,1,SCAC,1,1,3
FIN,1,1,0,,99,99,1,AFRI,0,1,1
FIN,1,1,1,,3,99,1,AFRI,0,1,21
FIN,1,1,2,,3,99,1,AFRI,0,1,130
FIN,1,1,3,,3,99,1,AFRI,0,1,123
FIN,1,1,4,,2,99,1,AFRI,0,1,293
FIN,1,1,5,,2,99,1,AFRI,0,1,385
FIN,1,1,6,,2,99,1,AFRI,0,1,11
FIN,1,1,7,,2,99,1,AFRI,0,1,163
FIN,1,1,8,,2,99,1,AFRI,0,1,515
FIN,1,1,9,,1,99,1,AFRI,0,1,1431
FIN,1,2,1,,3,99,1,AFRI,0,1,15
FIN,1,2,2,,3,99,1,AFRI,0,1,96
FIN,1,2,3,,3,99,1,AFRI,0,1,123
FIN,1,2,4,,2,99,1,AFRI,0,1,83
FIN,1,2,5,,2,99,1,AFRI,0,1,447
FIN,1,2,6,,2,99,1,AFRI,0,1,8
FIN,1,2,7,,2,99,1,AFRI,0,1,254
FIN,1,2,8,,2,99,1,AFRI,0,1,412
FIN,1,2,9,,1,99,1,AFRI,0,1,489
FIN,1,3,1,,3,0,1,AFRI,0,1,26
FIN,1,3,2,,3,0,1,AFRI,0,1,506
FIN,1,3,3,,3,0,1,AFRI,0,1,298
FIN,1,3,4,,2,1,1,AFRI,0,1,159
FIN,1,3,5,,2,1,1,AFRI,0,1,202
FIN,1,3,6,,2,1,1,AFRI,0,1,8
FIN,1,3,7,,2,1,1,AFRI,0,1,54
FIN,1,3,8,,2,1,1,AFRI,0,1,137
FIN,1,3,9,,1,1,1,AFRI,0,1,680
FIN,2,1,1,,3,99,1,AFRI,0,1,4
FIN,2,1,2,,3,99,1,AFRI,0,1,58
FIN,2,1,3,,3,99,1,AFRI,0,1,37
FIN,2,1,4,,2,99,1,AFRI,0,1,29
FIN,2,1,5,,2,99,1,AFRI,0,1,237
FIN,2,1,6,,2,99,1,AFRI,0,1,4
FIN,2,1,7,,2,99,1,AFRI,0,1,8
FIN,2,1,8,,2,99,1,AFRI,0,1,13
FIN,2,1,9,,1,99,1,AFRI,0,1,578
FIN,2,2,1,,3,99,1,AFRI,0,1,4
FIN,2,2,2,,3,99,1,AFRI,0,1,42
FIN,2,2,3,,3,99,1,AFRI,0,1,50
FIN,2,2,4,,2,99,1,AFRI,0,1,34
FIN,2,2,5,,2,99,1,AFRI,0,1,616
FIN,2,2,6,,2,99,1,AFRI,0,1,1
FIN,2,2,7,,2,99,1,AFRI,0,1,10
FIN,2,2,8,,2,99,1,AFRI,0,1,26
FIN,2,2,9,,1,99,1,AFRI,0,1,308
FIN,2,3,1,,3,0,1,AFRI,0,1,5
FIN,2,3,2,,3,0,1,AFRI,0,1,134
FIN,2,3,3,,3,0,1,AFRI,0,1,325
FIN,2,3,4,,2,1,1,AFRI,0,1,30
FIN,2,3,5,,2,1,1,AFRI,0,1,120
FIN,2,3,6,,2,1,1,AFRI,0,1,1
FIN,2,3,7,,2,1,1,AFRI,0,1,3
FIN,2,3,8,,2,1,1,AFRI,0,1,4
FIN,2,3,9,,1,1,1,AFRI,0,1,154
FIN,1,1,1,,3,99,1,ASIA,0,1,331
FIN,1,1,2,,3,99,1,ASIA,0,1,1033
FIN,1,1,3,,3,99,1,ASIA,0,1,397
FIN,1,1,4,,2,99,1,ASIA,0,1,301
FIN,1,1,5,,2,99,1,ASIA,0,1,2294
FIN,1,1,6,,2,99,1,ASIA,0,1,199
FIN,1,1,7,,2,99,1,ASIA,0,1,443
FIN,1,1,8,,2,99,1,ASIA,0,1,558
FIN,1,1,9,,1,99,1,ASIA,0,1,2827
FIN,1,2,0,,99,99,1,ASIA,0,1,2
FIN,1,2,1,,3,99,1,ASIA,0,1,56
FIN,1,2,2,,3,99,1,ASIA,0,1,155
FIN,1,2,3,,3,99,1,ASIA,0,1,145
FIN,1,2,4,,2,99,1,ASIA,0,1,102
FIN,1,2,5,,2,99,1,ASIA,0,1,880
FIN,1,2,6,,2,99,1,ASIA,0,1,17
FIN,1,2,7,,2,99,1,ASIA,0,1,469
FIN,1,2,8,,2,99,1,ASIA,0,1,370
FIN,1,2,9,,1,99,1,ASIA,0,1,584
FIN,1,3,0,,99,99,1,ASIA,0,1,2
FIN,1,3,1,,3,0,1,ASIA,0,1,95
FIN,1,3,2,,3,0,1,ASIA,0,1,1420
FIN,1,3,3,,3,0,1,ASIA,0,1,369
FIN,1,3,4,,2,1,1,ASIA,0,1,134
FIN,1,3,5,,2,1,1,ASIA,0,1,318
FIN,1,3,6,,2,1,1,ASIA,0,1,8
FIN,1,3,7,,2,1,1,ASIA,0,1,81
FIN,1,3,8,,2,1,1,ASIA,0,1,131
FIN,1,3,9,,1,1,1,ASIA,0,1,717
FIN,2,1,1,,3,99,1,ASIA,0,1,114
FIN,2,1,2,,3,99,1,ASIA,0,1,390
FIN,2,1,3,,3,99,1,ASIA,0,1,202
FIN,2,1,4,,2,99,1,ASIA,0,1,110
FIN,2,1,5,,2,99,1,ASIA,0,1,1538
FIN,2,1,6,,2,99,1,ASIA,0,1,167
FIN,2,1,7,,2,99,1,ASIA,0,1,129
FIN,2,1,8,,2,99,1,ASIA,0,1,428
FIN,2,1,9,,1,99,1,ASIA,0,1,2487
FIN,2,2,1,,3,99,1,ASIA,0,1,29
FIN,2,2,2,,3,99,1,ASIA,0,1,119
FIN,2,2,3,,3,99,1,ASIA,0,1,146
FIN,2,2,4,,2,99,1,ASIA,0,1,100
FIN,2,2,5,,2,99,1,ASIA,0,1,1636
FIN,2,2,6,,2,99,1,ASIA,0,1,22
FIN,2,2,7,,2,99,1,ASIA,0,1,37
FIN,2,2,8,,2,99,1,ASIA,0,1,146
FIN,2,2,9,,1,99,1,ASIA,0,1,893
FIN,2,3,1,,3,0,1,ASIA,0,1,57
FIN,2,3,2,,3,0,1,ASIA,0,1,815
FIN,2,3,3,,3,0,1,ASIA,0,1,579
FIN,2,3,4,,2,1,1,ASIA,0,1,154
FIN,2,3,5,,2,1,1,ASIA,0,1,530
FIN,2,3,6,,2,1,1,ASIA,0,1,10
FIN,2,3,7,,2,1,1,ASIA,0,1,22
FIN,2,3,8,,2,1,1,ASIA,0,1,61
FIN,2,3,9,,1,1,1,ASIA,0,1,479
FIN,1,1,1,,3,99,1,ASIA,1,1,19
FIN,1,1,2,,3,99,1,ASIA,1,1,66
FIN,1,1,3,,3,99,1,ASIA,1,1,23
FIN,1,1,4,,2,99,1,ASIA,1,1,3
FIN,1,1,5,,2,99,1,ASIA,1,1,49
FIN,1,1,6,,2,99,1,ASIA,1,1,2
FIN,1,1,7,,2,99,1,ASIA,1,1,7
FIN,1,1,8,,2,99,1,ASIA,1,1,12
FIN,1,1,9,,1,99,1,ASIA,1,1,47
FIN,1,2,1,,3,99,1,ASIA,1,1,6
FIN,1,2,2,,3,99,1,ASIA,1,1,10
FIN,1,2,3,,3,99,1,ASIA,1,1,13
FIN,1,2,4,,2,99,1,ASIA,1,1,4
FIN,1,2,5,,2,99,1,ASIA,1,1,29
FIN,1,2,6,,2,99,1,ASIA,1,1,1
FIN,1,2,7,,2,99,1,ASIA,1,1,13
FIN,1,2,8,,2,99,1,ASIA,1,1,16
FIN,1,2,9,,1,99,1,ASIA,1,1,19
FIN,1,3,1,,3,0,1,ASIA,1,1,7
FIN,1,3,2,,3,0,1,ASIA,1,1,71
FIN,1,3,3,,3,0,1,ASIA,1,1,23
FIN,1,3,4,,2,1,1,ASIA,1,1,3
FIN,1,3,5,,2,1,1,ASIA,1,1,8
FIN,1,3,6,,2,1,1,ASIA,1,1,1
FIN,1,3,7,,2,1,1,ASIA,1,1,4
FIN,1,3,8,,2,1,1,ASIA,1,1,1
FIN,1,3,9,,1,1,1,ASIA,1,1,14
FIN,2,1,1,,3,99,1,ASIA,1,1,3
FIN,2,1,2,,3,99,1,ASIA,1,1,44
FIN,2,1,3,,3,99,1,ASIA,1,1,16
FIN,2,1,4,,2,99,1,ASIA,1,1,6
FIN,2,1,5,,2,99,1,ASIA,1,1,32
FIN,2,1,6,,2,99,1,ASIA,1,1,3
FIN,2,1,7,,2,99,1,ASIA,1,1,3
FIN,2,1,8,,2,99,1,ASIA,1,1,1
FIN,2,1,9,,1,99,1,ASIA,1,1,39
FIN,2,2,1,,3,99,1,ASIA,1,1,1
FIN,2,2,2,,3,99,1,ASIA,1,1,4
FIN,2,2,3,,3,99,1,ASIA,1,1,8
FIN,2,2,4,,2,99,1,ASIA,1,1,2
FIN,2,2,5,,2,99,1,ASIA,1,1,43
FIN,2,2,7,,2,99,1,ASIA,1,1,2
FIN,2,2,8,,2,99,1,ASIA,1,1,1
FIN,2,2,9,,1,99,1,ASIA,1,1,20
FIN,2,3,1,,3,0,1,ASIA,1,1,4
FIN,2,3,2,,3,0,1,ASIA,1,1,89
FIN,2,3,3,,3,0,1,ASIA,1,1,36
FIN,2,3,4,,2,1,1,ASIA,1,1,18
FIN,2,3,5,,2,1,1,ASIA,1,1,45
FIN,2,3,7,,2,1,1,ASIA,1,1,2
FIN,2,3,8,,2,1,1,ASIA,1,1,3
FIN,2,3,9,,1,1,1,ASIA,1,1,32
FIN,1,1,1,,3,99,1,EURO,0,1,173
FIN,1,1,2,,3,99,1,EURO,0,1,842
FIN,1,1,3,,3,99,1,EURO,0,1,493
FIN,1,1,4,,2,99,1,EURO,0,1,134
FIN,1,1,5,,2,99,1,EURO,0,1,688
FIN,1,1,6,,2,99,1,EURO,0,1,734
FIN,1,1,7,,2,99,1,EURO,0,1,1849
FIN,1,1,8,,2,99,1,EURO,0,1,1158
FIN,1,1,9,,1,99,1,EURO,0,1,1583
FIN,1,2,0,,99,99,1,EURO,0,1,3
FIN,1,2,1,,3,99,1,EURO,0,1,70
FIN,1,2,2,,3,99,1,EURO,0,1,197
FIN,1,2,3,,3,99,1,EURO,0,1,345
FIN,1,2,4,,2,99,1,EURO,0,1,197
FIN,1,2,5,,2,99,1,EURO,0,1,885
FIN,1,2,6,,2,99,1,EURO,0,1,136
FIN,1,2,7,,2,99,1,EURO,0,1,1737
FIN,1,2,8,,2,99,1,EURO,0,1,1150
FIN,1,2,9,,1,99,1,EURO,0,1,840
FIN,1,3,0,,99,99,1,EURO,0,1,8
FIN,1,3,1,,3,0,1,EURO,0,1,116
FIN,1,3,2,,3,0,1,EURO,0,1,1504
FIN,1,3,3,,3,0,1,EURO,0,1,582
FIN,1,3,4,,2,1,1,EURO,0,1,122
FIN,1,3,5,,2,1,1,EURO,0,1,258
FIN,1,3,6,,2,1,1,EURO,0,1,27
FIN,1,3,7,,2,1,1,EURO,0,1,333
FIN,1,3,8,,2,1,1,EURO,0,1,302
FIN,1,3,9,,1,1,1,EURO,0,1,399
FIN,2,1,1,,3,99,1,EURO,0,1,46
FIN,2,1,2,,3,99,1,EURO,0,1,487
FIN,2,1,3,,3,99,1,EURO,0,1,413
FIN,2,1,4,,2,99,1,EURO,0,1,173
FIN,2,1,5,,2,99,1,EURO,0,1,1060
FIN,2,1,6,,2,99,1,EURO,0,1,410
FIN,2,1,7,,2,99,1,EURO,0,1,183
FIN,2,1,8,,2,99,1,EURO,0,1,395
FIN,2,1,9,,1,99,1,EURO,0,1,1682
FIN,2,2,1,,3,99,1,EURO,0,1,34
FIN,2,2,2,,3,99,1,EURO,0,1,225
FIN,2,2,3,,3,99,1,EURO,0,1,522
FIN,2,2,4,,2,99,1,EURO,0,1,478
FIN,2,2,5,,2,99,1,EURO,0,1,3177
FIN,2,2,6,,2,99,1,EURO,0,1,103
FIN,2,2,7,,2,99,1,EURO,0,1,210
FIN,2,2,8,,2,99,1,EURO,0,1,371
FIN,2,2,9,,1,99,1,EURO,0,1,1761
FIN,2,3,1,,3,0,1,EURO,0,1,103
FIN,2,3,2,,3,0,1,EURO,0,1,2565
FIN,2,3,3,,3,0,1,EURO,0,1,1853
FIN,2,3,4,,2,1,1,EURO,0,1,626
FIN,2,3,5,,2,1,1,EURO,0,1,1578
FIN,2,3,6,,2,1,1,EURO,0,1,52
FIN,2,3,7,,2,1,1,EURO,0,1,94
FIN,2,3,8,,2,1,1,EURO,0,1,213
FIN,2,3,9,,1,1,1,EURO,0,1,1078
FIN,1,1,0,,99,99,1,EURO,1,0,159
FIN,1,1,1,,3,99,1,EURO,1,0,4291
FIN,1,1,2,,3,99,1,EURO,1,0,3998
FIN,1,1,3,,3,99,1,EURO,1,0,9165
FIN,1,1,4,,2,99,1,EURO,1,0,4707
FIN,1,1,5,,2,99,1,EURO,1,0,16846
FIN,1,1,6,,2,99,1,EURO,1,0,8190
FIN,1,1,7,,2,99,1,EURO,1,0,25289
FIN,1,1,8,,2,99,1,EURO,1,0,31947
FIN,1,1,9,,1,99,1,EURO,1,0,22978
FIN,1,2,0,,99,99,1,EURO,1,0,2212
FIN,1,2,1,,3,99,1,EURO,1,0,15488
FIN,1,2,2,,3,99,1,EURO,1,0,28847
FIN,1,2,3,,3,99,1,EURO,1,0,54596
FIN,1,2,4,,2,99,1,EURO,1,0,18968
FIN,1,2,5,,2,99,1,EURO,1,0,81814
FIN,1,2,6,,2,99,1,EURO,1,0,25147
FIN,1,2,7,,2,99,1,EURO,1,0,152947
FIN,1,2,8,,2,99,1,EURO,1,0,103628
FIN,1,2,9,,1,99,1,EURO,1,0,57247
FIN,1,3,0,,99,99,1,EURO,1,0,5211
FIN,1,3,1,,3,0,1,EURO,1,0,40898
FIN,1,3,2,,3,0,1,EURO,1,0,163951
FIN,1,3,3,,3,0,1,EURO,1,0,89168
FIN,1,3,4,,2,1,1,EURO,1,0,10043
FIN,1,3,5,,2,1,1,EURO,1,0,16793
FIN,1,3,6,,2,1,1,EURO,1,0,6569
FIN,1,3,7,,2,1,1,EURO,1,0,10146
FIN,1,3,8,,2,1,1,EURO,1,0,8830
FIN,1,3,9,,1,1,1,EURO,1,0,18163
FIN,2,1,0,,99,99,1,EURO,1,0,9
FIN,2,1,1,,3,99,1,EURO,1,0,762
FIN,2,1,2,,3,99,1,EURO,1,0,2129
FIN,2,1,3,,3,99,1,EURO,1,0,6875
FIN,2,1,4,,2,99,1,EURO,1,0,8008
FIN,2,1,5,,2,99,1,EURO,1,0,27567
FIN,2,1,6,,2,99,1,EURO,1,0,1840
FIN,2,1,7,,2,99,1,EURO,1,0,2373
FIN,2,1,8,,2,99,1,EURO,1,0,5962
FIN,2,1,9,,1,99,1,EURO,1,0,22090
FIN,2,2,0,,99,99,1,EURO,1,0,90
FIN,2,2,1,,3,99,1,EURO,1,0,4221
FIN,2,2,2,,3,99,1,EURO,1,0,18916
FIN,2,2,3,,3,99,1,EURO,1,0,50415
FIN,2,2,4,,2,99,1,EURO,1,0,36595
FIN,2,2,5,,2,99,1,EURO,1,0,235532
FIN,2,2,6,,2,99,1,EURO,1,0,11434
FIN,2,2,7,,2,99,1,EURO,1,0,12108
FIN,2,2,8,,2,99,1,EURO,1,0,20514
FIN,2,2,9,,1,99,1,EURO,1,0,75088
FIN,2,3,0,,99,99,1,EURO,1,0,196
FIN,2,3,1,,3,0,1,EURO,1,0,20805
FIN,2,3,2,,3,0,1,EURO,1,0,201564
FIN,2,3,3,,3,0,1,EURO,1,0,180812
FIN,2,3,4,,2,1,1,EURO,1,0,47028
FIN,2,3,5,,2,1,1,EURO,1,0,44841
FIN,2,3,6,,2,1,1,EURO,1,0,4837
FIN,2,3,7,,2,1,1,EURO,1,0,2719
FIN,2,3,8,,2,1,1,EURO,1,0,4322
FIN,2,3,9,,1,1,1,EURO,1,0,22336
FIN,1,1,0,,99,99,1,EURO,1,1,5
FIN,1,1,1,,3,99,1,EURO,1,1,794
FIN,1,1,2,,3,99,1,EURO,1,1,2294
FIN,1,1,3,,3,99,1,EURO,1,1,1009
FIN,1,1,4,,2,99,1,EURO,1,1,273
FIN,1,1,5,,2,99,1,EURO,1,1,2222
FIN,1,1,6,,2,99,1,EURO,1,1,462
FIN,1,1,7,,2,99,1,EURO,1,1,5723
FIN,1,1,8,,2,99,1,EURO,1,1,2535
FIN,1,1,9,,1,99,1,EURO,1,1,3338
FIN,1,2,0,,99,99,1,EURO,1,1,31
FIN,1,2,1,,3,99,1,EURO,1,1,259
FIN,1,2,2,,3,99,1,EURO,1,1,581
FIN,1,2,3,,3,99,1,EURO,1,1,925
FIN,1,2,4,,2,99,1,EURO,1,1,303
FIN,1,2,5,,2,99,1,EURO,1,1,1762
FIN,1,2,6,,2,99,1,EURO,1,1,196
FIN,1,2,7,,2,99,1,EURO,1,1,3068
FIN,1,2,8,,2,99,1,EURO,1,1,1705
FIN,1,2,9,,1,99,1,EURO,1,1,1386
FIN,1,3,0,,99,99,1,EURO,1,1,55
FIN,1,3,1,,3,0,1,EURO,1,1,506
FIN,1,3,2,,3,0,1,EURO,1,1,3494
FIN,1,3,3,,3,0,1,EURO,1,1,1384
FIN,1,3,4,,2,1,1,EURO,1,1,178
FIN,1,3,5,,2,1,1,EURO,1,1,407
FIN,1,3,6,,2,1,1,EURO,1,1,46
FIN,1,3,7,,2,1,1,EURO,1,1,314
FIN,1,3,8,,2,1,1,EURO,1,1,204
FIN,1,3,9,,1,1,1,EURO,1,1,590
FIN,2,1,1,,3,99,1,EURO,1,1,110
FIN,2,1,2,,3,99,1,EURO,1,1,1072
FIN,2,1,3,,3,99,1,EURO,1,1,520
FIN,2,1,4,,2,99,1,EURO,1,1,315
FIN,2,1,5,,2,99,1,EURO,1,1,1964
FIN,2,1,6,,2,99,1,EURO,1,1,358
FIN,2,1,7,,2,99,1,EURO,1,1,438
FIN,2,1,8,,2,99,1,EURO,1,1,579
FIN,2,1,9,,1,99,1,EURO,1,1,4410
FIN,2,2,0,,99,99,1,EURO,1,1,4
FIN,2,2,1,,3,99,1,EURO,1,1,84
FIN,2,2,2,,3,99,1,EURO,1,1,357
FIN,2,2,3,,3,99,1,EURO,1,1,785
FIN,2,2,4,,2,99,1,EURO,1,1,642
FIN,2,2,5,,2,99,1,EURO,1,1,4368
FIN,2,2,6,,2,99,1,EURO,1,1,192
FIN,2,2,7,,2,99,1,EURO,1,1,263
FIN,2,2,8,,2,99,1,EURO,1,1,441
FIN,2,2,9,,1,99,1,EURO,1,1,2068
FIN,2,3,0,,99,99,1,EURO,1,1,1
FIN,2,3,1,,3,0,1,EURO,1,1,189
FIN,2,3,2,,3,0,1,EURO,1,1,3451
FIN,2,3,3,,3,0,1,EURO,1,1,2775
FIN,2,3,4,,2,1,1,EURO,1,1,692
FIN,2,3,5,,2,1,1,EURO,1,1,1103
FIN,2,3,6,,2,1,1,EURO,1,1,57
FIN,2,3,7,,2,1,1,EURO,1,1,65
FIN,2,3,8,,2,1,1,EURO,1,1,114
FIN,2,3,9,,1,1,1,EURO,1,1,636
FIN,1,1,1,,3,99,1,NOAM,1,1,47
FIN,1,1,2,,3,99,1,NOAM,1,1,225
FIN,1,1,3,,3,99,1,NOAM,1,1,71
FIN,1,1,4,,2,99,1,NOAM,1,1,10
FIN,1,1,5,,2,99,1,NOAM,1,1,64
FIN,1,1,6,,2,99,1,NOAM,1,1,3
FIN,1,1,7,,2,99,1,NOAM,1,1,50
FIN,1,1,8,,2,99,1,NOAM,1,1,19
FIN,1,1,9,,1,99,1,NOAM,1,1,139
FIN,1,2,0,,99,99,1,NOAM,1,1,1
FIN,1,2,1,,3,99,1,NOAM,1,1,15
FIN,1,2,2,,3,99,1,NOAM,1,1,34
FIN,1,2,3,,3,99,1,NOAM,1,1,35
FIN,1,2,4,,2,99,1,NOAM,1,1,8
FIN,1,2,5,,2,99,1,NOAM,1,1,60
FIN,1,2,6,,2,99,1,NOAM,1,1,3
FIN,1,2,7,,2,99,1,NOAM,1,1,50
FIN,1,2,8,,2,99,1,NOAM,1,1,28
FIN,1,2,9,,1,99,1,NOAM,1,1,50
FIN,1,3,0,,99,99,1,NOAM,1,1,1
FIN,1,3,1,,3,0,1,NOAM,1,1,46
FIN,1,3,2,,3,0,1,NOAM,1,1,302
FIN,1,3,3,,3,0,1,NOAM,1,1,79
FIN,1,3,4,,2,1,1,NOAM,1,1,14
FIN,1,3,5,,2,1,1,NOAM,1,1,34
FIN,1,3,6,,2,1,1,NOAM,1,1,2
FIN,1,3,7,,2,1,1,NOAM,1,1,13
FIN,1,3,8,,2,1,1,NOAM,1,1,6
FIN,1,3,9,,1,1,1,NOAM,1,1,51
FIN,2,1,1,,3,99,1,NOAM,1,1,9
FIN,2,1,2,,3,99,1,NOAM,1,1,112
FIN,2,1,3,,3,99,1,NOAM,1,1,18
FIN,2,1,4,,2,99,1,NOAM,1,1,8
FIN,2,1,5,,2,99,1,NOAM,1,1,39
FIN,2,1,6,,2,99,1,NOAM,1,1,3
FIN,2,1,7,,2,99,1,NOAM,1,1,7
FIN,2,1,8,,2,99,1,NOAM,1,1,4
FIN,2,1,9,,1,99,1,NOAM,1,1,72
FIN,2,2,1,,3,99,1,NOAM,1,1,5
FIN,2,2,2,,3,99,1,NOAM,1,1,14
FIN,2,2,3,,3,99,1,NOAM,1,1,25
FIN,2,2,4,,2,99,1,NOAM,1,1,20
FIN,2,2,5,,2,99,1,NOAM,1,1,68
FIN,2,2,6,,2,99,1,NOAM,1,1,4
FIN,2,2,7,,2,99,1,NOAM,1,1,3
FIN,2,2,8,,2,99,1,NOAM,1,1,9
FIN,2,2,9,,1,99,1,NOAM,1,1,37
FIN,2,3,1,,3,0,1,NOAM,1,1,19
FIN,2,3,2,,3,0,1,NOAM,1,1,236
FIN,2,3,3,,3,0,1,NOAM,1,1,119
FIN,2,3,4,,2,1,1,NOAM,1,1,20
FIN,2,3,5,,2,1,1,NOAM,1,1,30
FIN,2,3,6,,2,1,1,NOAM,1,1,3
FIN,2,3,7,,2,1,1,NOAM,1,1,2
FIN,2,3,8,,2,1,1,NOAM,1,1,4
FIN,2,3,9,,1,1,1,NOAM,1,1,41
FIN,1,1,2,,3,99,1,OCEA,0,1,1
FIN,1,1,9,,1,99,1,OCEA,0,1,1
FIN,1,2,5,,2,99,1,OCEA,0,1,1
FIN,1,2,7,,2,99,1,OCEA,0,1,2
FIN,2,1,5,,2,99,1,OCEA,0,1,1
FIN,2,2,9,,1,99,1,OCEA,0,1,1
FIN,2,3,2,,3,0,1,OCEA,0,1,1
FIN,2,3,3,,3,0,1,OCEA,0,1,1
FIN,2,3,9,,1,1,1,OCEA,0,1,1
FIN,1,1,1,,3,99,1,OCEA,1,1,10
FIN,1,1,2,,3,99,1,OCEA,1,1,56
FIN,1,1,3,,3,99,1,OCEA,1,1,15
FIN,1,1,4,,2,99,1,OCEA,1,1,4
FIN,1,1,5,,2,99,1,OCEA,1,1,27
FIN,1,1,6,,2,99,1,OCEA,1,1,1
FIN,1,1,7,,2,99,1,OCEA,1,1,17
FIN,1,1,8,,2,99,1,OCEA,1,1,11
FIN,1,1,9,,1,99,1,OCEA,1,1,39
FIN,1,2,1,,3,99,1,OCEA,1,1,8
FIN,1,2,2,,3,99,1,OCEA,1,1,11
FIN,1,2,3,,3,99,1,OCEA,1,1,8
FIN,1,2,4,,2,99,1,OCEA,1,1,3
FIN,1,2,5,,2,99,1,OCEA,1,1,25
FIN,1,2,6,,2,99,1,OCEA,1,1,1
FIN,1,2,7,,2,99,1,OCEA,1,1,25
FIN,1,2,8,,2,99,1,OCEA,1,1,8
FIN,1,2,9,,1,99,1,OCEA,1,1,13
FIN,1,3,0,,99,99,1,OCEA,1,1,2
FIN,1,3,1,,3,0,1,OCEA,1,1,8
FIN,1,3,2,,3,0,1,OCEA,1,1,58
FIN,1,3,3,,3,0,1,OCEA,1,1,30
FIN,1,3,4,,2,1,1,OCEA,1,1,3
FIN,1,3,5,,2,1,1,OCEA,1,1,6
FIN,1,3,6,,2,1,1,OCEA,1,1,1
FIN,1,3,7,,2,1,1,OCEA,1,1,5
FIN,1,3,8,,2,1,1,OCEA,1,1,2
FIN,1,3,9,,1,1,1,OCEA,1,1,14
FIN,2,1,1,,3,99,1,OCEA,1,1,2
FIN,2,1,2,,3,99,1,OCEA,1,1,14
FIN,2,1,3,,3,99,1,OCEA,1,1,6
FIN,2,1,4,,2,99,1,OCEA,1,1,3
FIN,2,1,5,,2,99,1,OCEA,1,1,18
FIN,2,1,7,,2,99,1,OCEA,1,1,1
FIN,2,1,8,,2,99,1,OCEA,1,1,1
FIN,2,1,9,,1,99,1,OCEA,1,1,14
FIN,2,2,1,,3,99,1,OCEA,1,1,2
FIN,2,2,2,,3,99,1,OCEA,1,1,9
FIN,2,2,3,,3,99,1,OCEA,1,1,10
FIN,2,2,4,,2,99,1,OCEA,1,1,4
FIN,2,2,5,,2,99,1,OCEA,1,1,19
FIN,2,2,6,,2,99,1,OCEA,1,1,1
FIN,2,2,7,,2,99,1,OCEA,1,1,5
FIN,2,2,8,,2,99,1,OCEA,1,1,2
FIN,2,2,9,,1,99,1,OCEA,1,1,6
FIN,2,3,1,,3,0,1,OCEA,1,1,3
FIN,2,3,2,,3,0,1,OCEA,1,1,41
FIN,2,3,3,,3,0,1,OCEA,1,1,24
FIN,2,3,4,,2,1,1,OCEA,1,1,6
FIN,2,3,5,,2,1,1,OCEA,1,1,8
FIN,2,3,8,,2,1,1,OCEA,1,1,4
FIN,2,3,9,,1,1,1,OCEA,1,1,5
FIN,1,1,1,,3,99,1,SCAC,0,1,14
FIN,1,1,2,,3,99,1,SCAC,0,1,135
FIN,1,1,3,,3,99,1,SCAC,0,1,44
FIN,1,1,4,,2,99,1,SCAC,0,1,13
FIN,1,1,5,,2,99,1,SCAC,0,1,79
FIN,1,1,6,,2,99,1,SCAC,0,1,14
FIN,1,1,7,,2,99,1,SCAC,0,1,35
FIN,1,1,8,,2,99,1,SCAC,0,1,20
FIN,1,1,9,,1,99,1,SCAC,0,1,143
FIN,1,2,1,,3,99,1,SCAC,0,1,2
FIN,1,2,2,,3,99,1,SCAC,0,1,23
FIN,1,2,3,,3,99,1,SCAC,0,1,28
FIN,1,2,4,,2,99,1,SCAC,0,1,15
FIN,1,2,5,,2,99,1,SCAC,0,1,94
FIN,1,2,6,,2,99,1,SCAC,0,1,3
FIN,1,2,7,,2,99,1,SCAC,0,1,61
FIN,1,2,8,,2,99,1,SCAC,0,1,28
FIN,1,2,9,,1,99,1,SCAC,0,1,64
FIN,1,3,1,,3,0,1,SCAC,0,1,10
FIN,1,3,2,,3,0,1,SCAC,0,1,156
FIN,1,3,3,,3,0,1,SCAC,0,1,52
FIN,1,3,4,,2,1,1,SCAC,0,1,14
FIN,1,3,5,,2,1,1,SCAC,0,1,25
FIN,1,3,6,,2,1,1,SCAC,0,1,1
FIN,1,3,7,,2,1,1,SCAC,0,1,11
FIN,1,3,8,,2,1,1,SCAC,0,1,9
FIN,1,3,9,,1,1,1,SCAC,0,1,51
FIN,2,1,1,,3,99,1,SCAC,0,1,5
FIN,2,1,2,,3,99,1,SCAC,0,1,68
FIN,2,1,3,,3,99,1,SCAC,0,1,18
FIN,2,1,4,,2,99,1,SCAC,0,1,4
FIN,2,1,5,,2,99,1,SCAC,0,1,72
FIN,2,1,6,,2,99,1,SCAC,0,1,5
FIN,2,1,7,,2,99,1,SCAC,0,1,7
FIN,2,1,8,,2,99,1,SCAC,0,1,13
FIN,2,1,9,,1,99,1,SCAC,0,1,111
FIN,2,2,2,,3,99,1,SCAC,0,1,19
FIN,2,2,3,,3,99,1,SCAC,0,1,26
FIN,2,2,4,,2,99,1,SCAC,0,1,14
FIN,2,2,5,,2,99,1,SCAC,0,1,162
FIN,2,2,6,,2,99,1,SCAC,0,1,1
FIN,2,2,7,,2,99,1,SCAC,0,1,5
FIN,2,2,8,,2,99,1,SCAC,0,1,8
FIN,2,2,9,,1,99,1,SCAC,0,1,66
FIN,2,3,1,,3,0,1,SCAC,0,1,8
FIN,2,3,2,,3,0,1,SCAC,0,1,149
FIN,2,3,3,,3,0,1,SCAC,0,1,63
FIN,2,3,4,,2,1,1,SCAC,0,1,12
FIN,2,3,5,,2,1,1,SCAC,0,1,38
FIN,2,3,7,,2,1,1,SCAC,0,1,1
FIN,2,3,8,,2,1,1,SCAC,0,1,4
FIN,2,3,9,,1,1,1,SCAC,0,1,42
FIN,1,1,1,,3,99,1,SCAC,1,1,5
FIN,1,1,2,,3,99,1,SCAC,1,1,44
FIN,1,1,3,,3,99,1,SCAC,1,1,11
FIN,1,1,4,,2,99,1,SCAC,1,1,3
FIN,1,1,5,,2,99,1,SCAC,1,1,24
FIN,1,1,7,,2,99,1,SCAC,1,1,3
FIN,1,1,8,,2,99,1,SCAC,1,1,3
FIN,1,1,9,,1,99,1,SCAC,1,1,24
FIN,1,2,1,,3,99,1,SCAC,1,1,3
FIN,1,2,2,,3,99,1,SCAC,1,1,11
FIN,1,2,3,,3,99,1,SCAC,1,1,6
FIN,1,2,4,,2,99,1,SCAC,1,1,1
FIN,1,2,5,,2,99,1,SCAC,1,1,25
FIN,1,2,7,,2,99,1,SCAC,1,1,9
FIN,1,2,8,,2,99,1,SCAC,1,1,4
FIN,1,2,9,,1,99,1,SCAC,1,1,8
FIN,1,3,1,,3,0,1,SCAC,1,1,6
FIN,1,3,2,,3,0,1,SCAC,1,1,80
FIN,1,3,3,,3,0,1,SCAC,1,1,15
FIN,1,3,4,,2,1,1,SCAC,1,1,2
FIN,1,3,5,,2,1,1,SCAC,1,1,10
FIN,1,3,7,,2,1,1,SCAC,1,1,2
FIN,1,3,8,,2,1,1,SCAC,1,1,3
FIN,1,3,9,,1,1,1,SCAC,1,1,17
FIN,2,1,1,,3,99,1,SCAC,1,1,1
FIN,2,1,2,,3,99,1,SCAC,1,1,15
FIN,2,1,3,,3,99,1,SCAC,1,1,10
FIN,2,1,4,,2,99,1,SCAC,1,1,2
FIN,2,1,5,,2,99,1,SCAC,1,1,14
FIN,2,1,7,,2,99,1,SCAC,1,1,1
FIN,2,1,9,,1,99,1,SCAC,1,1,17
FIN,2,2,2,,3,99,1,SCAC,1,1,3
FIN,2,2,3,,3,99,1,SCAC,1,1,4
FIN,2,2,4,,2,99,1,SCAC,1,1,4
FIN,2,2,5,,2,99,1,SCAC,1,1,29
FIN,2,2,7,,2,99,1,SCAC,1,1,1
FIN,2,2,9,,1,99,1,SCAC,1,1,5
FIN,2,3,1,,3,0,1,SCAC,1,1,2
FIN,2,3,2,,3,0,1,SCAC,1,1,56
FIN,2,3,3,,3,0,1,SCAC,1,1,13
FIN,2,3,4,,2,1,1,SCAC,1,1,8
FIN,2,3,5,,2,1,1,SCAC,1,1,13
FIN,2,3,8,,2,1,1,SCAC,1,1,1
FIN,2,3,9,,1,1,1,SCAC,1,1,6
FIN,1,1,2,,3,99,1,UNK,0,1,2
FIN,1,1,5,,2,99,1,UNK,0,1,1
FIN,1,1,7,,2,99,1,UNK,0,1,2
FIN,1,1,8,,2,99,1,UNK,0,1,1
FIN,1,1,9,,1,99,1,UNK,0,1,4
FIN,1,2,3,,3,99,1,UNK,0,1,1
FIN,1,2,5,,2,99,1,UNK,0,1,1
FIN,1,2,7,,2,99,1,UNK,0,1,2
FIN,1,3,2,,3,0,1,UNK,0,1,1
FIN,1,3,3,,3,0,1,UNK,0,1,1
FIN,2,1,9,,1,99,1,UNK,0,1,1
FIN,2,2,5,,2,99,1,UNK,0,1,1
FIN,2,2,9,,1,99,1,UNK,0,1,1
FIN,2,3,2,,3,0,1,UNK,0,1,1
FIN,2,3,5,,2,1,1,UNK,0,1,1
FIN,1,1,1,,3,99,1,UNK,0,99,29
FIN,1,1,2,,3,99,1,UNK,0,99,66
FIN,1,1,3,,3,99,1,UNK,0,99,45
FIN,1,1,4,,2,99,1,UNK,0,99,14
FIN,1,1,5,,2,99,1,UNK,0,99,116
FIN,1,1,6,,2,99,1,UNK,0,99,65
FIN,1,1,7,,2,99,1,UNK,0,99,572
FIN,1,1,8,,2,99,1,UNK,0,99,153
FIN,1,1,9,,1,99,1,UNK,0,99,249
FIN,1,2,0,,99,99,1,UNK,0,99,1
FIN,1,2,1,,3,99,1,UNK,0,99,10
FIN,1,2,2,,3,99,1,UNK,0,99,14
FIN,1,2,3,,3,99,1,UNK,0,99,30
FIN,1,2,4,,2,99,1,UNK,0,99,10
FIN,1,2,5,,2,99,1,UNK,0,99,56
FIN,1,2,6,,2,99,1,UNK,0,99,12
FIN,1,2,7,,2,99,1,UNK,0,99,132
FIN,1,2,8,,2,99,1,UNK,0,99,58
FIN,1,2,9,,1,99,1,UNK,0,99,52
FIN,1,3,0,,99,99,1,UNK,0,99,2
FIN,1,3,1,,3,0,1,UNK,0,99,20
FIN,1,3,2,,3,0,1,UNK,0,99,90
FIN,1,3,3,,3,0,1,UNK,0,99,45
FIN,1,3,4,,2,1,1,UNK,0,99,7
FIN,1,3,5,,2,1,1,UNK,0,99,8
FIN,1,3,6,,2,1,1,UNK,0,99,3
FIN,1,3,7,,2,1,1,UNK,0,99,20
FIN,1,3,8,,2,1,1,UNK,0,99,8
FIN,1,3,9,,1,1,1,UNK,0,99,28
FIN,2,1,1,,3,99,1,UNK,0,99,5
FIN,2,1,2,,3,99,1,UNK,0,99,48
FIN,2,1,3,,3,99,1,UNK,0,99,21
FIN,2,1,4,,2,99,1,UNK,0,99,13
FIN,2,1,5,,2,99,1,UNK,0,99,86
FIN,2,1,6,,2,99,1,UNK,0,99,33
FIN,2,1,7,,2,99,1,UNK,0,99,15
FIN,2,1,8,,2,99,1,UNK,0,99,41
FIN,2,1,9,,1,99,1,UNK,0,99,253
FIN,2,2,1,,3,99,1,UNK,0,99,8
FIN,2,2,2,,3,99,1,UNK,0,99,9
FIN,2,2,3,,3,99,1,UNK,0,99,28
FIN,2,2,4,,2,99,1,UNK,0,99,22
FIN,2,2,5,,2,99,1,UNK,0,99,158
FIN,2,2,6,,2,99,1,UNK,0,99,6
FIN,2,2,7,,2,99,1,UNK,0,99,8
FIN,2,2,8,,2,99,1,UNK,0,99,20
FIN,2,2,9,,1,99,1,UNK,0,99,61
FIN,2,3,1,,3,0,1,UNK,0,99,6
FIN,2,3,2,,3,0,1,UNK,0,99,115
FIN,2,3,3,,3,0,1,UNK,0,99,98
FIN,2,3,4,,2,1,1,UNK,0,99,21
FIN,2,3,5,,2,1,1,UNK,0,99,47
FIN,2,3,6,,2,1,1,UNK,0,99,4
FIN,2,3,7,,2,1,1,UNK,0,99,2
FIN,2,3,8,,2,1,1,UNK,0,99,2
FIN,2,3,9,,1,1,1,UNK,0,99,30
FRA,1,1,0,,99,99,1,AFRI,0,1,1460
FRA,1,1,1,,3,99,1,AFRI,0,1,6422
FRA,1,1,2,,3,99,1,AFRI,0,1,10015
FRA,1,1,3,,3,99,1,AFRI,0,1,20118
FRA,1,1,4,,2,99,1,AFRI,0,1,9946
FRA,1,1,5,,2,99,1,AFRI,0,1,41851
FRA,1,1,6,,2,99,1,AFRI,0,1,9666
FRA,1,1,7,,2,99,1,AFRI,0,1,60560
FRA,1,1,8,,2,99,1,AFRI,0,1,52689
FRA,1,1,9,,1,99,1,AFRI,0,1,45928
FRA,1,2,0,,99,99,1,AFRI,0,1,2803
FRA,1,2,1,,3,99,1,AFRI,0,1,11849
FRA,1,2,2,,3,99,1,AFRI,0,1,16378
FRA,1,2,3,,3,99,1,AFRI,0,1,45687
FRA,1,2,4,,2,99,1,AFRI,0,1,16949
FRA,1,2,5,,2,99,1,AFRI,0,1,51928
FRA,1,2,6,,2,99,1,AFRI,0,1,4863
FRA,1,2,7,,2,99,1,AFRI,0,1,71897
FRA,1,2,8,,2,99,1,AFRI,0,1,60194
FRA,1,2,9,,1,99,1,AFRI,0,1,30920
FRA,1,3,0,,99,99,1,AFRI,0,1,1985
FRA,1,3,1,,3,0,1,AFRI,0,1,42246
FRA,1,3,2,,3,0,1,AFRI,0,1,113580
FRA,1,3,3,,3,0,1,AFRI,0,1,51126
FRA,1,3,4,,2,1,1,AFRI,0,1,15728
FRA,1,3,5,,2,1,1,AFRI,0,1,31935
FRA,1,3,6,,2,1,1,AFRI,0,1,1948
FRA,1,3,7,,2,1,1,AFRI,0,1,19512
FRA,1,3,8,,2,1,1,AFRI,0,1,19899
FRA,1,3,9,,1,1,1,AFRI,0,1,12818
FRA,2,1,0,,99,99,1,AFRI,0,1,171
FRA,2,1,1,,3,99,1,AFRI,0,1,2748
FRA,2,1,2,,3,99,1,AFRI,0,1,5590
FRA,2,1,3,,3,99,1,AFRI,0,1,13667
FRA,2,1,4,,2,99,1,AFRI,0,1,15867
FRA,2,1,5,,2,99,1,AFRI,0,1,48530
FRA,2,1,6,,2,99,1,AFRI,0,1,1835
FRA,2,1,7,,2,99,1,AFRI,0,1,5257
FRA,2,1,8,,2,99,1,AFRI,0,1,7340
FRA,2,1,9,,1,99,1,AFRI,0,1,103613
FRA,2,2,0,,99,99,1,AFRI,0,1,282
FRA,2,2,1,,3,99,1,AFRI,0,1,5839
FRA,2,2,2,,3,99,1,AFRI,0,1,10699
FRA,2,2,3,,3,99,1,AFRI,0,1,35249
FRA,2,2,4,,2,99,1,AFRI,0,1,35412
FRA,2,2,5,,2,99,1,AFRI,0,1,73735
FRA,2,2,6,,2,99,1,AFRI,0,1,1238
FRA,2,2,7,,2,99,1,AFRI,0,1,4855
FRA,2,2,8,,2,99,1,AFRI,0,1,6907
FRA,2,2,9,,1,99,1,AFRI,0,1,61470
FRA,2,3,0,,99,99,1,AFRI,0,1,303
FRA,2,3,1,,3,0,1,AFRI,0,1,22509
FRA,2,3,2,,3,0,1,AFRI,0,1,70981
FRA,2,3,3,,3,0,1,AFRI,0,1,56471
FRA,2,3,4,,2,1,1,AFRI,0,1,26545
FRA,2,3,5,,2,1,1,AFRI,0,1,34674
FRA,2,3,6,,2,1,1,AFRI,0,1,617
FRA,2,3,7,,2,1,1,AFRI,0,1,1951
FRA,2,3,8,,2,1,1,AFRI,0,1,2239
FRA,2,3,9,,1,1,1,AFRI,0,1,18396
FRA,1,1,0,,99,99,1,ASIA,0,1,322
FRA,1,1,1,,3,99,1,ASIA,0,1,2508
FRA,1,1,2,,3,99,1,ASIA,0,1,2355
FRA,1,1,3,,3,99,1,ASIA,0,1,4461
FRA,1,1,4,,2,99,1,ASIA,0,1,2131
FRA,1,1,5,,2,99,1,ASIA,0,1,19877
FRA,1,1,6,,2,99,1,ASIA,0,1,875
FRA,1,1,7,,2,99,1,ASIA,0,1,8734
FRA,1,1,8,,2,99,1,ASIA,0,1,9596
FRA,1,1,9,,1,99,1,ASIA,0,1,9625
FRA,1,2,0,,99,99,1,ASIA,0,1,604
FRA,1,2,1,,3,99,1,ASIA,0,1,2245
FRA,1,2,2,,3,99,1,ASIA,0,1,3078
FRA,1,2,3,,3,99,1,ASIA,0,1,7103
FRA,1,2,4,,2,99,1,ASIA,0,1,2789
FRA,1,2,5,,2,99,1,ASIA,0,1,11629
FRA,1,2,6,,2,99,1,ASIA,0,1,509
FRA,1,2,7,,2,99,1,ASIA,0,1,8744
FRA,1,2,8,,2,99,1,ASIA,0,1,7159
FRA,1,2,9,,1,99,1,ASIA,0,1,5160
FRA,1,3,0,,99,99,1,ASIA,0,1,371
FRA,1,3,1,,3,0,1,ASIA,0,1,10884
FRA,1,3,2,,3,0,1,ASIA,0,1,27495
FRA,1,3,3,,3,0,1,ASIA,0,1,9153
FRA,1,3,4,,2,1,1,ASIA,0,1,2933
FRA,1,3,5,,2,1,1,ASIA,0,1,7702
FRA,1,3,6,,2,1,1,ASIA,0,1,289
FRA,1,3,7,,2,1,1,ASIA,0,1,3228
FRA,1,3,8,,2,1,1,ASIA,0,1,3004
FRA,1,3,9,,1,1,1,ASIA,0,1,2549
FRA,2,1,0,,99,99,1,ASIA,0,1,27
FRA,2,1,1,,3,99,1,ASIA,0,1,1331
FRA,2,1,2,,3,99,1,ASIA,0,1,1533
FRA,2,1,3,,3,99,1,ASIA,0,1,2888
FRA,2,1,4,,2,99,1,ASIA,0,1,2964
FRA,2,1,5,,2,99,1,ASIA,0,1,17898
FRA,2,1,6,,2,99,1,ASIA,0,1,593
FRA,2,1,7,,2,99,1,ASIA,0,1,3006
FRA,2,1,8,,2,99,1,ASIA,0,1,4070
FRA,2,1,9,,1,99,1,ASIA,0,1,12014
FRA,2,2,0,,99,99,1,ASIA,0,1,48
FRA,2,2,1,,3,99,1,ASIA,0,1,1392
FRA,2,2,2,,3,99,1,ASIA,0,1,2138
FRA,2,2,3,,3,99,1,ASIA,0,1,5318
FRA,2,2,4,,2,99,1,ASIA,0,1,5088
FRA,2,2,5,,2,99,1,ASIA,0,1,13871
FRA,2,2,6,,2,99,1,ASIA,0,1,223
FRA,2,2,7,,2,99,1,ASIA,0,1,1464
FRA,2,2,8,,2,99,1,ASIA,0,1,2075
FRA,2,2,9,,1,99,1,ASIA,0,1,6910
FRA,2,3,0,,99,99,1,ASIA,0,1,59
FRA,2,3,1,,3,0,1,ASIA,0,1,6951
FRA,2,3,2,,3,0,1,ASIA,0,1,20629
FRA,2,3,3,,3,0,1,ASIA,0,1,12526
FRA,2,3,4,,2,1,1,ASIA,0,1,6812
FRA,2,3,5,,2,1,1,ASIA,0,1,10892
FRA,2,3,6,,2,1,1,ASIA,0,1,148
FRA,2,3,7,,2,1,1,ASIA,0,1,775
FRA,2,3,8,,2,1,1,ASIA,0,1,908
FRA,2,3,9,,1,1,1,ASIA,0,1,4229
FRA,1,1,0,,99,99,1,ASIA,1,1,27
FRA,1,1,1,,3,99,1,ASIA,1,1,97
FRA,1,1,2,,3,99,1,ASIA,1,1,135
FRA,1,1,3,,3,99,1,ASIA,1,1,180
FRA,1,1,4,,2,99,1,ASIA,1,1,43
FRA,1,1,5,,2,99,1,ASIA,1,1,275
FRA,1,1,6,,2,99,1,ASIA,1,1,28
FRA,1,1,7,,2,99,1,ASIA,1,1,124
FRA,1,1,8,,2,99,1,ASIA,1,1,123
FRA,1,1,9,,1,99,1,ASIA,1,1,111
FRA,1,2,0,,99,99,1,ASIA,1,1,94
FRA,1,2,1,,3,99,1,ASIA,1,1,243
FRA,1,2,2,,3,99,1,ASIA,1,1,420
FRA,1,2,3,,3,99,1,ASIA,1,1,503
FRA,1,2,4,,2,99,1,ASIA,1,1,153
FRA,1,2,5,,2,99,1,ASIA,1,1,662
FRA,1,2,6,,2,99,1,ASIA,1,1,41
FRA,1,2,7,,2,99,1,ASIA,1,1,349
FRA,1,2,8,,2,99,1,ASIA,1,1,266
FRA,1,2,9,,1,99,1,ASIA,1,1,112
FRA,1,3,0,,99,99,1,ASIA,1,1,55
FRA,1,3,1,,3,0,1,ASIA,1,1,1053
FRA,1,3,2,,3,0,1,ASIA,1,1,2620
FRA,1,3,3,,3,0,1,ASIA,1,1,875
FRA,1,3,4,,2,1,1,ASIA,1,1,347
FRA,1,3,5,,2,1,1,ASIA,1,1,659
FRA,1,3,6,,2,1,1,ASIA,1,1,23
FRA,1,3,7,,2,1,1,ASIA,1,1,142
FRA,1,3,8,,2,1,1,ASIA,1,1,152
FRA,1,3,9,,1,1,1,ASIA,1,1,72
FRA,2,1,1,,3,99,1,ASIA,1,1,32
FRA,2,1,2,,3,99,1,ASIA,1,1,122
FRA,2,1,3,,3,99,1,ASIA,1,1,89
FRA,2,1,4,,2,99,1,ASIA,1,1,89
FRA,2,1,5,,2,99,1,ASIA,1,1,335
FRA,2,1,6,,2,99,1,ASIA,1,1,10
FRA,2,1,7,,2,99,1,ASIA,1,1,27
FRA,2,1,8,,2,99,1,ASIA,1,1,27
FRA,2,1,9,,1,99,1,ASIA,1,1,132
FRA,2,2,0,,99,99,1,ASIA,1,1,10
FRA,2,2,1,,3,99,1,ASIA,1,1,106
FRA,2,2,2,,3,99,1,ASIA,1,1,443
FRA,2,2,3,,3,99,1,ASIA,1,1,455
FRA,2,2,4,,2,99,1,ASIA,1,1,313
FRA,2,2,5,,2,99,1,ASIA,1,1,973
FRA,2,2,6,,2,99,1,ASIA,1,1,29
FRA,2,2,7,,2,99,1,ASIA,1,1,130
FRA,2,2,8,,2,99,1,ASIA,1,1,80
FRA,2,2,9,,1,99,1,ASIA,1,1,247
FRA,2,3,0,,99,99,1,ASIA,1,1,18
FRA,2,3,1,,3,0,1,ASIA,1,1,832
FRA,2,3,2,,3,0,1,ASIA,1,1,4351
FRA,2,3,3,,3,0,1,ASIA,1,1,2053
FRA,2,3,4,,2,1,1,ASIA,1,1,916
FRA,2,3,5,,2,1,1,ASIA,1,1,1634
FRA,2,3,6,,2,1,1,ASIA,1,1,39
FRA,2,3,7,,2,1,1,ASIA,1,1,230
FRA,2,3,8,,2,1,1,ASIA,1,1,117
FRA,2,3,9,,1,1,1,ASIA,1,1,248
FRA,1,1,0,,99,99,1,EURO,0,1,487
FRA,1,1,1,,3,99,1,EURO,0,1,427
FRA,1,1,2,,3,99,1,EURO,0,1,970
FRA,1,1,3,,3,99,1,EURO,0,1,1818
FRA,1,1,4,,2,99,1,EURO,0,1,560
FRA,1,1,5,,2,99,1,EURO,0,1,2063
FRA,1,1,6,,2,99,1,EURO,0,1,1217
FRA,1,1,7,,2,99,1,EURO,0,1,10079
FRA,1,1,8,,2,99,1,EURO,0,1,3911
FRA,1,1,9,,1,99,1,EURO,0,1,2519
FRA,1,2,0,,99,99,1,EURO,0,1,889
FRA,1,2,1,,3,99,1,EURO,0,1,907
FRA,1,2,2,,3,99,1,EURO,0,1,1454
FRA,1,2,3,,3,99,1,EURO,0,1,3671
FRA,1,2,4,,2,99,1,EURO,0,1,1053
FRA,1,2,5,,2,99,1,EURO,0,1,3281
FRA,1,2,6,,2,99,1,EURO,0,1,883
FRA,1,2,7,,2,99,1,EURO,0,1,13481
FRA,1,2,8,,2,99,1,EURO,0,1,5029
FRA,1,2,9,,1,99,1,EURO,0,1,2394
FRA,1,3,0,,99,99,1,EURO,0,1,565
FRA,1,3,1,,3,0,1,EURO,0,1,3328
FRA,1,3,2,,3,0,1,EURO,0,1,9483
FRA,1,3,3,,3,0,1,EURO,0,1,3780
FRA,1,3,4,,2,1,1,EURO,0,1,1136
FRA,1,3,5,,2,1,1,EURO,0,1,1960
FRA,1,3,6,,2,1,1,EURO,0,1,290
FRA,1,3,7,,2,1,1,EURO,0,1,3646
FRA,1,3,8,,2,1,1,EURO,0,1,1505
FRA,1,3,9,,1,1,1,EURO,0,1,953
FRA,2,1,0,,99,99,1,EURO,0,1,41
FRA,2,1,1,,3,99,1,EURO,0,1,269
FRA,2,1,2,,3,99,1,EURO,0,1,731
FRA,2,1,3,,3,99,1,EURO,0,1,1040
FRA,2,1,4,,2,99,1,EURO,0,1,1152
FRA,2,1,5,,2,99,1,EURO,0,1,3142
FRA,2,1,6,,2,99,1,EURO,0,1,249
FRA,2,1,7,,2,99,1,EURO,0,1,779
FRA,2,1,8,,2,99,1,EURO,0,1,771
FRA,2,1,9,,1,99,1,EURO,0,1,6263
FRA,2,2,0,,99,99,1,EURO,0,1,73
FRA,2,2,1,,3,99,1,EURO,0,1,686
FRA,2,2,2,,3,99,1,EURO,0,1,1364
FRA,2,2,3,,3,99,1,EURO,0,1,2794
FRA,2,2,4,,2,99,1,EURO,0,1,2549
FRA,2,2,5,,2,99,1,EURO,0,1,7007
FRA,2,2,6,,2,99,1,EURO,0,1,283
FRA,2,2,7,,2,99,1,EURO,0,1,960
FRA,2,2,8,,2,99,1,EURO,0,1,1134
FRA,2,2,9,,1,99,1,EURO,0,1,6582
FRA,2,3,0,,99,99,1,EURO,0,1,23
FRA,2,3,1,,3,0,1,EURO,0,1,5550
FRA,2,3,2,,3,0,1,EURO,0,1,16330
FRA,2,3,3,,3,0,1,EURO,0,1,8987
FRA,2,3,4,,2,1,1,EURO,0,1,5233
FRA,2,3,5,,2,1,1,EURO,0,1,6631
FRA,2,3,6,,2,1,1,EURO,0,1,227
FRA,2,3,7,,2,1,1,EURO,0,1,642
FRA,2,3,8,,2,1,1,EURO,0,1,520
FRA,2,3,9,,1,1,1,EURO,0,1,3408
FRA,1,1,0,,99,99,1,EURO,1,0,28788
FRA,1,1,1,,3,99,1,EURO,1,0,60220
FRA,1,1,2,,3,99,1,EURO,1,0,78607
FRA,1,1,3,,3,99,1,EURO,1,0,197645
FRA,1,1,4,,2,99,1,EURO,1,0,89656
FRA,1,1,5,,2,99,1,EURO,1,0,193949
FRA,1,1,6,,2,99,1,EURO,1,0,127677
FRA,1,1,7,,2,99,1,EURO,1,0,381028
FRA,1,1,8,,2,99,1,EURO,1,0,390280
FRA,1,1,9,,1,99,1,EURO,1,0,211675
FRA,1,2,0,,99,99,1,EURO,1,0,123690
FRA,1,2,1,,3,99,1,EURO,1,0,258256
FRA,1,2,2,,3,99,1,EURO,1,0,327108
FRA,1,2,3,,3,99,1,EURO,1,0,1054550
FRA,1,2,4,,2,99,1,EURO,1,0,306558
FRA,1,2,5,,2,99,1,EURO,1,0,695078
FRA,1,2,6,,2,99,1,EURO,1,0,358329
FRA,1,2,7,,2,99,1,EURO,1,0,1481600
FRA,1,2,8,,2,99,1,EURO,1,0,958670
FRA,1,2,9,,1,99,1,EURO,1,0,423550
FRA,1,3,0,,99,99,1,EURO,1,0,60736
FRA,1,3,1,,3,0,1,EURO,1,0,702832
FRA,1,3,2,,3,0,1,EURO,1,0,1633381
FRA,1,3,3,,3,0,1,EURO,1,0,986581
FRA,1,3,4,,2,1,1,EURO,1,0,194111
FRA,1,3,5,,2,1,1,EURO,1,0,268830
FRA,1,3,6,,2,1,1,EURO,1,0,89878
FRA,1,3,7,,2,1,1,EURO,1,0,197765
FRA,1,3,8,,2,1,1,EURO,1,0,113930
FRA,1,3,9,,1,1,1,EURO,1,0,69876
FRA,2,1,0,,99,99,1,EURO,1,0,2600
FRA,2,1,1,,3,99,1,EURO,1,0,28736
FRA,2,1,2,,3,99,1,EURO,1,0,47504
FRA,2,1,3,,3,99,1,EURO,1,0,151772
FRA,2,1,4,,2,99,1,EURO,1,0,187063
FRA,2,1,5,,2,99,1,EURO,1,0,387407
FRA,2,1,6,,2,99,1,EURO,1,0,47698
FRA,2,1,7,,2,99,1,EURO,1,0,65696
FRA,2,1,8,,2,99,1,EURO,1,0,119739
FRA,2,1,9,,1,99,1,EURO,1,0,469366
FRA,2,2,0,,99,99,1,EURO,1,0,19941
FRA,2,2,1,,3,99,1,EURO,1,0,130038
FRA,2,2,2,,3,99,1,EURO,1,0,210255
FRA,2,2,3,,3,99,1,EURO,1,0,893158
FRA,2,2,4,,2,99,1,EURO,1,0,909829
FRA,2,2,5,,2,99,1,EURO,1,0,1496220
FRA,2,2,6,,2,99,1,EURO,1,0,91416
FRA,2,2,7,,2,99,1,EURO,1,0,124231
FRA,2,2,8,,2,99,1,EURO,1,0,218301
FRA,2,2,9,,1,99,1,EURO,1,0,770454
FRA,2,3,0,,99,99,1,EURO,1,0,11881
FRA,2,3,1,,3,0,1,EURO,1,0,453491
FRA,2,3,2,,3,0,1,EURO,1,0,1734056
FRA,2,3,3,,3,0,1,EURO,1,0,1533257
FRA,2,3,4,,2,1,1,EURO,1,0,615372
FRA,2,3,5,,2,1,1,EURO,1,0,471920
FRA,2,3,6,,2,1,1,EURO,1,0,31935
FRA,2,3,7,,2,1,1,EURO,1,0,35979
FRA,2,3,8,,2,1,1,EURO,1,0,31287
FRA,2,3,9,,1,1,1,EURO,1,0,117866
FRA,1,1,0,,99,99,1,EURO,1,1,1009
FRA,1,1,1,,3,99,1,EURO,1,1,5863
FRA,1,1,2,,3,99,1,EURO,1,1,5748
FRA,1,1,3,,3,99,1,EURO,1,1,16906
FRA,1,1,4,,2,99,1,EURO,1,1,3539
FRA,1,1,5,,2,99,1,EURO,1,1,14597
FRA,1,1,6,,2,99,1,EURO,1,1,8143
FRA,1,1,7,,2,99,1,EURO,1,1,87621
FRA,1,1,8,,2,99,1,EURO,1,1,28263
FRA,1,1,9,,1,99,1,EURO,1,1,17352
FRA,1,2,0,,99,99,1,EURO,1,1,2369
FRA,1,2,1,,3,99,1,EURO,1,1,10152
FRA,1,2,2,,3,99,1,EURO,1,1,12708
FRA,1,2,3,,3,99,1,EURO,1,1,31363
FRA,1,2,4,,2,99,1,EURO,1,1,7378
FRA,1,2,5,,2,99,1,EURO,1,1,20256
FRA,1,2,6,,2,99,1,EURO,1,1,5545
FRA,1,2,7,,2,99,1,EURO,1,1,65086
FRA,1,2,8,,2,99,1,EURO,1,1,26119
FRA,1,2,9,,1,99,1,EURO,1,1,11873
FRA,1,3,0,,99,99,1,EURO,1,1,1577
FRA,1,3,1,,3,0,1,EURO,1,1,25119
FRA,1,3,2,,3,0,1,EURO,1,1,63523
FRA,1,3,3,,3,0,1,EURO,1,1,22846
FRA,1,3,4,,2,1,1,EURO,1,1,5918
FRA,1,3,5,,2,1,1,EURO,1,1,10240
FRA,1,3,6,,2,1,1,EURO,1,1,2573
FRA,1,3,7,,2,1,1,EURO,1,1,11203
FRA,1,3,8,,2,1,1,EURO,1,1,4674
FRA,1,3,9,,1,1,1,EURO,1,1,3155
FRA,2,1,0,,99,99,1,EURO,1,1,93
FRA,2,1,1,,3,99,1,EURO,1,1,2283
FRA,2,1,2,,3,99,1,EURO,1,1,4353
FRA,2,1,3,,3,99,1,EURO,1,1,8495
FRA,2,1,4,,2,99,1,EURO,1,1,9677
FRA,2,1,5,,2,99,1,EURO,1,1,33473
FRA,2,1,6,,2,99,1,EURO,1,1,3612
FRA,2,1,7,,2,99,1,EURO,1,1,5192
FRA,2,1,8,,2,99,1,EURO,1,1,8751
FRA,2,1,9,,1,99,1,EURO,1,1,61705
FRA,2,2,0,,99,99,1,EURO,1,1,212
FRA,2,2,1,,3,99,1,EURO,1,1,5127
FRA,2,2,2,,3,99,1,EURO,1,1,9384
FRA,2,2,3,,3,99,1,EURO,1,1,23272
FRA,2,2,4,,2,99,1,EURO,1,1,23851
FRA,2,2,5,,2,99,1,EURO,1,1,42902
FRA,2,2,6,,2,99,1,EURO,1,1,2429
FRA,2,2,7,,2,99,1,EURO,1,1,5015
FRA,2,2,8,,2,99,1,EURO,1,1,6480
FRA,2,2,9,,1,99,1,EURO,1,1,29363
FRA,2,3,0,,99,99,1,EURO,1,1,178
FRA,2,3,1,,3,0,1,EURO,1,1,16774
FRA,2,3,2,,3,0,1,EURO,1,1,69872
FRA,2,3,3,,3,0,1,EURO,1,1,37659
FRA,2,3,4,,2,1,1,EURO,1,1,17601
FRA,2,3,5,,2,1,1,EURO,1,1,19893
FRA,2,3,6,,2,1,1,EURO,1,1,1635
FRA,2,3,7,,2,1,1,EURO,1,1,1941
FRA,2,3,8,,2,1,1,EURO,1,1,1182
FRA,2,3,9,,1,1,1,EURO,1,1,8011
FRA,1,1,0,,99,99,1,NOAM,1,1,61
FRA,1,1,1,,3,99,1,NOAM,1,1,35
FRA,1,1,2,,3,99,1,NOAM,1,1,255
FRA,1,1,3,,3,99,1,NOAM,1,1,200
FRA,1,1,4,,2,99,1,NOAM,1,1,56
FRA,1,1,5,,2,99,1,NOAM,1,1,168
FRA,1,1,6,,2,99,1,NOAM,1,1,35
FRA,1,1,7,,2,99,1,NOAM,1,1,184
FRA,1,1,8,,2,99,1,NOAM,1,1,78
FRA,1,1,9,,1,99,1,NOAM,1,1,70
FRA,1,2,0,,99,99,1,NOAM,1,1,87
FRA,1,2,1,,3,99,1,NOAM,1,1,202
FRA,1,2,2,,3,99,1,NOAM,1,1,657
FRA,1,2,3,,3,99,1,NOAM,1,1,648
FRA,1,2,4,,2,99,1,NOAM,1,1,178
FRA,1,2,5,,2,99,1,NOAM,1,1,421
FRA,1,2,6,,2,99,1,NOAM,1,1,129
FRA,1,2,7,,2,99,1,NOAM,1,1,494
FRA,1,2,8,,2,99,1,NOAM,1,1,251
FRA,1,2,9,,1,99,1,NOAM,1,1,179
FRA,1,3,0,,99,99,1,NOAM,1,1,58
FRA,1,3,1,,3,0,1,NOAM,1,1,2166
FRA,1,3,2,,3,0,1,NOAM,1,1,6937
FRA,1,3,3,,3,0,1,NOAM,1,1,1570
FRA,1,3,4,,2,1,1,NOAM,1,1,487
FRA,1,3,5,,2,1,1,NOAM,1,1,683
FRA,1,3,6,,2,1,1,NOAM,1,1,90
FRA,1,3,7,,2,1,1,NOAM,1,1,242
FRA,1,3,8,,2,1,1,NOAM,1,1,121
FRA,1,3,9,,1,1,1,NOAM,1,1,160
FRA,2,1,0,,99,99,1,NOAM,1,1,25
FRA,2,1,1,,3,99,1,NOAM,1,1,47
FRA,2,1,2,,3,99,1,NOAM,1,1,169
FRA,2,1,3,,3,99,1,NOAM,1,1,155
FRA,2,1,4,,2,99,1,NOAM,1,1,100
FRA,2,1,5,,2,99,1,NOAM,1,1,185
FRA,2,1,6,,2,99,1,NOAM,1,1,13
FRA,2,1,7,,2,99,1,NOAM,1,1,17
FRA,2,1,8,,2,99,1,NOAM,1,1,35
FRA,2,1,9,,1,99,1,NOAM,1,1,111
FRA,2,2,0,,99,99,1,NOAM,1,1,2
FRA,2,2,1,,3,99,1,NOAM,1,1,131
FRA,2,2,2,,3,99,1,NOAM,1,1,650
FRA,2,2,3,,3,99,1,NOAM,1,1,704
FRA,2,2,4,,2,99,1,NOAM,1,1,448
FRA,2,2,5,,2,99,1,NOAM,1,1,777
FRA,2,2,6,,2,99,1,NOAM,1,1,68
FRA,2,2,7,,2,99,1,NOAM,1,1,92
FRA,2,2,8,,2,99,1,NOAM,1,1,97
FRA,2,2,9,,1,99,1,NOAM,1,1,245
FRA,2,3,0,,99,99,1,NOAM,1,1,6
FRA,2,3,1,,3,0,1,NOAM,1,1,1695
FRA,2,3,2,,3,0,1,NOAM,1,1,8359
FRA,2,3,3,,3,0,1,NOAM,1,1,2300
FRA,2,3,4,,2,1,1,NOAM,1,1,1080
FRA,2,3,5,,2,1,1,NOAM,1,1,1091
FRA,2,3,6,,2,1,1,NOAM,1,1,81
FRA,2,3,7,,2,1,1,NOAM,1,1,196
FRA,2,3,8,,2,1,1,NOAM,1,1,31
FRA,2,3,9,,1,1,1,NOAM,1,1,196
FRA,1,1,0,,99,99,1,OCEA,0,1,20
FRA,1,1,2,,3,99,1,OCEA,0,1,4
FRA,1,1,3,,3,99,1,OCEA,0,1,48
FRA,1,1,6,,2,99,1,OCEA,0,1,5
FRA,1,1,7,,2,99,1,OCEA,0,1,18
FRA,1,1,8,,2,99,1,OCEA,0,1,16
FRA,1,1,9,,1,99,1,OCEA,0,1,14
FRA,1,2,0,,99,99,1,OCEA,0,1,13
FRA,1,2,2,,3,99,1,OCEA,0,1,13
FRA,1,2,3,,3,99,1,OCEA,0,1,61
FRA,1,2,4,,2,99,1,OCEA,0,1,3
FRA,1,2,5,,2,99,1,OCEA,0,1,20
FRA,1,2,7,,2,99,1,OCEA,0,1,14
FRA,1,2,8,,2,99,1,OCEA,0,1,16
FRA,1,2,9,,1,99,1,OCEA,0,1,9
FRA,1,3,0,,99,99,1,OCEA,0,1,5
FRA,1,3,1,,3,0,1,OCEA,0,1,34
FRA,1,3,2,,3,0,1,OCEA,0,1,42
FRA,1,3,3,,3,0,1,OCEA,0,1,42
FRA,1,3,4,,2,1,1,OCEA,0,1,5
FRA,1,3,5,,2,1,1,OCEA,0,1,14
FRA,1,3,6,,2,1,1,OCEA,0,1,4
FRA,1,3,7,,2,1,1,OCEA,0,1,8
FRA,2,1,0,,99,99,1,OCEA,0,1,5
FRA,2,1,3,,3,99,1,OCEA,0,1,4
FRA,2,1,5,,2,99,1,OCEA,0,1,10
FRA,2,1,9,,1,99,1,OCEA,0,1,28
FRA,2,2,1,,3,99,1,OCEA,0,1,4
FRA,2,2,2,,3,99,1,OCEA,0,1,9
FRA,2,2,3,,3,99,1,OCEA,0,1,21
FRA,2,2,4,,2,99,1,OCEA,0,1,13
FRA,2,2,5,,2,99,1,OCEA,0,1,31
FRA,2,2,7,,2,99,1,OCEA,0,1,12
FRA,2,2,8,,2,99,1,OCEA,0,1,3
FRA,2,2,9,,1,99,1,OCEA,0,1,19
FRA,2,3,1,,3,0,1,OCEA,0,1,7
FRA,2,3,2,,3,0,1,OCEA,0,1,33
FRA,2,3,3,,3,0,1,OCEA,0,1,12
FRA,2,3,4,,2,1,1,OCEA,0,1,22
FRA,2,3,5,,2,1,1,OCEA,0,1,29
FRA,2,3,8,,2,1,1,OCEA,0,1,5
FRA,1,1,0,,99,99,1,OCEA,1,1,2
FRA,1,1,1,,3,99,1,OCEA,1,1,1
FRA,1,1,2,,3,99,1,OCEA,1,1,41
FRA,1,1,3,,3,99,1,OCEA,1,1,83
FRA,1,1,4,,2,99,1,OCEA,1,1,9
FRA,1,1,5,,2,99,1,OCEA,1,1,41
FRA,1,1,6,,2,99,1,OCEA,1,1,5
FRA,1,1,7,,2,99,1,OCEA,1,1,37
FRA,1,1,8,,2,99,1,OCEA,1,1,15
FRA,1,1,9,,1,99,1,OCEA,1,1,26
FRA,1,2,0,,99,99,1,OCEA,1,1,21
FRA,1,2,1,,3,99,1,OCEA,1,1,25
FRA,1,2,2,,3,99,1,OCEA,1,1,83
FRA,1,2,3,,3,99,1,OCEA,1,1,146
FRA,1,2,4,,2,99,1,OCEA,1,1,18
FRA,1,2,5,,2,99,1,OCEA,1,1,71
FRA,1,2,6,,2,99,1,OCEA,1,1,13
FRA,1,2,7,,2,99,1,OCEA,1,1,123
FRA,1,2,8,,2,99,1,OCEA,1,1,18
FRA,1,2,9,,1,99,1,OCEA,1,1,11
FRA,1,3,1,,3,0,1,OCEA,1,1,244
FRA,1,3,2,,3,0,1,OCEA,1,1,853
FRA,1,3,3,,3,0,1,OCEA,1,1,265
FRA,1,3,4,,2,1,1,OCEA,1,1,60
FRA,1,3,5,,2,1,1,OCEA,1,1,96
FRA,1,3,6,,2,1,1,OCEA,1,1,28
FRA,1,3,7,,2,1,1,OCEA,1,1,60
FRA,1,3,8,,2,1,1,OCEA,1,1,26
FRA,1,3,9,,1,1,1,OCEA,1,1,24
FRA,2,1,0,,99,99,1,OCEA,1,1,4
FRA,2,1,1,,3,99,1,OCEA,1,1,6
FRA,2,1,2,,3,99,1,OCEA,1,1,15
FRA,2,1,3,,3,99,1,OCEA,1,1,18
FRA,2,1,4,,2,99,1,OCEA,1,1,1
FRA,2,1,5,,2,99,1,OCEA,1,1,85
FRA,2,1,8,,2,99,1,OCEA,1,1,10
FRA,2,1,9,,1,99,1,OCEA,1,1,18
FRA,2,2,1,,3,99,1,OCEA,1,1,8
FRA,2,2,2,,3,99,1,OCEA,1,1,117
FRA,2,2,3,,3,99,1,OCEA,1,1,92
FRA,2,2,4,,2,99,1,OCEA,1,1,74
FRA,2,2,5,,2,99,1,OCEA,1,1,115
FRA,2,2,6,,2,99,1,OCEA,1,1,5
FRA,2,2,7,,2,99,1,OCEA,1,1,24
FRA,2,2,8,,2,99,1,OCEA,1,1,4
FRA,2,2,9,,1,99,1,OCEA,1,1,28
FRA,2,3,1,,3,0,1,OCEA,1,1,132
FRA,2,3,2,,3,0,1,OCEA,1,1,845
FRA,2,3,3,,3,0,1,OCEA,1,1,257
FRA,2,3,4,,2,1,1,OCEA,1,1,86
FRA,2,3,5,,2,1,1,OCEA,1,1,132
FRA,2,3,6,,2,1,1,OCEA,1,1,9
FRA,2,3,7,,2,1,1,OCEA,1,1,12
FRA,2,3,8,,2,1,1,OCEA,1,1,4
FRA,2,3,9,,1,1,1,OCEA,1,1,38
FRA,1,1,0,,99,99,1,SCAC,0,1,153
FRA,1,1,1,,3,99,1,SCAC,0,1,327
FRA,1,1,2,,3,99,1,SCAC,0,1,663
FRA,1,1,3,,3,99,1,SCAC,0,1,1057
FRA,1,1,4,,2,99,1,SCAC,0,1,462
FRA,1,1,5,,2,99,1,SCAC,0,1,2606
FRA,1,1,6,,2,99,1,SCAC,0,1,1785
FRA,1,1,7,,2,99,1,SCAC,0,1,5697
FRA,1,1,8,,2,99,1,SCAC,0,1,2614
FRA,1,1,9,,1,99,1,SCAC,0,1,2254
FRA,1,2,0,,99,99,1,SCAC,0,1,429
FRA,1,2,1,,3,99,1,SCAC,0,1,479
FRA,1,2,2,,3,99,1,SCAC,0,1,1278
FRA,1,2,3,,3,99,1,SCAC,0,1,2394
FRA,1,2,4,,2,99,1,SCAC,0,1,968
FRA,1,2,5,,2,99,1,SCAC,0,1,3084
FRA,1,2,6,,2,99,1,SCAC,0,1,503
FRA,1,2,7,,2,99,1,SCAC,0,1,5034
FRA,1,2,8,,2,99,1,SCAC,0,1,2592
FRA,1,2,9,,1,99,1,SCAC,0,1,1829
FRA,1,3,0,,99,99,1,SCAC,0,1,151
FRA,1,3,1,,3,0,1,SCAC,0,1,2571
FRA,1,3,2,,3,0,1,SCAC,0,1,7827
FRA,1,3,3,,3,0,1,SCAC,0,1,2798
FRA,1,3,4,,2,1,1,SCAC,0,1,959
FRA,1,3,5,,2,1,1,SCAC,0,1,1527
FRA,1,3,6,,2,1,1,SCAC,0,1,174
FRA,1,3,7,,2,1,1,SCAC,0,1,1130
FRA,1,3,8,,2,1,1,SCAC,0,1,741
FRA,1,3,9,,1,1,1,SCAC,0,1,620
FRA,2,1,0,,99,99,1,SCAC,0,1,12
FRA,2,1,1,,3,99,1,SCAC,0,1,308
FRA,2,1,2,,3,99,1,SCAC,0,1,641
FRA,2,1,3,,3,99,1,SCAC,0,1,1144
FRA,2,1,4,,2,99,1,SCAC,0,1,1140
FRA,2,1,5,,2,99,1,SCAC,0,1,4871
FRA,2,1,6,,2,99,1,SCAC,0,1,403
FRA,2,1,7,,2,99,1,SCAC,0,1,509
FRA,2,1,8,,2,99,1,SCAC,0,1,418
FRA,2,1,9,,1,99,1,SCAC,0,1,9472
FRA,2,2,0,,99,99,1,SCAC,0,1,31
FRA,2,2,1,,3,99,1,SCAC,0,1,504
FRA,2,2,2,,3,99,1,SCAC,0,1,1047
FRA,2,2,3,,3,99,1,SCAC,0,1,2583
FRA,2,2,4,,2,99,1,SCAC,0,1,2247
FRA,2,2,5,,2,99,1,SCAC,0,1,6919
FRA,2,2,6,,2,99,1,SCAC,0,1,134
FRA,2,2,7,,2,99,1,SCAC,0,1,423
FRA,2,2,8,,2,99,1,SCAC,0,1,453
FRA,2,2,9,,1,99,1,SCAC,0,1,5388
FRA,2,3,0,,99,99,1,SCAC,0,1,29
FRA,2,3,1,,3,0,1,SCAC,0,1,2503
FRA,2,3,2,,3,0,1,SCAC,0,1,9769
FRA,2,3,3,,3,0,1,SCAC,0,1,4780
FRA,2,3,4,,2,1,1,SCAC,0,1,2494
FRA,2,3,5,,2,1,1,SCAC,0,1,3805
FRA,2,3,6,,2,1,1,SCAC,0,1,96
FRA,2,3,7,,2,1,1,SCAC,0,1,297
FRA,2,3,8,,2,1,1,SCAC,0,1,207
FRA,2,3,9,,1,1,1,SCAC,0,1,1938
FRA,1,1,0,,99,99,1,SCAC,1,1,14
FRA,1,1,1,,3,99,1,SCAC,1,1,18
FRA,1,1,2,,3,99,1,SCAC,1,1,44
FRA,1,1,3,,3,99,1,SCAC,1,1,84
FRA,1,1,4,,2,99,1,SCAC,1,1,28
FRA,1,1,5,,2,99,1,SCAC,1,1,112
FRA,1,1,6,,2,99,1,SCAC,1,1,15
FRA,1,1,7,,2,99,1,SCAC,1,1,124
FRA,1,1,8,,2,99,1,SCAC,1,1,123
FRA,1,1,9,,1,99,1,SCAC,1,1,86
FRA,1,2,0,,99,99,1,SCAC,1,1,50
FRA,1,2,1,,3,99,1,SCAC,1,1,78
FRA,1,2,2,,3,99,1,SCAC,1,1,181
FRA,1,2,3,,3,99,1,SCAC,1,1,275
FRA,1,2,4,,2,99,1,SCAC,1,1,112
FRA,1,2,5,,2,99,1,SCAC,1,1,287
FRA,1,2,6,,2,99,1,SCAC,1,1,66
FRA,1,2,7,,2,99,1,SCAC,1,1,367
FRA,1,2,8,,2,99,1,SCAC,1,1,195
FRA,1,2,9,,1,99,1,SCAC,1,1,121
FRA,1,3,0,,99,99,1,SCAC,1,1,11
FRA,1,3,1,,3,0,1,SCAC,1,1,520
FRA,1,3,2,,3,0,1,SCAC,1,1,1941
FRA,1,3,3,,3,0,1,SCAC,1,1,674
FRA,1,3,4,,2,1,1,SCAC,1,1,169
FRA,1,3,5,,2,1,1,SCAC,1,1,329
FRA,1,3,6,,2,1,1,SCAC,1,1,8
FRA,1,3,7,,2,1,1,SCAC,1,1,127
FRA,1,3,8,,2,1,1,SCAC,1,1,130
FRA,1,3,9,,1,1,1,SCAC,1,1,90
FRA,2,1,1,,3,99,1,SCAC,1,1,13
FRA,2,1,2,,3,99,1,SCAC,1,1,45
FRA,2,1,3,,3,99,1,SCAC,1,1,62
FRA,2,1,4,,2,99,1,SCAC,1,1,56
FRA,2,1,5,,2,99,1,SCAC,1,1,163
FRA,2,1,7,,2,99,1,SCAC,1,1,8
FRA,2,1,8,,2,99,1,SCAC,1,1,12
FRA,2,1,9,,1,99,1,SCAC,1,1,292
FRA,2,2,1,,3,99,1,SCAC,1,1,96
FRA,2,2,2,,3,99,1,SCAC,1,1,120
FRA,2,2,3,,3,99,1,SCAC,1,1,248
FRA,2,2,4,,2,99,1,SCAC,1,1,212
FRA,2,2,5,,2,99,1,SCAC,1,1,616
FRA,2,2,6,,2,99,1,SCAC,1,1,27
FRA,2,2,7,,2,99,1,SCAC,1,1,57
FRA,2,2,8,,2,99,1,SCAC,1,1,62
FRA,2,2,9,,1,99,1,SCAC,1,1,324
FRA,2,3,0,,99,99,1,SCAC,1,1,5
FRA,2,3,1,,3,0,1,SCAC,1,1,404
FRA,2,3,2,,3,0,1,SCAC,1,1,2111
FRA,2,3,3,,3,0,1,SCAC,1,1,1144
FRA,2,3,4,,2,1,1,SCAC,1,1,542
FRA,2,3,5,,2,1,1,SCAC,1,1,628
FRA,2,3,6,,2,1,1,SCAC,1,1,7
FRA,2,3,7,,2,1,1,SCAC,1,1,37
FRA,2,3,8,,2,1,1,SCAC,1,1,25
FRA,2,3,9,,1,1,1,SCAC,1,1,191
GBR,1,1,0,,99,99,1,AFRI,0,1,689
GBR,1,1,1,,3,99,1,AFRI,0,1,3281
GBR,1,1,2,,3,99,1,AFRI,0,1,4523
GBR,1,1,3,,3,99,1,AFRI,0,1,3598
GBR,1,1,4,,2,99,1,AFRI,0,1,1550
GBR,1,1,5,,2,99,1,AFRI,0,1,7765
GBR,1,1,6,,2,99,1,AFRI,0,1,2869
GBR,1,1,7,,2,99,1,AFRI,0,1,2005
GBR,1,1,8,,2,99,1,AFRI,0,1,11021
GBR,1,1,9,,1,99,1,AFRI,0,1,18546
GBR,1,2,0,,99,99,1,AFRI,0,1,956
GBR,1,2,1,,3,99,1,AFRI,0,1,18770
GBR,1,2,2,,3,99,1,AFRI,0,1,9836
GBR,1,2,3,,3,99,1,AFRI,0,1,14206
GBR,1,2,4,,2,99,1,AFRI,0,1,6238
GBR,1,2,5,,2,99,1,AFRI,0,1,21555
GBR,1,2,6,,2,99,1,AFRI,0,1,12086
GBR,1,2,7,,2,99,1,AFRI,0,1,9399
GBR,1,2,8,,2,99,1,AFRI,0,1,19664
GBR,1,2,9,,1,99,1,AFRI,0,1,25781
GBR,1,3,0,,99,99,1,AFRI,0,1,698
GBR,1,3,1,,3,0,1,AFRI,0,1,28759
GBR,1,3,2,,3,0,1,AFRI,0,1,91740
GBR,1,3,3,,3,0,1,AFRI,0,1,31371
GBR,1,3,4,,2,1,1,AFRI,0,1,16136
GBR,1,3,5,,2,1,1,AFRI,0,1,8861
GBR,1,3,6,,2,1,1,AFRI,0,1,12197
GBR,1,3,7,,2,1,1,AFRI,0,1,7825
GBR,1,3,8,,2,1,1,AFRI,0,1,12633
GBR,1,3,9,,1,1,1,AFRI,0,1,23169
GBR,2,1,0,,99,99,1,AFRI,0,1,666
GBR,2,1,1,,3,99,1,AFRI,0,1,1429
GBR,2,1,2,,3,99,1,AFRI,0,1,3244
GBR,2,1,3,,3,99,1,AFRI,0,1,2135
GBR,2,1,4,,2,99,1,AFRI,0,1,5989
GBR,2,1,5,,2,99,1,AFRI,0,1,429
GBR,2,1,6,,2,99,1,AFRI,0,1,16237
GBR,2,1,7,,2,99,1,AFRI,0,1,4892
GBR,2,1,8,,2,99,1,AFRI,0,1,1517
GBR,2,1,9,,1,99,1,AFRI,0,1,20700
GBR,2,2,0,,99,99,1,AFRI,0,1,941
GBR,2,2,1,,3,99,1,AFRI,0,1,6226
GBR,2,2,2,,3,99,1,AFRI,0,1,8162
GBR,2,2,3,,3,99,1,AFRI,0,1,8432
GBR,2,2,4,,2,99,1,AFRI,0,1,16387
GBR,2,2,5,,2,99,1,AFRI,0,1,1185
GBR,2,2,6,,2,99,1,AFRI,0,1,45475
GBR,2,2,7,,2,99,1,AFRI,0,1,12407
GBR,2,2,8,,2,99,1,AFRI,0,1,2189
GBR,2,2,9,,1,99,1,AFRI,0,1,20447
GBR,2,3,0,,99,99,1,AFRI,0,1,419
GBR,2,3,1,,3,0,1,AFRI,0,1,16742
GBR,2,3,2,,3,0,1,AFRI,0,1,83035
GBR,2,3,3,,3,0,1,AFRI,0,1,25897
GBR,2,3,4,,2,1,1,AFRI,0,1,24448
GBR,2,3,5,,2,1,1,AFRI,0,1,1883
GBR,2,3,6,,2,1,1,AFRI,0,1,34838
GBR,2,3,7,,2,1,1,AFRI,0,1,9576
GBR,2,3,8,,2,1,1,AFRI,0,1,1101
GBR,2,3,9,,1,1,1,AFRI,0,1,8368
GBR,1,1,0,,99,99,1,ASIA,0,1,963
GBR,1,1,1,,3,99,1,ASIA,0,1,24167
GBR,1,1,2,,3,99,1,ASIA,0,1,4032
GBR,1,1,3,,3,99,1,ASIA,0,1,4612
GBR,1,1,4,,2,99,1,ASIA,0,1,4100
GBR,1,1,5,,2,99,1,ASIA,0,1,34151
GBR,1,1,6,,2,99,1,ASIA,0,1,6214
GBR,1,1,7,,2,99,1,ASIA,0,1,16154
GBR,1,1,8,,2,99,1,ASIA,0,1,51988
GBR,1,1,9,,1,99,1,ASIA,0,1,35609
GBR,1,2,0,,99,99,1,ASIA,0,1,472
GBR,1,2,1,,3,99,1,ASIA,0,1,23279
GBR,1,2,2,,3,99,1,ASIA,0,1,13492
GBR,1,2,3,,3,99,1,ASIA,0,1,14277
GBR,1,2,4,,2,99,1,ASIA,0,1,9712
GBR,1,2,5,,2,99,1,ASIA,0,1,40222
GBR,1,2,6,,2,99,1,ASIA,0,1,16733
GBR,1,2,7,,2,99,1,ASIA,0,1,24556
GBR,1,2,8,,2,99,1,ASIA,0,1,56242
GBR,1,2,9,,1,99,1,ASIA,0,1,50709
GBR,1,3,0,,99,99,1,ASIA,0,1,673
GBR,1,3,1,,3,0,1,ASIA,0,1,65063
GBR,1,3,2,,3,0,1,ASIA,0,1,180931
GBR,1,3,3,,3,0,1,ASIA,0,1,49580
GBR,1,3,4,,2,1,1,ASIA,0,1,23541
GBR,1,3,5,,2,1,1,ASIA,0,1,22011
GBR,1,3,6,,2,1,1,ASIA,0,1,13444
GBR,1,3,7,,2,1,1,ASIA,0,1,23609
GBR,1,3,8,,2,1,1,ASIA,0,1,25417
GBR,1,3,9,,1,1,1,ASIA,0,1,26783
GBR,2,1,0,,99,99,1,ASIA,0,1,331
GBR,2,1,1,,3,99,1,ASIA,0,1,3553
GBR,2,1,2,,3,99,1,ASIA,0,1,2792
GBR,2,1,3,,3,99,1,ASIA,0,1,3044
GBR,2,1,4,,2,99,1,ASIA,0,1,6277
GBR,2,1,5,,2,99,1,ASIA,0,1,5497
GBR,2,1,6,,2,99,1,ASIA,0,1,13010
GBR,2,1,7,,2,99,1,ASIA,0,1,13816
GBR,2,1,8,,2,99,1,ASIA,0,1,6362
GBR,2,1,9,,1,99,1,ASIA,0,1,28949
GBR,2,2,0,,99,99,1,ASIA,0,1,330
GBR,2,2,1,,3,99,1,ASIA,0,1,7759
GBR,2,2,2,,3,99,1,ASIA,0,1,12947
GBR,2,2,3,,3,99,1,ASIA,0,1,7599
GBR,2,2,4,,2,99,1,ASIA,0,1,19146
GBR,2,2,5,,2,99,1,ASIA,0,1,5208
GBR,2,2,6,,2,99,1,ASIA,0,1,39841
GBR,2,2,7,,2,99,1,ASIA,0,1,22206
GBR,2,2,8,,2,99,1,ASIA,0,1,6518
GBR,2,2,9,,1,99,1,ASIA,0,1,27564
GBR,2,3,0,,99,99,1,ASIA,0,1,440
GBR,2,3,1,,3,0,1,ASIA,0,1,21634
GBR,2,3,2,,3,0,1,ASIA,0,1,127336
GBR,2,3,3,,3,0,1,ASIA,0,1,38434
GBR,2,3,4,,2,1,1,ASIA,0,1,34511
GBR,2,3,5,,2,1,1,ASIA,0,1,4033
GBR,2,3,6,,2,1,1,ASIA,0,1,38740
GBR,2,3,7,,2,1,1,ASIA,0,1,29035
GBR,2,3,8,,2,1,1,ASIA,0,1,2923
GBR,2,3,9,,1,1,1,ASIA,0,1,16602
GBR,1,1,0,,99,99,1,ASIA,1,1,210
GBR,1,1,1,,3,99,1,ASIA,1,1,75
GBR,1,1,4,,2,99,1,ASIA,1,1,237
GBR,1,1,6,,2,99,1,ASIA,1,1,340
GBR,1,1,8,,2,99,1,ASIA,1,1,104
GBR,1,1,9,,1,99,1,ASIA,1,1,324
GBR,1,2,1,,3,99,1,ASIA,1,1,1494
GBR,1,2,2,,3,99,1,ASIA,1,1,126
GBR,1,2,3,,3,99,1,ASIA,1,1,93
GBR,1,2,7,,2,99,1,ASIA,1,1,93
GBR,1,2,9,,1,99,1,ASIA,1,1,606
GBR,1,3,1,,3,0,1,ASIA,1,1,4251
GBR,1,3,2,,3,0,1,ASIA,1,1,6590
GBR,1,3,3,,3,0,1,ASIA,1,1,3184
GBR,1,3,4,,2,1,1,ASIA,1,1,354
GBR,1,3,5,,2,1,1,ASIA,1,1,1654
GBR,1,3,6,,2,1,1,ASIA,1,1,112
GBR,1,3,8,,2,1,1,ASIA,1,1,512
GBR,2,1,2,,3,99,1,ASIA,1,1,199
GBR,2,1,3,,3,99,1,ASIA,1,1,503
GBR,2,1,4,,2,99,1,ASIA,1,1,412
GBR,2,1,6,,2,99,1,ASIA,1,1,213
GBR,2,1,9,,1,99,1,ASIA,1,1,263
GBR,2,2,1,,3,99,1,ASIA,1,1,379
GBR,2,2,2,,3,99,1,ASIA,1,1,1150
GBR,2,2,3,,3,99,1,ASIA,1,1,165
GBR,2,2,4,,2,99,1,ASIA,1,1,924
GBR,2,2,6,,2,99,1,ASIA,1,1,1684
GBR,2,2,7,,2,99,1,ASIA,1,1,870
GBR,2,2,9,,1,99,1,ASIA,1,1,559
GBR,2,3,1,,3,0,1,ASIA,1,1,1838
GBR,2,3,2,,3,0,1,ASIA,1,1,7885
GBR,2,3,3,,3,0,1,ASIA,1,1,3190
GBR,2,3,4,,2,1,1,ASIA,1,1,1970
GBR,2,3,5,,2,1,1,ASIA,1,1,617
GBR,2,3,6,,2,1,1,ASIA,1,1,381
GBR,2,3,7,,2,1,1,ASIA,1,1,424
GBR,2,3,9,,1,1,1,ASIA,1,1,191
GBR,1,1,1,,3,99,1,EURO,0,1,2245
GBR,1,1,2,,3,99,1,EURO,0,1,633
GBR,1,1,3,,3,99,1,EURO,0,1,1698
GBR,1,1,4,,2,99,1,EURO,0,1,410
GBR,1,1,5,,2,99,1,EURO,0,1,13026
GBR,1,1,6,,2,99,1,EURO,0,1,1901
GBR,1,1,7,,2,99,1,EURO,0,1,946
GBR,1,1,8,,2,99,1,EURO,0,1,8133
GBR,1,1,9,,1,99,1,EURO,0,1,15404
GBR,1,2,0,,99,99,1,EURO,0,1,121
GBR,1,2,1,,3,99,1,EURO,0,1,6325
GBR,1,2,2,,3,99,1,EURO,0,1,5126
GBR,1,2,3,,3,99,1,EURO,0,1,6968
GBR,1,2,4,,2,99,1,EURO,0,1,956
GBR,1,2,5,,2,99,1,EURO,0,1,36098
GBR,1,2,6,,2,99,1,EURO,0,1,2364
GBR,1,2,7,,2,99,1,EURO,0,1,3335
GBR,1,2,8,,2,99,1,EURO,0,1,23122
GBR,1,2,9,,1,99,1,EURO,0,1,23215
GBR,1,3,1,,3,0,1,EURO,0,1,10285
GBR,1,3,2,,3,0,1,EURO,0,1,29965
GBR,1,3,3,,3,0,1,EURO,0,1,12013
GBR,1,3,4,,2,1,1,EURO,0,1,1270
GBR,1,3,5,,2,1,1,EURO,0,1,11192
GBR,1,3,6,,2,1,1,EURO,0,1,1781
GBR,1,3,7,,2,1,1,EURO,0,1,3170
GBR,1,3,8,,2,1,1,EURO,0,1,6800
GBR,1,3,9,,1,1,1,EURO,0,1,7138
GBR,2,1,0,,99,99,1,EURO,0,1,177
GBR,2,1,1,,3,99,1,EURO,0,1,478
GBR,2,1,2,,3,99,1,EURO,0,1,812
GBR,2,1,3,,3,99,1,EURO,0,1,1017
GBR,2,1,4,,2,99,1,EURO,0,1,2073
GBR,2,1,5,,2,99,1,EURO,0,1,1267
GBR,2,1,6,,2,99,1,EURO,0,1,3582
GBR,2,1,7,,2,99,1,EURO,0,1,3215
GBR,2,1,8,,2,99,1,EURO,0,1,814
GBR,2,1,9,,1,99,1,EURO,0,1,9771
GBR,2,2,0,,99,99,1,EURO,0,1,265
GBR,2,2,1,,3,99,1,EURO,0,1,1992
GBR,2,2,2,,3,99,1,EURO,0,1,3443
GBR,2,2,3,,3,99,1,EURO,0,1,3476
GBR,2,2,4,,2,99,1,EURO,0,1,5697
GBR,2,2,5,,2,99,1,EURO,0,1,1245
GBR,2,2,6,,2,99,1,EURO,0,1,10691
GBR,2,2,7,,2,99,1,EURO,0,1,2743
GBR,2,2,8,,2,99,1,EURO,0,1,3401
GBR,2,2,9,,1,99,1,EURO,0,1,22610
GBR,2,3,0,,99,99,1,EURO,0,1,85
GBR,2,3,1,,3,0,1,EURO,0,1,7881
GBR,2,3,2,,3,0,1,EURO,0,1,24720
GBR,2,3,3,,3,0,1,EURO,0,1,18357
GBR,2,3,4,,2,1,1,EURO,0,1,14811
GBR,2,3,5,,2,1,1,EURO,0,1,1442
GBR,2,3,6,,2,1,1,EURO,0,1,10952
GBR,2,3,7,,2,1,1,EURO,0,1,5475
GBR,2,3,8,,2,1,1,EURO,0,1,1202
GBR,2,3,9,,1,1,1,EURO,0,1,10294
GBR,1,1,0,,99,99,1,EURO,1,0,25562
GBR,1,1,1,,3,99,1,EURO,1,0,263191
GBR,1,1,2,,3,99,1,EURO,1,0,103225
GBR,1,1,3,,3,99,1,EURO,1,0,223240
GBR,1,1,4,,2,99,1,EURO,1,0,107804
GBR,1,1,5,,2,99,1,EURO,1,0,618460
GBR,1,1,6,,2,99,1,EURO,1,0,87004
GBR,1,1,7,,2,99,1,EURO,1,0,172029
GBR,1,1,8,,2,99,1,EURO,1,0,514757
GBR,1,1,9,,1,99,1,EURO,1,0,525067
GBR,1,2,0,,99,99,1,EURO,1,0,22078
GBR,1,2,1,,3,99,1,EURO,1,0,780230
GBR,1,2,2,,3,99,1,EURO,1,0,607254
GBR,1,2,3,,3,99,1,EURO,1,0,927436
GBR,1,2,4,,2,99,1,EURO,1,0,327538
GBR,1,2,5,,2,99,1,EURO,1,0,1790997
GBR,1,2,6,,2,99,1,EURO,1,0,236003
GBR,1,2,7,,2,99,1,EURO,1,0,435325
GBR,1,2,8,,2,99,1,EURO,1,0,744302
GBR,1,2,9,,1,99,1,EURO,1,0,720674
GBR,1,3,0,,99,99,1,EURO,1,0,5617
GBR,1,3,1,,3,0,1,EURO,1,0,784148
GBR,1,3,2,,3,0,1,EURO,1,0,1855888
GBR,1,3,3,,3,0,1,EURO,1,0,1018162
GBR,1,3,4,,2,1,1,EURO,1,0,258362
GBR,1,3,5,,2,1,1,EURO,1,0,237385
GBR,1,3,6,,2,1,1,EURO,1,0,101947
GBR,1,3,7,,2,1,1,EURO,1,0,164073
GBR,1,3,8,,2,1,1,EURO,1,0,96709
GBR,1,3,9,,1,1,1,EURO,1,0,143662
GBR,2,1,0,,99,99,1,EURO,1,0,14529
GBR,2,1,1,,3,99,1,EURO,1,0,138593
GBR,2,1,2,,3,99,1,EURO,1,0,54118
GBR,2,1,3,,3,99,1,EURO,1,0,138340
GBR,2,1,4,,2,99,1,EURO,1,0,445817
GBR,2,1,5,,2,99,1,EURO,1,0,67656
GBR,2,1,6,,2,99,1,EURO,1,0,293356
GBR,2,1,7,,2,99,1,EURO,1,0,378247
GBR,2,1,8,,2,99,1,EURO,1,0,69793
GBR,2,1,9,,1,99,1,EURO,1,0,430358
GBR,2,2,0,,99,99,1,EURO,1,0,16341
GBR,2,2,1,,3,99,1,EURO,1,0,356713
GBR,2,2,2,,3,99,1,EURO,1,0,238201
GBR,2,2,3,,3,99,1,EURO,1,0,571318
GBR,2,2,4,,2,99,1,EURO,1,0,1129803
GBR,2,2,5,,2,99,1,EURO,1,0,152853
GBR,2,2,6,,2,99,1,EURO,1,0,1216058
GBR,2,2,7,,2,99,1,EURO,1,0,724449
GBR,2,2,8,,2,99,1,EURO,1,0,67544
GBR,2,2,9,,1,99,1,EURO,1,0,601565
GBR,2,3,0,,99,99,1,EURO,1,0,5368
GBR,2,3,1,,3,0,1,EURO,1,0,489180
GBR,2,3,2,,3,0,1,EURO,1,0,2257953
GBR,2,3,3,,3,0,1,EURO,1,0,901551
GBR,2,3,4,,2,1,1,EURO,1,0,623758
GBR,2,3,5,,2,1,1,EURO,1,0,58841
GBR,2,3,6,,2,1,1,EURO,1,0,494244
GBR,2,3,7,,2,1,1,EURO,1,0,235891
GBR,2,3,8,,2,1,1,EURO,1,0,18690
GBR,2,3,9,,1,1,1,EURO,1,0,128977
GBR,1,1,0,,99,99,1,EURO,1,1,1094
GBR,1,1,1,,3,99,1,EURO,1,1,6339
GBR,1,1,2,,3,99,1,EURO,1,1,4179
GBR,1,1,3,,3,99,1,EURO,1,1,3792
GBR,1,1,4,,2,99,1,EURO,1,1,3037
GBR,1,1,5,,2,99,1,EURO,1,1,37321
GBR,1,1,6,,2,99,1,EURO,1,1,3623
GBR,1,1,7,,2,99,1,EURO,1,1,5888
GBR,1,1,8,,2,99,1,EURO,1,1,27234
GBR,1,1,9,,1,99,1,EURO,1,1,48245
GBR,1,2,0,,99,99,1,EURO,1,1,1373
GBR,1,2,1,,3,99,1,EURO,1,1,27554
GBR,1,2,2,,3,99,1,EURO,1,1,21478
GBR,1,2,3,,3,99,1,EURO,1,1,27352
GBR,1,2,4,,2,99,1,EURO,1,1,10517
GBR,1,2,5,,2,99,1,EURO,1,1,115124
GBR,1,2,6,,2,99,1,EURO,1,1,9271
GBR,1,2,7,,2,99,1,EURO,1,1,14386
GBR,1,2,8,,2,99,1,EURO,1,1,101216
GBR,1,2,9,,1,99,1,EURO,1,1,107606
GBR,1,3,0,,99,99,1,EURO,1,1,265
GBR,1,3,1,,3,0,1,EURO,1,1,53871
GBR,1,3,2,,3,0,1,EURO,1,1,141032
GBR,1,3,3,,3,0,1,EURO,1,1,76027
GBR,1,3,4,,2,1,1,EURO,1,1,17628
GBR,1,3,5,,2,1,1,EURO,1,1,39175
GBR,1,3,6,,2,1,1,EURO,1,1,10972
GBR,1,3,7,,2,1,1,EURO,1,1,9495
GBR,1,3,8,,2,1,1,EURO,1,1,26283
GBR,1,3,9,,1,1,1,EURO,1,1,39657
GBR,2,1,0,,99,99,1,EURO,1,1,1304
GBR,2,1,1,,3,99,1,EURO,1,1,4122
GBR,2,1,2,,3,99,1,EURO,1,1,3563
GBR,2,1,3,,3,99,1,EURO,1,1,5515
GBR,2,1,4,,2,99,1,EURO,1,1,11743
GBR,2,1,5,,2,99,1,EURO,1,1,4592
GBR,2,1,6,,2,99,1,EURO,1,1,16503
GBR,2,1,7,,2,99,1,EURO,1,1,9834
GBR,2,1,8,,2,99,1,EURO,1,1,12854
GBR,2,1,9,,1,99,1,EURO,1,1,48464
GBR,2,2,0,,99,99,1,EURO,1,1,319
GBR,2,2,1,,3,99,1,EURO,1,1,12621
GBR,2,2,2,,3,99,1,EURO,1,1,17100
GBR,2,2,3,,3,99,1,EURO,1,1,22155
GBR,2,2,4,,2,99,1,EURO,1,1,38179
GBR,2,2,5,,2,99,1,EURO,1,1,13189
GBR,2,2,6,,2,99,1,EURO,1,1,58678
GBR,2,2,7,,2,99,1,EURO,1,1,29463
GBR,2,2,8,,2,99,1,EURO,1,1,34017
GBR,2,2,9,,1,99,1,EURO,1,1,108342
GBR,2,3,1,,3,0,1,EURO,1,1,36753
GBR,2,3,2,,3,0,1,EURO,1,1,160637
GBR,2,3,3,,3,0,1,EURO,1,1,90277
GBR,2,3,4,,2,1,1,EURO,1,1,62396
GBR,2,3,5,,2,1,1,EURO,1,1,6521
GBR,2,3,6,,2,1,1,EURO,1,1,55102
GBR,2,3,7,,2,1,1,EURO,1,1,25203
GBR,2,3,8,,2,1,1,EURO,1,1,12654
GBR,2,3,9,,1,1,1,EURO,1,1,51314
GBR,1,1,2,,3,99,1,NOAM,0,1,100
GBR,1,1,3,,3,99,1,NOAM,0,1,97
GBR,1,1,7,,2,99,1,NOAM,0,1,91
GBR,1,1,9,,1,99,1,NOAM,0,1,413
GBR,1,2,2,,3,99,1,NOAM,0,1,555
GBR,1,2,3,,3,99,1,NOAM,0,1,585
GBR,1,2,4,,2,99,1,NOAM,0,1,117
GBR,1,2,6,,2,99,1,NOAM,0,1,295
GBR,1,2,8,,2,99,1,NOAM,0,1,169
GBR,1,2,9,,1,99,1,NOAM,0,1,115
GBR,1,3,1,,3,0,1,NOAM,0,1,1724
GBR,1,3,2,,3,0,1,NOAM,0,1,5710
GBR,1,3,3,,3,0,1,NOAM,0,1,3738
GBR,1,3,5,,2,1,1,NOAM,0,1,289
GBR,1,3,7,,2,1,1,NOAM,0,1,330
GBR,1,3,9,,1,1,1,NOAM,0,1,311
GBR,2,1,4,,2,99,1,NOAM,0,1,465
GBR,2,1,7,,2,99,1,NOAM,0,1,62
GBR,2,2,1,,3,99,1,NOAM,0,1,119
GBR,2,2,3,,3,99,1,NOAM,0,1,876
GBR,2,2,4,,2,99,1,NOAM,0,1,354
GBR,2,2,6,,2,99,1,NOAM,0,1,195
GBR,2,2,7,,2,99,1,NOAM,0,1,143
GBR,2,3,1,,3,0,1,NOAM,0,1,1070
GBR,2,3,2,,3,0,1,NOAM,0,1,2951
GBR,2,3,3,,3,0,1,NOAM,0,1,2953
GBR,2,3,4,,2,1,1,NOAM,0,1,1979
GBR,2,3,6,,2,1,1,NOAM,0,1,377
GBR,2,3,7,,2,1,1,NOAM,0,1,106
GBR,2,3,8,,2,1,1,NOAM,0,1,199
GBR,1,1,1,,3,99,1,NOAM,1,1,640
GBR,1,1,2,,3,99,1,NOAM,1,1,691
GBR,1,1,3,,3,99,1,NOAM,1,1,186
GBR,1,1,5,,2,99,1,NOAM,1,1,438
GBR,1,1,8,,2,99,1,NOAM,1,1,116
GBR,1,1,9,,1,99,1,NOAM,1,1,190
GBR,1,2,0,,99,99,1,NOAM,1,1,187
GBR,1,2,1,,3,99,1,NOAM,1,1,1891
GBR,1,2,2,,3,99,1,NOAM,1,1,3424
GBR,1,2,3,,3,99,1,NOAM,1,1,5351
GBR,1,2,4,,2,99,1,NOAM,1,1,539
GBR,1,2,5,,2,99,1,NOAM,1,1,2450
GBR,1,2,7,,2,99,1,NOAM,1,1,166
GBR,1,2,8,,2,99,1,NOAM,1,1,724
GBR,1,2,9,,1,99,1,NOAM,1,1,400
GBR,1,3,0,,99,99,1,NOAM,1,1,194
GBR,1,3,1,,3,0,1,NOAM,1,1,12691
GBR,1,3,2,,3,0,1,NOAM,1,1,28132
GBR,1,3,3,,3,0,1,NOAM,1,1,11747
GBR,1,3,4,,2,1,1,NOAM,1,1,2366
GBR,1,3,5,,2,1,1,NOAM,1,1,3015
GBR,1,3,6,,2,1,1,NOAM,1,1,81
GBR,1,3,7,,2,1,1,NOAM,1,1,928
GBR,1,3,9,,1,1,1,NOAM,1,1,2150
GBR,2,1,1,,3,99,1,NOAM,1,1,739
GBR,2,1,2,,3,99,1,NOAM,1,1,716
GBR,2,1,3,,3,99,1,NOAM,1,1,485
GBR,2,1,4,,2,99,1,NOAM,1,1,423
GBR,2,1,5,,2,99,1,NOAM,1,1,559
GBR,2,1,6,,2,99,1,NOAM,1,1,724
GBR,2,1,7,,2,99,1,NOAM,1,1,367
GBR,2,1,9,,1,99,1,NOAM,1,1,632
GBR,2,2,1,,3,99,1,NOAM,1,1,1822
GBR,2,2,2,,3,99,1,NOAM,1,1,1058
GBR,2,2,3,,3,99,1,NOAM,1,1,2017
GBR,2,2,4,,2,99,1,NOAM,1,1,3027
GBR,2,2,6,,2,99,1,NOAM,1,1,2244
GBR,2,2,7,,2,99,1,NOAM,1,1,2013
GBR,2,2,8,,2,99,1,NOAM,1,1,230
GBR,2,2,9,,1,99,1,NOAM,1,1,1278
GBR,2,3,1,,3,0,1,NOAM,1,1,6713
GBR,2,3,2,,3,0,1,NOAM,1,1,24317
GBR,2,3,3,,3,0,1,NOAM,1,1,16637
GBR,2,3,4,,2,1,1,NOAM,1,1,4410
GBR,2,3,5,,2,1,1,NOAM,1,1,559
GBR,2,3,6,,2,1,1,NOAM,1,1,3407
GBR,2,3,7,,2,1,1,NOAM,1,1,730
GBR,2,3,9,,1,1,1,NOAM,1,1,1138
GBR,1,1,0,,99,99,1,OCEA,0,1,319
GBR,1,1,4,,2,99,1,OCEA,0,1,136
GBR,1,1,8,,2,99,1,OCEA,0,1,419
GBR,1,1,9,,1,99,1,OCEA,0,1,225
GBR,1,2,3,,3,99,1,OCEA,0,1,557
GBR,1,2,7,,2,99,1,OCEA,0,1,96
GBR,1,2,8,,2,99,1,OCEA,0,1,227
GBR,1,2,9,,1,99,1,OCEA,0,1,913
GBR,1,3,1,,3,0,1,OCEA,0,1,84
GBR,1,3,2,,3,0,1,OCEA,0,1,530
GBR,1,3,3,,3,0,1,OCEA,0,1,175
GBR,1,3,8,,2,1,1,OCEA,0,1,176
GBR,1,3,9,,1,1,1,OCEA,0,1,96
GBR,2,1,7,,2,99,1,OCEA,0,1,181
GBR,2,1,9,,1,99,1,OCEA,0,1,279
GBR,2,2,1,,3,99,1,OCEA,0,1,361
GBR,2,2,2,,3,99,1,OCEA,0,1,106
GBR,2,2,3,,3,99,1,OCEA,0,1,158
GBR,2,2,4,,2,99,1,OCEA,0,1,95
GBR,2,2,8,,2,99,1,OCEA,0,1,263
GBR,2,2,9,,1,99,1,OCEA,0,1,407
GBR,2,3,1,,3,0,1,OCEA,0,1,390
GBR,2,3,2,,3,0,1,OCEA,0,1,243
GBR,2,3,3,,3,0,1,OCEA,0,1,383
GBR,2,3,7,,2,1,1,OCEA,0,1,141
GBR,2,3,9,,1,1,1,OCEA,0,1,119
GBR,1,1,1,,3,99,1,OCEA,1,1,570
GBR,1,1,2,,3,99,1,OCEA,1,1,472
GBR,1,1,3,,3,99,1,OCEA,1,1,609
GBR,1,1,5,,2,99,1,OCEA,1,1,1229
GBR,1,1,6,,2,99,1,OCEA,1,1,255
GBR,1,1,7,,2,99,1,OCEA,1,1,384
GBR,1,1,8,,2,99,1,OCEA,1,1,360
GBR,1,1,9,,1,99,1,OCEA,1,1,752
GBR,1,2,1,,3,99,1,OCEA,1,1,4160
GBR,1,2,2,,3,99,1,OCEA,1,1,3819
GBR,1,2,3,,3,99,1,OCEA,1,1,3124
GBR,1,2,4,,2,99,1,OCEA,1,1,1890
GBR,1,2,5,,2,99,1,OCEA,1,1,4664
GBR,1,2,6,,2,99,1,OCEA,1,1,468
GBR,1,2,7,,2,99,1,OCEA,1,1,1723
GBR,1,2,8,,2,99,1,OCEA,1,1,1891
GBR,1,2,9,,1,99,1,OCEA,1,1,735
GBR,1,3,1,,3,0,1,OCEA,1,1,8270
GBR,1,3,2,,3,0,1,OCEA,1,1,22145
GBR,1,3,3,,3,0,1,OCEA,1,1,8238
GBR,1,3,4,,2,1,1,OCEA,1,1,626
GBR,1,3,5,,2,1,1,OCEA,1,1,726
GBR,1,3,6,,2,1,1,OCEA,1,1,1012
GBR,1,3,8,,2,1,1,OCEA,1,1,150
GBR,1,3,9,,1,1,1,OCEA,1,1,447
GBR,2,1,0,,99,99,1,OCEA,1,1,244
GBR,2,1,1,,3,99,1,OCEA,1,1,171
GBR,2,1,3,,3,99,1,OCEA,1,1,787
GBR,2,1,4,,2,99,1,OCEA,1,1,782
GBR,2,1,5,,2,99,1,OCEA,1,1,293
GBR,2,1,6,,2,99,1,OCEA,1,1,755
GBR,2,2,1,,3,99,1,OCEA,1,1,880
GBR,2,2,2,,3,99,1,OCEA,1,1,2098
GBR,2,2,3,,3,99,1,OCEA,1,1,3208
GBR,2,2,4,,2,99,1,OCEA,1,1,2551
GBR,2,2,5,,2,99,1,OCEA,1,1,448
GBR,2,2,6,,2,99,1,OCEA,1,1,1199
GBR,2,2,7,,2,99,1,OCEA,1,1,1140
GBR,2,2,9,,1,99,1,OCEA,1,1,1833
GBR,2,3,1,,3,0,1,OCEA,1,1,5578
GBR,2,3,2,,3,0,1,OCEA,1,1,21489
GBR,2,3,3,,3,0,1,OCEA,1,1,10450
GBR,2,3,4,,2,1,1,OCEA,1,1,3899
GBR,2,3,5,,2,1,1,OCEA,1,1,343
GBR,2,3,6,,2,1,1,OCEA,1,1,1674
GBR,2,3,7,,2,1,1,OCEA,1,1,872
GBR,2,3,8,,2,1,1,OCEA,1,1,256
GBR,2,3,9,,1,1,1,OCEA,1,1,923
GBR,1,1,1,,3,99,1,SCAC,0,1,1073
GBR,1,1,3,,3,99,1,SCAC,0,1,968
GBR,1,1,5,,2,99,1,SCAC,0,1,4010
GBR,1,1,6,,2,99,1,SCAC,0,1,2187
GBR,1,1,7,,2,99,1,SCAC,0,1,818
GBR,1,1,8,,2,99,1,SCAC,0,1,4354
GBR,1,1,9,,1,99,1,SCAC,0,1,5380
GBR,1,2,1,,3,99,1,SCAC,0,1,2865
GBR,1,2,2,,3,99,1,SCAC,0,1,3455
GBR,1,2,3,,3,99,1,SCAC,0,1,4702
GBR,1,2,4,,2,99,1,SCAC,0,1,1146
GBR,1,2,5,,2,99,1,SCAC,0,1,9006
GBR,1,2,6,,2,99,1,SCAC,0,1,5375
GBR,1,2,7,,2,99,1,SCAC,0,1,1038
GBR,1,2,8,,2,99,1,SCAC,0,1,4757
GBR,1,2,9,,1,99,1,SCAC,0,1,9452
GBR,1,3,1,,3,0,1,SCAC,0,1,5680
GBR,1,3,2,,3,0,1,SCAC,0,1,19279
GBR,1,3,3,,3,0,1,SCAC,0,1,5442
GBR,1,3,4,,2,1,1,SCAC,0,1,3216
GBR,1,3,5,,2,1,1,SCAC,0,1,2989
GBR,1,3,6,,2,1,1,SCAC,0,1,1422
GBR,1,3,7,,2,1,1,SCAC,0,1,1712
GBR,1,3,8,,2,1,1,SCAC,0,1,1843
GBR,1,3,9,,1,1,1,SCAC,0,1,2588
GBR,2,1,0,,99,99,1,SCAC,0,1,164
GBR,2,1,1,,3,99,1,SCAC,0,1,799
GBR,2,1,2,,3,99,1,SCAC,0,1,423
GBR,2,1,3,,3,99,1,SCAC,0,1,1517
GBR,2,1,4,,2,99,1,SCAC,0,1,2696
GBR,2,1,5,,2,99,1,SCAC,0,1,177
GBR,2,1,6,,2,99,1,SCAC,0,1,4235
GBR,2,1,7,,2,99,1,SCAC,0,1,1321
GBR,2,1,8,,2,99,1,SCAC,0,1,896
GBR,2,1,9,,1,99,1,SCAC,0,1,6991
GBR,2,2,0,,99,99,1,SCAC,0,1,77
GBR,2,2,1,,3,99,1,SCAC,0,1,1287
GBR,2,2,2,,3,99,1,SCAC,0,1,2519
GBR,2,2,3,,3,99,1,SCAC,0,1,2547
GBR,2,2,4,,2,99,1,SCAC,0,1,4488
GBR,2,2,5,,2,99,1,SCAC,0,1,1434
GBR,2,2,6,,2,99,1,SCAC,0,1,13014
GBR,2,2,7,,2,99,1,SCAC,0,1,3223
GBR,2,2,8,,2,99,1,SCAC,0,1,721
GBR,2,2,9,,1,99,1,SCAC,0,1,10805
GBR,2,3,1,,3,0,1,SCAC,0,1,4519
GBR,2,3,2,,3,0,1,SCAC,0,1,19675
GBR,2,3,3,,3,0,1,SCAC,0,1,6712
GBR,2,3,4,,2,1,1,SCAC,0,1,8518
GBR,2,3,5,,2,1,1,SCAC,0,1,449
GBR,2,3,6,,2,1,1,SCAC,0,1,9551
GBR,2,3,7,,2,1,1,SCAC,0,1,3597
GBR,2,3,8,,2,1,1,SCAC,0,1,162
GBR,2,3,9,,1,1,1,SCAC,0,1,2793
GBR,1,1,1,,3,99,1,SCAC,1,1,55
GBR,1,1,2,,3,99,1,SCAC,1,1,72
GBR,1,1,3,,3,99,1,SCAC,1,1,104
GBR,1,2,1,,3,99,1,SCAC,1,1,89
GBR,1,2,2,,3,99,1,SCAC,1,1,579
GBR,1,2,3,,3,99,1,SCAC,1,1,110
GBR,1,2,5,,2,99,1,SCAC,1,1,629
GBR,1,2,6,,2,99,1,SCAC,1,1,222
GBR,1,2,8,,2,99,1,SCAC,1,1,169
GBR,1,3,1,,3,0,1,SCAC,1,1,678
GBR,1,3,2,,3,0,1,SCAC,1,1,1707
GBR,1,3,3,,3,0,1,SCAC,1,1,1327
GBR,1,3,4,,2,1,1,SCAC,1,1,272
GBR,1,3,5,,2,1,1,SCAC,1,1,106
GBR,1,3,6,,2,1,1,SCAC,1,1,177
GBR,1,3,9,,1,1,1,SCAC,1,1,90
GBR,2,2,1,,3,99,1,SCAC,1,1,304
GBR,2,2,6,,2,99,1,SCAC,1,1,414
GBR,2,2,7,,2,99,1,SCAC,1,1,66
GBR,2,3,1,,3,0,1,SCAC,1,1,578
GBR,2,3,2,,3,0,1,SCAC,1,1,3772
GBR,2,3,3,,3,0,1,SCAC,1,1,1244
GBR,2,3,4,,2,1,1,SCAC,1,1,1195
GBR,2,3,6,,2,1,1,SCAC,1,1,140
GBR,2,3,7,,2,1,1,SCAC,1,1,177
GBR,1,1,0,,99,99,1,UNK,0,99,1051
GBR,1,1,1,,3,99,1,UNK,0,99,178
GBR,1,1,3,,3,99,1,UNK,0,99,150
GBR,1,1,5,,2,99,1,UNK,0,99,498
GBR,1,1,6,,2,99,1,UNK,0,99,193
GBR,1,1,8,,2,99,1,UNK,0,99,84
GBR,1,1,9,,1,99,1,UNK,0,99,821
GBR,1,2,1,,3,99,1,UNK,0,99,75
GBR,1,2,2,,3,99,1,UNK,0,99,138
GBR,1,2,7,,2,99,1,UNK,0,99,239
GBR,1,2,8,,2,99,1,UNK,0,99,890
GBR,1,2,9,,1,99,1,UNK,0,99,577
GBR,1,3,0,,99,99,1,UNK,0,99,288
GBR,1,3,1,,3,0,1,UNK,0,99,683
GBR,1,3,2,,3,0,1,UNK,0,99,279
GBR,1,3,3,,3,0,1,UNK,0,99,495
GBR,1,3,4,,2,1,1,UNK,0,99,239
GBR,1,3,5,,2,1,1,UNK,0,99,151
GBR,1,3,8,,2,1,1,UNK,0,99,287
GBR,1,3,9,,1,1,1,UNK,0,99,235
GBR,2,1,0,,99,99,1,UNK,0,99,215
GBR,2,1,2,,3,99,1,UNK,0,99,123
GBR,2,1,3,,3,99,1,UNK,0,99,401
GBR,2,1,4,,2,99,1,UNK,0,99,73
GBR,2,1,6,,2,99,1,UNK,0,99,295
GBR,2,1,9,,1,99,1,UNK,0,99,744
GBR,2,2,0,,99,99,1,UNK,0,99,115
GBR,2,2,2,,3,99,1,UNK,0,99,154
GBR,2,2,3,,3,99,1,UNK,0,99,210
GBR,2,2,6,,2,99,1,UNK,0,99,435
GBR,2,2,9,,1,99,1,UNK,0,99,519
GBR,2,3,2,,3,0,1,UNK,0,99,586
GBR,2,3,3,,3,0,1,UNK,0,99,85
GBR,2,3,4,,2,1,1,UNK,0,99,172
GBR,2,3,6,,2,1,1,UNK,0,99,377
GRC,1,1,0,,99,99,1,AFRI,0,1,8
GRC,1,1,1,,3,99,1,AFRI,0,1,83
GRC,1,1,2,,3,99,1,AFRI,0,1,13
GRC,1,1,3,,3,99,1,AFRI,0,1,60
GRC,1,1,4,,2,99,1,AFRI,0,1,70
GRC,1,1,5,,2,99,1,AFRI,0,1,691
GRC,1,1,6,,2,99,1,AFRI,0,1,816
GRC,1,1,7,,2,99,1,AFRI,0,1,969
GRC,1,1,8,,2,99,1,AFRI,0,1,188
GRC,1,1,9,,1,99,1,AFRI,0,1,1613
GRC,1,2,0,,99,99,1,AFRI,0,1,38
GRC,1,2,1,,3,99,1,AFRI,0,1,385
GRC,1,2,2,,3,99,1,AFRI,0,1,206
GRC,1,2,3,,3,99,1,AFRI,0,1,411
GRC,1,2,4,,2,99,1,AFRI,0,1,372
GRC,1,2,5,,2,99,1,AFRI,0,1,1290
GRC,1,2,6,,2,99,1,AFRI,0,1,184
GRC,1,2,7,,2,99,1,AFRI,0,1,1329
GRC,1,2,8,,2,99,1,AFRI,0,1,396
GRC,1,2,9,,1,99,1,AFRI,0,1,914
GRC,1,3,0,,99,99,1,AFRI,0,1,75
GRC,1,3,1,,3,0,1,AFRI,0,1,726
GRC,1,3,2,,3,0,1,AFRI,0,1,1908
GRC,1,3,3,,3,0,1,AFRI,0,1,600
GRC,1,3,4,,2,1,1,AFRI,0,1,309
GRC,1,3,5,,2,1,1,AFRI,0,1,724
GRC,1,3,6,,2,1,1,AFRI,0,1,58
GRC,1,3,7,,2,1,1,AFRI,0,1,598
GRC,1,3,8,,2,1,1,AFRI,0,1,142
GRC,1,3,9,,1,1,1,AFRI,0,1,276
GRC,2,1,1,,3,99,1,AFRI,0,1,27
GRC,2,1,2,,3,99,1,AFRI,0,1,5
GRC,2,1,3,,3,99,1,AFRI,0,1,17
GRC,2,1,4,,2,99,1,AFRI,0,1,39
GRC,2,1,5,,2,99,1,AFRI,0,1,381
GRC,2,1,6,,2,99,1,AFRI,0,1,23
GRC,2,1,7,,2,99,1,AFRI,0,1,39
GRC,2,1,8,,2,99,1,AFRI,0,1,26
GRC,2,1,9,,1,99,1,AFRI,0,1,577
GRC,2,2,0,,99,99,1,AFRI,0,1,14
GRC,2,2,1,,3,99,1,AFRI,0,1,248
GRC,2,2,2,,3,99,1,AFRI,0,1,266
GRC,2,2,3,,3,99,1,AFRI,0,1,402
GRC,2,2,4,,2,99,1,AFRI,0,1,677
GRC,2,2,5,,2,99,1,AFRI,0,1,1178
GRC,2,2,6,,2,99,1,AFRI,0,1,38
GRC,2,2,7,,2,99,1,AFRI,0,1,136
GRC,2,2,8,,2,99,1,AFRI,0,1,52
GRC,2,2,9,,1,99,1,AFRI,0,1,704
GRC,2,3,0,,99,99,1,AFRI,0,1,9
GRC,2,3,1,,3,0,1,AFRI,0,1,177
GRC,2,3,2,,3,0,1,AFRI,0,1,1520
GRC,2,3,3,,3,0,1,AFRI,0,1,332
GRC,2,3,4,,2,1,1,AFRI,0,1,305
GRC,2,3,5,,2,1,1,AFRI,0,1,334
GRC,2,3,6,,2,1,1,AFRI,0,1,18
GRC,2,3,7,,2,1,1,AFRI,0,1,43
GRC,2,3,8,,2,1,1,AFRI,0,1,19
GRC,2,3,9,,1,1,1,AFRI,0,1,112
GRC,1,1,0,,99,99,1,ASIA,0,1,36
GRC,1,1,1,,3,99,1,ASIA,0,1,332
GRC,1,1,2,,3,99,1,ASIA,0,1,49
GRC,1,1,3,,3,99,1,ASIA,0,1,156
GRC,1,1,4,,2,99,1,ASIA,0,1,509
GRC,1,1,5,,2,99,1,ASIA,0,1,4571
GRC,1,1,6,,2,99,1,ASIA,0,1,2892
GRC,1,1,7,,2,99,1,ASIA,0,1,8747
GRC,1,1,8,,2,99,1,ASIA,0,1,2274
GRC,1,1,9,,1,99,1,ASIA,0,1,12737
GRC,1,2,0,,99,99,1,ASIA,0,1,214
GRC,1,2,1,,3,99,1,ASIA,0,1,611
GRC,1,2,2,,3,99,1,ASIA,0,1,258
GRC,1,2,3,,3,99,1,ASIA,0,1,627
GRC,1,2,4,,2,99,1,ASIA,0,1,846
GRC,1,2,5,,2,99,1,ASIA,0,1,4215
GRC,1,2,6,,2,99,1,ASIA,0,1,727
GRC,1,2,7,,2,99,1,ASIA,0,1,6592
GRC,1,2,8,,2,99,1,ASIA,0,1,2817
GRC,1,2,9,,1,99,1,ASIA,0,1,4612
GRC,1,3,0,,99,99,1,ASIA,0,1,80
GRC,1,3,1,,3,0,1,ASIA,0,1,554
GRC,1,3,2,,3,0,1,ASIA,0,1,2270
GRC,1,3,3,,3,0,1,ASIA,0,1,590
GRC,1,3,4,,2,1,1,ASIA,0,1,399
GRC,1,3,5,,2,1,1,ASIA,0,1,1303
GRC,1,3,6,,2,1,1,ASIA,0,1,171
GRC,1,3,7,,2,1,1,ASIA,0,1,1685
GRC,1,3,8,,2,1,1,ASIA,0,1,674
GRC,1,3,9,,1,1,1,ASIA,0,1,1015
GRC,2,1,1,,3,99,1,ASIA,0,1,124
GRC,2,1,2,,3,99,1,ASIA,0,1,14
GRC,2,1,3,,3,99,1,ASIA,0,1,58
GRC,2,1,4,,2,99,1,ASIA,0,1,126
GRC,2,1,5,,2,99,1,ASIA,0,1,2315
GRC,2,1,6,,2,99,1,ASIA,0,1,246
GRC,2,1,7,,2,99,1,ASIA,0,1,376
GRC,2,1,8,,2,99,1,ASIA,0,1,255
GRC,2,1,9,,1,99,1,ASIA,0,1,5064
GRC,2,2,0,,99,99,1,ASIA,0,1,30
GRC,2,2,1,,3,99,1,ASIA,0,1,344
GRC,2,2,2,,3,99,1,ASIA,0,1,267
GRC,2,2,3,,3,99,1,ASIA,0,1,621
GRC,2,2,4,,2,99,1,ASIA,0,1,756
GRC,2,2,5,,2,99,1,ASIA,0,1,6197
GRC,2,2,6,,2,99,1,ASIA,0,1,294
GRC,2,2,7,,2,99,1,ASIA,0,1,763
GRC,2,2,8,,2,99,1,ASIA,0,1,544
GRC,2,2,9,,1,99,1,ASIA,0,1,9569
GRC,2,3,0,,99,99,1,ASIA,0,1,30
GRC,2,3,1,,3,0,1,ASIA,0,1,331
GRC,2,3,2,,3,0,1,ASIA,0,1,2751
GRC,2,3,3,,3,0,1,ASIA,0,1,647
GRC,2,3,4,,2,1,1,ASIA,0,1,630
GRC,2,3,5,,2,1,1,ASIA,0,1,2988
GRC,2,3,6,,2,1,1,ASIA,0,1,127
GRC,2,3,7,,2,1,1,ASIA,0,1,310
GRC,2,3,8,,2,1,1,ASIA,0,1,170
GRC,2,3,9,,1,1,1,ASIA,0,1,5513
GRC,1,1,1,,3,99,1,ASIA,1,1,1
GRC,1,1,5,,2,99,1,ASIA,1,1,3
GRC,1,1,7,,2,99,1,ASIA,1,1,8
GRC,1,1,8,,2,99,1,ASIA,1,1,1
GRC,1,1,9,,1,99,1,ASIA,1,1,6
GRC,1,2,0,,99,99,1,ASIA,1,1,1
GRC,1,2,1,,3,99,1,ASIA,1,1,8
GRC,1,2,2,,3,99,1,ASIA,1,1,5
GRC,1,2,3,,3,99,1,ASIA,1,1,14
GRC,1,2,4,,2,99,1,ASIA,1,1,9
GRC,1,2,5,,2,99,1,ASIA,1,1,17
GRC,1,2,6,,2,99,1,ASIA,1,1,3
GRC,1,2,7,,2,99,1,ASIA,1,1,12
GRC,1,2,8,,2,99,1,ASIA,1,1,4
GRC,1,2,9,,1,99,1,ASIA,1,1,5
GRC,1,3,0,,99,99,1,ASIA,1,1,1
GRC,1,3,1,,3,0,1,ASIA,1,1,36
GRC,1,3,2,,3,0,1,ASIA,1,1,101
GRC,1,3,3,,3,0,1,ASIA,1,1,29
GRC,1,3,4,,2,1,1,ASIA,1,1,11
GRC,1,3,5,,2,1,1,ASIA,1,1,21
GRC,1,3,6,,2,1,1,ASIA,1,1,2
GRC,1,3,7,,2,1,1,ASIA,1,1,8
GRC,1,3,8,,2,1,1,ASIA,1,1,1
GRC,1,3,9,,1,1,1,ASIA,1,1,1
GRC,2,1,1,,3,99,1,ASIA,1,1,2
GRC,2,1,3,,3,99,1,ASIA,1,1,1
GRC,2,1,4,,2,99,1,ASIA,1,1,1
GRC,2,1,5,,2,99,1,ASIA,1,1,4
GRC,2,1,6,,2,99,1,ASIA,1,1,1
GRC,2,1,7,,2,99,1,ASIA,1,1,1
GRC,2,1,8,,2,99,1,ASIA,1,1,2
GRC,2,2,0,,99,99,1,ASIA,1,1,2
GRC,2,2,1,,3,99,1,ASIA,1,1,5
GRC,2,2,2,,3,99,1,ASIA,1,1,12
GRC,2,2,3,,3,99,1,ASIA,1,1,11
GRC,2,2,4,,2,99,1,ASIA,1,1,9
GRC,2,2,5,,2,99,1,ASIA,1,1,33
GRC,2,2,6,,2,99,1,ASIA,1,1,4
GRC,2,2,7,,2,99,1,ASIA,1,1,4
GRC,2,2,8,,2,99,1,ASIA,1,1,1
GRC,2,2,9,,1,99,1,ASIA,1,1,3
GRC,2,3,0,,99,99,1,ASIA,1,1,1
GRC,2,3,1,,3,0,1,ASIA,1,1,17
GRC,2,3,2,,3,0,1,ASIA,1,1,76
GRC,2,3,3,,3,0,1,ASIA,1,1,15
GRC,2,3,4,,2,1,1,ASIA,1,1,17
GRC,2,3,5,,2,1,1,ASIA,1,1,18
GRC,2,3,6,,2,1,1,ASIA,1,1,2
GRC,2,3,7,,2,1,1,ASIA,1,1,3
GRC,2,3,9,,1,1,1,ASIA,1,1,2
GRC,1,1,0,,99,99,1,EURO,0,1,27
GRC,1,1,1,,3,99,1,EURO,0,1,1163
GRC,1,1,2,,3,99,1,EURO,0,1,93
GRC,1,1,3,,3,99,1,EURO,0,1,355
GRC,1,1,4,,2,99,1,EURO,0,1,1049
GRC,1,1,5,,2,99,1,EURO,0,1,6313
GRC,1,1,6,,2,99,1,EURO,0,1,14530
GRC,1,1,7,,2,99,1,EURO,0,1,32706
GRC,1,1,8,,2,99,1,EURO,0,1,4806
GRC,1,1,9,,1,99,1,EURO,0,1,28941
GRC,1,2,0,,99,99,1,EURO,0,1,126
GRC,1,2,1,,3,99,1,EURO,0,1,1802
GRC,1,2,2,,3,99,1,EURO,0,1,578
GRC,1,2,3,,3,99,1,EURO,0,1,1450
GRC,1,2,4,,2,99,1,EURO,0,1,2065
GRC,1,2,5,,2,99,1,EURO,0,1,9512
GRC,1,2,6,,2,99,1,EURO,0,1,4349
GRC,1,2,7,,2,99,1,EURO,0,1,28504
GRC,1,2,8,,2,99,1,EURO,0,1,5849
GRC,1,2,9,,1,99,1,EURO,0,1,11634
GRC,1,3,0,,99,99,1,EURO,0,1,330
GRC,1,3,1,,3,0,1,EURO,0,1,982
GRC,1,3,2,,3,0,1,EURO,0,1,4534
GRC,1,3,3,,3,0,1,EURO,0,1,1218
GRC,1,3,4,,2,1,1,EURO,0,1,731
GRC,1,3,5,,2,1,1,EURO,0,1,2126
GRC,1,3,6,,2,1,1,EURO,0,1,650
GRC,1,3,7,,2,1,1,EURO,0,1,3865
GRC,1,3,8,,2,1,1,EURO,0,1,807
GRC,1,3,9,,1,1,1,EURO,0,1,1408
GRC,2,1,0,,99,99,1,EURO,0,1,5
GRC,2,1,1,,3,99,1,EURO,0,1,445
GRC,2,1,2,,3,99,1,EURO,0,1,66
GRC,2,1,3,,3,99,1,EURO,0,1,190
GRC,2,1,4,,2,99,1,EURO,0,1,614
GRC,2,1,5,,2,99,1,EURO,0,1,10138
GRC,2,1,6,,2,99,1,EURO,0,1,4544
GRC,2,1,7,,2,99,1,EURO,0,1,1637
GRC,2,1,8,,2,99,1,EURO,0,1,840
GRC,2,1,9,,1,99,1,EURO,0,1,29648
GRC,2,2,0,,99,99,1,EURO,0,1,35
GRC,2,2,1,,3,99,1,EURO,0,1,1236
GRC,2,2,2,,3,99,1,EURO,0,1,653
GRC,2,2,3,,3,99,1,EURO,0,1,1628
GRC,2,2,4,,2,99,1,EURO,0,1,2248
GRC,2,2,5,,2,99,1,EURO,0,1,20939
GRC,2,2,6,,2,99,1,EURO,0,1,1803
GRC,2,2,7,,2,99,1,EURO,0,1,2378
GRC,2,2,8,,2,99,1,EURO,0,1,1122
GRC,2,2,9,,1,99,1,EURO,0,1,27346
GRC,2,3,0,,99,99,1,EURO,0,1,48
GRC,2,3,1,,3,0,1,EURO,0,1,911
GRC,2,3,2,,3,0,1,EURO,0,1,7394
GRC,2,3,3,,3,0,1,EURO,0,1,1865
GRC,2,3,4,,2,1,1,EURO,0,1,1784
GRC,2,3,5,,2,1,1,EURO,0,1,6241
GRC,2,3,6,,2,1,1,EURO,0,1,420
GRC,2,3,7,,2,1,1,EURO,0,1,590
GRC,2,3,8,,2,1,1,EURO,0,1,253
GRC,2,3,9,,1,1,1,EURO,0,1,7974
GRC,1,1,0,,99,99,1,EURO,1,0,2455
GRC,1,1,1,,3,99,1,EURO,1,0,27614
GRC,1,1,2,,3,99,1,EURO,1,0,3325
GRC,1,1,3,,3,99,1,EURO,1,0,8034
GRC,1,1,4,,2,99,1,EURO,1,0,12090
GRC,1,1,5,,2,99,1,EURO,1,0,73963
GRC,1,1,6,,2,99,1,EURO,1,0,131293
GRC,1,1,7,,2,99,1,EURO,1,0,114728
GRC,1,1,8,,2,99,1,EURO,1,0,74505
GRC,1,1,9,,1,99,1,EURO,1,0,48780
GRC,1,2,0,,99,99,1,EURO,1,0,28932
GRC,1,2,1,,3,99,1,EURO,1,0,60142
GRC,1,2,2,,3,99,1,EURO,1,0,27792
GRC,1,2,3,,3,99,1,EURO,1,0,70701
GRC,1,2,4,,2,99,1,EURO,1,0,59587
GRC,1,2,5,,2,99,1,EURO,1,0,191159
GRC,1,2,6,,2,99,1,EURO,1,0,50954
GRC,1,2,7,,2,99,1,EURO,1,0,153732
GRC,1,2,8,,2,99,1,EURO,1,0,94517
GRC,1,2,9,,1,99,1,EURO,1,0,40074
GRC,1,3,0,,99,99,1,EURO,1,0,25169
GRC,1,3,1,,3,0,1,EURO,1,0,45020
GRC,1,3,2,,3,0,1,EURO,1,0,244495
GRC,1,3,3,,3,0,1,EURO,1,0,72400
GRC,1,3,4,,2,1,1,EURO,1,0,28680
GRC,1,3,5,,2,1,1,EURO,1,0,60103
GRC,1,3,6,,2,1,1,EURO,1,0,6718
GRC,1,3,7,,2,1,1,EURO,1,0,29894
GRC,1,3,8,,2,1,1,EURO,1,0,10471
GRC,1,3,9,,1,1,1,EURO,1,0,6006
GRC,2,1,0,,99,99,1,EURO,1,0,97
GRC,2,1,1,,3,99,1,EURO,1,0,12739
GRC,2,1,2,,3,99,1,EURO,1,0,598
GRC,2,1,3,,3,99,1,EURO,1,0,4116
GRC,2,1,4,,2,99,1,EURO,1,0,8908
GRC,2,1,5,,2,99,1,EURO,1,0,71610
GRC,2,1,6,,2,99,1,EURO,1,0,61287
GRC,2,1,7,,2,99,1,EURO,1,0,13455
GRC,2,1,8,,2,99,1,EURO,1,0,8313
GRC,2,1,9,,1,99,1,EURO,1,0,54500
GRC,2,2,0,,99,99,1,EURO,1,0,4516
GRC,2,2,1,,3,99,1,EURO,1,0,26674
GRC,2,2,2,,3,99,1,EURO,1,0,29134
GRC,2,2,3,,3,99,1,EURO,1,0,76996
GRC,2,2,4,,2,99,1,EURO,1,0,94983
GRC,2,2,5,,2,99,1,EURO,1,0,197676
GRC,2,2,6,,2,99,1,EURO,1,0,20882
GRC,2,2,7,,2,99,1,EURO,1,0,17471
GRC,2,2,8,,2,99,1,EURO,1,0,9173
GRC,2,2,9,,1,99,1,EURO,1,0,29551
GRC,2,3,0,,99,99,1,EURO,1,0,4227
GRC,2,3,1,,3,0,1,EURO,1,0,18860
GRC,2,3,2,,3,0,1,EURO,1,0,295261
GRC,2,3,3,,3,0,1,EURO,1,0,62248
GRC,2,3,4,,2,1,1,EURO,1,0,53045
GRC,2,3,5,,2,1,1,EURO,1,0,43316
GRC,2,3,6,,2,1,1,EURO,1,0,2489
GRC,2,3,7,,2,1,1,EURO,1,0,4574
GRC,2,3,8,,2,1,1,EURO,1,0,1488
GRC,2,3,9,,1,1,1,EURO,1,0,5345
GRC,1,1,0,,99,99,1,EURO,1,1,75
GRC,1,1,1,,3,99,1,EURO,1,1,588
GRC,1,1,2,,3,99,1,EURO,1,1,67
GRC,1,1,3,,3,99,1,EURO,1,1,216
GRC,1,1,4,,2,99,1,EURO,1,1,339
GRC,1,1,5,,2,99,1,EURO,1,1,1698
GRC,1,1,6,,2,99,1,EURO,1,1,825
GRC,1,1,7,,2,99,1,EURO,1,1,2380
GRC,1,1,8,,2,99,1,EURO,1,1,1599
GRC,1,1,9,,1,99,1,EURO,1,1,967
GRC,1,2,0,,99,99,1,EURO,1,1,932
GRC,1,2,1,,3,99,1,EURO,1,1,2374
GRC,1,2,2,,3,99,1,EURO,1,1,1198
GRC,1,2,3,,3,99,1,EURO,1,1,2346
GRC,1,2,4,,2,99,1,EURO,1,1,1926
GRC,1,2,5,,2,99,1,EURO,1,1,7164
GRC,1,2,6,,2,99,1,EURO,1,1,961
GRC,1,2,7,,2,99,1,EURO,1,1,6019
GRC,1,2,8,,2,99,1,EURO,1,1,3615
GRC,1,2,9,,1,99,1,EURO,1,1,1624
GRC,1,3,0,,99,99,1,EURO,1,1,655
GRC,1,3,1,,3,0,1,EURO,1,1,1913
GRC,1,3,2,,3,0,1,EURO,1,1,8165
GRC,1,3,3,,3,0,1,EURO,1,1,2448
GRC,1,3,4,,2,1,1,EURO,1,1,1066
GRC,1,3,5,,2,1,1,EURO,1,1,2318
GRC,1,3,6,,2,1,1,EURO,1,1,151
GRC,1,3,7,,2,1,1,EURO,1,1,1239
GRC,1,3,8,,2,1,1,EURO,1,1,461
GRC,1,3,9,,1,1,1,EURO,1,1,270
GRC,2,1,0,,99,99,1,EURO,1,1,4
GRC,2,1,1,,3,99,1,EURO,1,1,362
GRC,2,1,2,,3,99,1,EURO,1,1,33
GRC,2,1,3,,3,99,1,EURO,1,1,129
GRC,2,1,4,,2,99,1,EURO,1,1,336
GRC,2,1,5,,2,99,1,EURO,1,1,2496
GRC,2,1,6,,2,99,1,EURO,1,1,684
GRC,2,1,7,,2,99,1,EURO,1,1,351
GRC,2,1,8,,2,99,1,EURO,1,1,245
GRC,2,1,9,,1,99,1,EURO,1,1,1578
GRC,2,2,0,,99,99,1,EURO,1,1,131
GRC,2,2,1,,3,99,1,EURO,1,1,1684
GRC,2,2,2,,3,99,1,EURO,1,1,1615
GRC,2,2,3,,3,99,1,EURO,1,1,2948
GRC,2,2,4,,2,99,1,EURO,1,1,4398
GRC,2,2,5,,2,99,1,EURO,1,1,11208
GRC,2,2,6,,2,99,1,EURO,1,1,919
GRC,2,2,7,,2,99,1,EURO,1,1,932
GRC,2,2,8,,2,99,1,EURO,1,1,505
GRC,2,2,9,,1,99,1,EURO,1,1,2990
GRC,2,3,0,,99,99,1,EURO,1,1,89
GRC,2,3,1,,3,0,1,EURO,1,1,1255
GRC,2,3,2,,3,0,1,EURO,1,1,13969
GRC,2,3,3,,3,0,1,EURO,1,1,2588
GRC,2,3,4,,2,1,1,EURO,1,1,2795
GRC,2,3,5,,2,1,1,EURO,1,1,2939
GRC,2,3,6,,2,1,1,EURO,1,1,214
GRC,2,3,7,,2,1,1,EURO,1,1,301
GRC,2,3,8,,2,1,1,EURO,1,1,110
GRC,2,3,9,,1,1,1,EURO,1,1,658
GRC,1,1,0,,99,99,1,NOAM,1,1,13
GRC,1,1,1,,3,99,1,NOAM,1,1,71
GRC,1,1,2,,3,99,1,NOAM,1,1,6
GRC,1,1,3,,3,99,1,NOAM,1,1,19
GRC,1,1,4,,2,99,1,NOAM,1,1,25
GRC,1,1,5,,2,99,1,NOAM,1,1,191
GRC,1,1,6,,2,99,1,NOAM,1,1,103
GRC,1,1,7,,2,99,1,NOAM,1,1,190
GRC,1,1,8,,2,99,1,NOAM,1,1,99
GRC,1,1,9,,1,99,1,NOAM,1,1,90
GRC,1,2,0,,99,99,1,NOAM,1,1,105
GRC,1,2,1,,3,99,1,NOAM,1,1,452
GRC,1,2,2,,3,99,1,NOAM,1,1,218
GRC,1,2,3,,3,99,1,NOAM,1,1,382
GRC,1,2,4,,2,99,1,NOAM,1,1,336
GRC,1,2,5,,2,99,1,NOAM,1,1,1163
GRC,1,2,6,,2,99,1,NOAM,1,1,146
GRC,1,2,7,,2,99,1,NOAM,1,1,635
GRC,1,2,8,,2,99,1,NOAM,1,1,372
GRC,1,2,9,,1,99,1,NOAM,1,1,224
GRC,1,3,0,,99,99,1,NOAM,1,1,89
GRC,1,3,1,,3,0,1,NOAM,1,1,428
GRC,1,3,2,,3,0,1,NOAM,1,1,1638
GRC,1,3,3,,3,0,1,NOAM,1,1,504
GRC,1,3,4,,2,1,1,NOAM,1,1,235
GRC,1,3,5,,2,1,1,NOAM,1,1,418
GRC,1,3,6,,2,1,1,NOAM,1,1,33
GRC,1,3,7,,2,1,1,NOAM,1,1,189
GRC,1,3,8,,2,1,1,NOAM,1,1,67
GRC,1,3,9,,1,1,1,NOAM,1,1,40
GRC,2,1,1,,3,99,1,NOAM,1,1,26
GRC,2,1,2,,3,99,1,NOAM,1,1,1
GRC,2,1,3,,3,99,1,NOAM,1,1,10
GRC,2,1,4,,2,99,1,NOAM,1,1,26
GRC,2,1,5,,2,99,1,NOAM,1,1,185
GRC,2,1,6,,2,99,1,NOAM,1,1,42
GRC,2,1,7,,2,99,1,NOAM,1,1,15
GRC,2,1,8,,2,99,1,NOAM,1,1,12
GRC,2,1,9,,1,99,1,NOAM,1,1,73
GRC,2,2,0,,99,99,1,NOAM,1,1,24
GRC,2,2,1,,3,99,1,NOAM,1,1,282
GRC,2,2,2,,3,99,1,NOAM,1,1,654
GRC,2,2,3,,3,99,1,NOAM,1,1,523
GRC,2,2,4,,2,99,1,NOAM,1,1,830
GRC,2,2,5,,2,99,1,NOAM,1,1,1526
GRC,2,2,6,,2,99,1,NOAM,1,1,120
GRC,2,2,7,,2,99,1,NOAM,1,1,130
GRC,2,2,8,,2,99,1,NOAM,1,1,52
GRC,2,2,9,,1,99,1,NOAM,1,1,139
GRC,2,3,0,,99,99,1,NOAM,1,1,33
GRC,2,3,1,,3,0,1,NOAM,1,1,336
GRC,2,3,2,,3,0,1,NOAM,1,1,3033
GRC,2,3,3,,3,0,1,NOAM,1,1,592
GRC,2,3,4,,2,1,1,NOAM,1,1,657
GRC,2,3,5,,2,1,1,NOAM,1,1,462
GRC,2,3,6,,2,1,1,NOAM,1,1,41
GRC,2,3,7,,2,1,1,NOAM,1,1,55
GRC,2,3,8,,2,1,1,NOAM,1,1,26
GRC,2,3,9,,1,1,1,NOAM,1,1,53
GRC,1,1,3,,3,99,1,OCEA,0,1,1
GRC,1,1,4,,2,99,1,OCEA,0,1,1
GRC,1,1,5,,2,99,1,OCEA,0,1,9
GRC,1,1,6,,2,99,1,OCEA,0,1,2
GRC,1,1,7,,2,99,1,OCEA,0,1,16
GRC,1,1,8,,2,99,1,OCEA,0,1,2
GRC,1,1,9,,1,99,1,OCEA,0,1,15
GRC,1,2,0,,99,99,1,OCEA,0,1,2
GRC,1,2,2,,3,99,1,OCEA,0,1,3
GRC,1,2,3,,3,99,1,OCEA,0,1,2
GRC,1,2,4,,2,99,1,OCEA,0,1,3
GRC,1,2,5,,2,99,1,OCEA,0,1,4
GRC,1,2,6,,2,99,1,OCEA,0,1,2
GRC,1,2,7,,2,99,1,OCEA,0,1,8
GRC,1,2,8,,2,99,1,OCEA,0,1,3
GRC,1,2,9,,1,99,1,OCEA,0,1,8
GRC,1,3,1,,3,0,1,OCEA,0,1,10
GRC,1,3,2,,3,0,1,OCEA,0,1,28
GRC,1,3,3,,3,0,1,OCEA,0,1,1
GRC,1,3,4,,2,1,1,OCEA,0,1,2
GRC,1,3,5,,2,1,1,OCEA,0,1,4
GRC,1,3,7,,2,1,1,OCEA,0,1,3
GRC,1,3,8,,2,1,1,OCEA,0,1,1
GRC,1,3,9,,1,1,1,OCEA,0,1,3
GRC,2,1,4,,2,99,1,OCEA,0,1,1
GRC,2,1,9,,1,99,1,OCEA,0,1,1
GRC,2,2,1,,3,99,1,OCEA,0,1,1
GRC,2,2,2,,3,99,1,OCEA,0,1,1
GRC,2,2,4,,2,99,1,OCEA,0,1,1
GRC,2,2,5,,2,99,1,OCEA,0,1,4
GRC,2,2,9,,1,99,1,OCEA,0,1,1
GRC,2,3,2,,3,0,1,OCEA,0,1,6
GRC,2,3,3,,3,0,1,OCEA,0,1,1
GRC,2,3,4,,2,1,1,OCEA,0,1,1
GRC,2,3,5,,2,1,1,OCEA,0,1,2
GRC,1,1,0,,99,99,1,OCEA,1,1,8
GRC,1,1,1,,3,99,1,OCEA,1,1,90
GRC,1,1,2,,3,99,1,OCEA,1,1,5
GRC,1,1,3,,3,99,1,OCEA,1,1,30
GRC,1,1,4,,2,99,1,OCEA,1,1,51
GRC,1,1,5,,2,99,1,OCEA,1,1,207
GRC,1,1,6,,2,99,1,OCEA,1,1,144
GRC,1,1,7,,2,99,1,OCEA,1,1,250
GRC,1,1,8,,2,99,1,OCEA,1,1,229
GRC,1,1,9,,1,99,1,OCEA,1,1,104
GRC,1,2,0,,99,99,1,OCEA,1,1,74
GRC,1,2,1,,3,99,1,OCEA,1,1,325
GRC,1,2,2,,3,99,1,OCEA,1,1,173
GRC,1,2,3,,3,99,1,OCEA,1,1,327
GRC,1,2,4,,2,99,1,OCEA,1,1,296
GRC,1,2,5,,2,99,1,OCEA,1,1,978
GRC,1,2,6,,2,99,1,OCEA,1,1,157
GRC,1,2,7,,2,99,1,OCEA,1,1,575
GRC,1,2,8,,2,99,1,OCEA,1,1,510
GRC,1,2,9,,1,99,1,OCEA,1,1,142
GRC,1,3,0,,99,99,1,OCEA,1,1,88
GRC,1,3,1,,3,0,1,OCEA,1,1,218
GRC,1,3,2,,3,0,1,OCEA,1,1,932
GRC,1,3,3,,3,0,1,OCEA,1,1,336
GRC,1,3,4,,2,1,1,OCEA,1,1,118
GRC,1,3,5,,2,1,1,OCEA,1,1,244
GRC,1,3,6,,2,1,1,OCEA,1,1,17
GRC,1,3,7,,2,1,1,OCEA,1,1,150
GRC,1,3,8,,2,1,1,OCEA,1,1,59
GRC,1,3,9,,1,1,1,OCEA,1,1,34
GRC,2,1,1,,3,99,1,OCEA,1,1,47
GRC,2,1,2,,3,99,1,OCEA,1,1,4
GRC,2,1,3,,3,99,1,OCEA,1,1,13
GRC,2,1,4,,2,99,1,OCEA,1,1,41
GRC,2,1,5,,2,99,1,OCEA,1,1,296
GRC,2,1,6,,2,99,1,OCEA,1,1,76
GRC,2,1,7,,2,99,1,OCEA,1,1,44
GRC,2,1,8,,2,99,1,OCEA,1,1,22
GRC,2,1,9,,1,99,1,OCEA,1,1,133
GRC,2,2,0,,99,99,1,OCEA,1,1,18
GRC,2,2,1,,3,99,1,OCEA,1,1,227
GRC,2,2,2,,3,99,1,OCEA,1,1,430
GRC,2,2,3,,3,99,1,OCEA,1,1,435
GRC,2,2,4,,2,99,1,OCEA,1,1,639
GRC,2,2,5,,2,99,1,OCEA,1,1,1237
GRC,2,2,6,,2,99,1,OCEA,1,1,118
GRC,2,2,7,,2,99,1,OCEA,1,1,102
GRC,2,2,8,,2,99,1,OCEA,1,1,52
GRC,2,2,9,,1,99,1,OCEA,1,1,174
GRC,2,3,0,,99,99,1,OCEA,1,1,16
GRC,2,3,1,,3,0,1,OCEA,1,1,128
GRC,2,3,2,,3,0,1,OCEA,1,1,1605
GRC,2,3,3,,3,0,1,OCEA,1,1,282
GRC,2,3,4,,2,1,1,OCEA,1,1,249
GRC,2,3,5,,2,1,1,OCEA,1,1,216
GRC,2,3,6,,2,1,1,OCEA,1,1,16
GRC,2,3,7,,2,1,1,OCEA,1,1,21
GRC,2,3,8,,2,1,1,OCEA,1,1,8
GRC,2,3,9,,1,1,1,OCEA,1,1,32
GRC,1,1,1,,3,99,1,SCAC,0,1,8
GRC,1,1,2,,3,99,1,SCAC,0,1,2
GRC,1,1,3,,3,99,1,SCAC,0,1,18
GRC,1,1,4,,2,99,1,SCAC,0,1,8
GRC,1,1,5,,2,99,1,SCAC,0,1,38
GRC,1,1,6,,2,99,1,SCAC,0,1,3
GRC,1,1,7,,2,99,1,SCAC,0,1,34
GRC,1,1,8,,2,99,1,SCAC,0,1,35
GRC,1,1,9,,1,99,1,SCAC,0,1,18
GRC,1,2,0,,99,99,1,SCAC,0,1,9
GRC,1,2,1,,3,99,1,SCAC,0,1,65
GRC,1,2,2,,3,99,1,SCAC,0,1,56
GRC,1,2,3,,3,99,1,SCAC,0,1,86
GRC,1,2,4,,2,99,1,SCAC,0,1,55
GRC,1,2,5,,2,99,1,SCAC,0,1,152
GRC,1,2,6,,2,99,1,SCAC,0,1,14
GRC,1,2,7,,2,99,1,SCAC,0,1,107
GRC,1,2,8,,2,99,1,SCAC,0,1,56
GRC,1,2,9,,1,99,1,SCAC,0,1,38
GRC,1,3,0,,99,99,1,SCAC,0,1,10
GRC,1,3,1,,3,0,1,SCAC,0,1,66
GRC,1,3,2,,3,0,1,SCAC,0,1,209
GRC,1,3,3,,3,0,1,SCAC,0,1,79
GRC,1,3,4,,2,1,1,SCAC,0,1,34
GRC,1,3,5,,2,1,1,SCAC,0,1,57
GRC,1,3,6,,2,1,1,SCAC,0,1,5
GRC,1,3,7,,2,1,1,SCAC,0,1,35
GRC,1,3,8,,2,1,1,SCAC,0,1,10
GRC,1,3,9,,1,1,1,SCAC,0,1,13
GRC,2,1,1,,3,99,1,SCAC,0,1,12
GRC,2,1,2,,3,99,1,SCAC,0,1,5
GRC,2,1,3,,3,99,1,SCAC,0,1,3
GRC,2,1,4,,2,99,1,SCAC,0,1,10
GRC,2,1,5,,2,99,1,SCAC,0,1,105
GRC,2,1,6,,2,99,1,SCAC,0,1,7
GRC,2,1,7,,2,99,1,SCAC,0,1,11
GRC,2,1,8,,2,99,1,SCAC,0,1,1
GRC,2,1,9,,1,99,1,SCAC,0,1,100
GRC,2,2,0,,99,99,1,SCAC,0,1,1
GRC,2,2,1,,3,99,1,SCAC,0,1,49
GRC,2,2,2,,3,99,1,SCAC,0,1,65
GRC,2,2,3,,3,99,1,SCAC,0,1,78
GRC,2,2,4,,2,99,1,SCAC,0,1,92
GRC,2,2,5,,2,99,1,SCAC,0,1,336
GRC,2,2,6,,2,99,1,SCAC,0,1,19
GRC,2,2,7,,2,99,1,SCAC,0,1,18
GRC,2,2,8,,2,99,1,SCAC,0,1,17
GRC,2,2,9,,1,99,1,SCAC,0,1,134
GRC,2,3,0,,99,99,1,SCAC,0,1,2
GRC,2,3,1,,3,0,1,SCAC,0,1,51
GRC,2,3,2,,3,0,1,SCAC,0,1,343
GRC,2,3,3,,3,0,1,SCAC,0,1,70
GRC,2,3,4,,2,1,1,SCAC,0,1,83
GRC,2,3,5,,2,1,1,SCAC,0,1,118
GRC,2,3,6,,2,1,1,SCAC,0,1,2
GRC,2,3,7,,2,1,1,SCAC,0,1,5
GRC,2,3,8,,2,1,1,SCAC,0,1,4
GRC,2,3,9,,1,1,1,SCAC,0,1,21
GRC,1,1,0,,99,99,1,SCAC,1,1,1
GRC,1,1,2,,3,99,1,SCAC,1,1,1
GRC,1,1,3,,3,99,1,SCAC,1,1,3
GRC,1,1,5,,2,99,1,SCAC,1,1,4
GRC,1,1,6,,2,99,1,SCAC,1,1,1
GRC,1,1,7,,2,99,1,SCAC,1,1,6
GRC,1,1,8,,2,99,1,SCAC,1,1,1
GRC,1,1,9,,1,99,1,SCAC,1,1,2
GRC,1,2,0,,99,99,1,SCAC,1,1,1
GRC,1,2,1,,3,99,1,SCAC,1,1,3
GRC,1,2,2,,3,99,1,SCAC,1,1,5
GRC,1,2,3,,3,99,1,SCAC,1,1,5
GRC,1,2,4,,2,99,1,SCAC,1,1,1
GRC,1,2,5,,2,99,1,SCAC,1,1,10
GRC,1,2,6,,2,99,1,SCAC,1,1,1
GRC,1,2,7,,2,99,1,SCAC,1,1,9
GRC,1,2,8,,2,99,1,SCAC,1,1,12
GRC,1,2,9,,1,99,1,SCAC,1,1,3
GRC,1,3,1,,3,0,1,SCAC,1,1,6
GRC,1,3,2,,3,0,1,SCAC,1,1,25
GRC,1,3,3,,3,0,1,SCAC,1,1,8
GRC,1,3,4,,2,1,1,SCAC,1,1,2
GRC,1,3,5,,2,1,1,SCAC,1,1,4
GRC,1,3,7,,2,1,1,SCAC,1,1,1
GRC,1,3,8,,2,1,1,SCAC,1,1,1
GRC,2,1,1,,3,99,1,SCAC,1,1,1
GRC,2,1,3,,3,99,1,SCAC,1,1,1
GRC,2,1,4,,2,99,1,SCAC,1,1,2
GRC,2,1,5,,2,99,1,SCAC,1,1,7
GRC,2,1,6,,2,99,1,SCAC,1,1,3
GRC,2,1,7,,2,99,1,SCAC,1,1,1
GRC,2,1,8,,2,99,1,SCAC,1,1,1
GRC,2,1,9,,1,99,1,SCAC,1,1,5
GRC,2,2,1,,3,99,1,SCAC,1,1,10
GRC,2,2,2,,3,99,1,SCAC,1,1,3
GRC,2,2,3,,3,99,1,SCAC,1,1,8
GRC,2,2,4,,2,99,1,SCAC,1,1,7
GRC,2,2,5,,2,99,1,SCAC,1,1,32
GRC,2,2,6,,2,99,1,SCAC,1,1,3
GRC,2,2,7,,2,99,1,SCAC,1,1,1
GRC,2,2,8,,2,99,1,SCAC,1,1,1
GRC,2,2,9,,1,99,1,SCAC,1,1,19
GRC,2,3,1,,3,0,1,SCAC,1,1,10
GRC,2,3,2,,3,0,1,SCAC,1,1,42
GRC,2,3,3,,3,0,1,SCAC,1,1,5
GRC,2,3,4,,2,1,1,SCAC,1,1,11
GRC,2,3,5,,2,1,1,SCAC,1,1,16
GRC,2,3,6,,2,1,1,SCAC,1,1,1
GRC,2,3,7,,2,1,1,SCAC,1,1,3
GRC,2,3,9,,1,1,1,SCAC,1,1,3
HUN,1,1,2,,3,99,1,AFRI,0,1,4
HUN,1,1,3,,3,99,1,AFRI,0,1,15
HUN,1,1,4,,2,99,1,AFRI,0,1,8
HUN,1,1,5,,2,99,1,AFRI,0,1,44
HUN,1,1,6,,2,99,1,AFRI,0,1,2
HUN,1,1,7,,2,99,1,AFRI,0,1,26
HUN,1,1,8,,2,99,1,AFRI,0,1,32
HUN,1,1,9,,1,99,1,AFRI,0,1,68
HUN,1,2,0,,99,99,1,AFRI,0,1,2
HUN,1,2,1,,3,99,1,AFRI,0,1,49
HUN,1,2,2,,3,99,1,AFRI,0,1,101
HUN,1,2,3,,3,99,1,AFRI,0,1,217
HUN,1,2,4,,2,99,1,AFRI,0,1,97
HUN,1,2,5,,2,99,1,AFRI,0,1,377
HUN,1,2,6,,2,99,1,AFRI,0,1,22
HUN,1,2,7,,2,99,1,AFRI,0,1,208
HUN,1,2,8,,2,99,1,AFRI,0,1,117
HUN,1,2,9,,1,99,1,AFRI,0,1,162
HUN,1,3,0,,99,99,1,AFRI,0,1,2
HUN,1,3,1,,3,0,1,AFRI,0,1,202
HUN,1,3,2,,3,0,1,AFRI,0,1,717
HUN,1,3,3,,3,0,1,AFRI,0,1,236
HUN,1,3,4,,2,1,1,AFRI,0,1,63
HUN,1,3,5,,2,1,1,AFRI,0,1,224
HUN,1,3,6,,2,1,1,AFRI,0,1,6
HUN,1,3,7,,2,1,1,AFRI,0,1,27
HUN,1,3,8,,2,1,1,AFRI,0,1,18
HUN,1,3,9,,1,1,1,AFRI,0,1,40
HUN,2,1,2,,3,99,1,AFRI,0,1,2
HUN,2,1,3,,3,99,1,AFRI,0,1,4
HUN,2,1,4,,2,99,1,AFRI,0,1,2
HUN,2,1,5,,2,99,1,AFRI,0,1,22
HUN,2,1,6,,2,99,1,AFRI,0,1,4
HUN,2,1,8,,2,99,1,AFRI,0,1,11
HUN,2,1,9,,1,99,1,AFRI,0,1,20
HUN,2,2,1,,3,99,1,AFRI,0,1,12
HUN,2,2,2,,3,99,1,AFRI,0,1,20
HUN,2,2,3,,3,99,1,AFRI,0,1,122
HUN,2,2,4,,2,99,1,AFRI,0,1,67
HUN,2,2,5,,2,99,1,AFRI,0,1,89
HUN,2,2,6,,2,99,1,AFRI,0,1,7
HUN,2,2,7,,2,99,1,AFRI,0,1,11
HUN,2,2,8,,2,99,1,AFRI,0,1,18
HUN,2,2,9,,1,99,1,AFRI,0,1,48
HUN,2,3,1,,3,0,1,AFRI,0,1,37
HUN,2,3,2,,3,0,1,AFRI,0,1,222
HUN,2,3,3,,3,0,1,AFRI,0,1,73
HUN,2,3,4,,2,1,1,AFRI,0,1,28
HUN,2,3,5,,2,1,1,AFRI,0,1,23
HUN,2,3,6,,2,1,1,AFRI,0,1,2
HUN,2,3,7,,2,1,1,AFRI,0,1,4
HUN,2,3,9,,1,1,1,AFRI,0,1,9
HUN,1,1,0,,99,99,1,ASIA,0,1,2
HUN,1,1,1,,3,99,1,ASIA,0,1,97
HUN,1,1,2,,3,99,1,ASIA,0,1,8
HUN,1,1,3,,3,99,1,ASIA,0,1,71
HUN,1,1,4,,2,99,1,ASIA,0,1,42
HUN,1,1,5,,2,99,1,ASIA,0,1,1600
HUN,1,1,6,,2,99,1,ASIA,0,1,19
HUN,1,1,7,,2,99,1,ASIA,0,1,111
HUN,1,1,8,,2,99,1,ASIA,0,1,113
HUN,1,1,9,,1,99,1,ASIA,0,1,235
HUN,1,2,0,,99,99,1,ASIA,0,1,10
HUN,1,2,1,,3,99,1,ASIA,0,1,408
HUN,1,2,2,,3,99,1,ASIA,0,1,212
HUN,1,2,3,,3,99,1,ASIA,0,1,670
HUN,1,2,4,,2,99,1,ASIA,0,1,251
HUN,1,2,5,,2,99,1,ASIA,0,1,3730
HUN,1,2,6,,2,99,1,ASIA,0,1,53
HUN,1,2,7,,2,99,1,ASIA,0,1,624
HUN,1,2,8,,2,99,1,ASIA,0,1,380
HUN,1,2,9,,1,99,1,ASIA,0,1,463
HUN,1,3,0,,99,99,1,ASIA,0,1,6
HUN,1,3,1,,3,0,1,ASIA,0,1,658
HUN,1,3,2,,3,0,1,ASIA,0,1,2465
HUN,1,3,3,,3,0,1,ASIA,0,1,501
HUN,1,3,4,,2,1,1,ASIA,0,1,141
HUN,1,3,5,,2,1,1,ASIA,0,1,1343
HUN,1,3,6,,2,1,1,ASIA,0,1,19
HUN,1,3,7,,2,1,1,ASIA,0,1,64
HUN,1,3,8,,2,1,1,ASIA,0,1,35
HUN,1,3,9,,1,1,1,ASIA,0,1,126
HUN,2,1,1,,3,99,1,ASIA,0,1,45
HUN,2,1,2,,3,99,1,ASIA,0,1,5
HUN,2,1,3,,3,99,1,ASIA,0,1,81
HUN,2,1,4,,2,99,1,ASIA,0,1,31
HUN,2,1,5,,2,99,1,ASIA,0,1,1113
HUN,2,1,6,,2,99,1,ASIA,0,1,8
HUN,2,1,7,,2,99,1,ASIA,0,1,26
HUN,2,1,8,,2,99,1,ASIA,0,1,86
HUN,2,1,9,,1,99,1,ASIA,0,1,212
HUN,2,2,0,,99,99,1,ASIA,0,1,5
HUN,2,2,1,,3,99,1,ASIA,0,1,180
HUN,2,2,2,,3,99,1,ASIA,0,1,104
HUN,2,2,3,,3,99,1,ASIA,0,1,681
HUN,2,2,4,,2,99,1,ASIA,0,1,366
HUN,2,2,5,,2,99,1,ASIA,0,1,2576
HUN,2,2,6,,2,99,1,ASIA,0,1,7
HUN,2,2,7,,2,99,1,ASIA,0,1,166
HUN,2,2,8,,2,99,1,ASIA,0,1,175
HUN,2,2,9,,1,99,1,ASIA,0,1,278
HUN,2,3,0,,99,99,1,ASIA,0,1,5
HUN,2,3,1,,3,0,1,ASIA,0,1,203
HUN,2,3,2,,3,0,1,ASIA,0,1,1156
HUN,2,3,3,,3,0,1,ASIA,0,1,494
HUN,2,3,4,,2,1,1,ASIA,0,1,221
HUN,2,3,5,,2,1,1,ASIA,0,1,759
HUN,2,3,6,,2,1,1,ASIA,0,1,9
HUN,2,3,7,,2,1,1,ASIA,0,1,35
HUN,2,3,8,,2,1,1,ASIA,0,1,24
HUN,2,3,9,,1,1,1,ASIA,0,1,82
HUN,1,1,1,,3,99,1,ASIA,1,1,2
HUN,1,1,3,,3,99,1,ASIA,1,1,6
HUN,1,1,4,,2,99,1,ASIA,1,1,6
HUN,1,1,5,,2,99,1,ASIA,1,1,14
HUN,1,1,6,,2,99,1,ASIA,1,1,2
HUN,1,1,7,,2,99,1,ASIA,1,1,18
HUN,1,1,8,,2,99,1,ASIA,1,1,14
HUN,1,1,9,,1,99,1,ASIA,1,1,27
HUN,1,2,1,,3,99,1,ASIA,1,1,46
HUN,1,2,2,,3,99,1,ASIA,1,1,33
HUN,1,2,3,,3,99,1,ASIA,1,1,132
HUN,1,2,4,,2,99,1,ASIA,1,1,47
HUN,1,2,5,,2,99,1,ASIA,1,1,108
HUN,1,2,6,,2,99,1,ASIA,1,1,17
HUN,1,2,7,,2,99,1,ASIA,1,1,130
HUN,1,2,8,,2,99,1,ASIA,1,1,75
HUN,1,2,9,,1,99,1,ASIA,1,1,44
HUN,1,3,0,,99,99,1,ASIA,1,1,6
HUN,1,3,1,,3,0,1,ASIA,1,1,261
HUN,1,3,2,,3,0,1,ASIA,1,1,530
HUN,1,3,3,,3,0,1,ASIA,1,1,137
HUN,1,3,4,,2,1,1,ASIA,1,1,36
HUN,1,3,5,,2,1,1,ASIA,1,1,65
HUN,1,3,6,,2,1,1,ASIA,1,1,4
HUN,1,3,7,,2,1,1,ASIA,1,1,8
HUN,1,3,8,,2,1,1,ASIA,1,1,6
HUN,1,3,9,,1,1,1,ASIA,1,1,18
HUN,2,1,3,,3,99,1,ASIA,1,1,6
HUN,2,1,4,,2,99,1,ASIA,1,1,2
HUN,2,1,5,,2,99,1,ASIA,1,1,25
HUN,2,1,7,,2,99,1,ASIA,1,1,1
HUN,2,1,8,,2,99,1,ASIA,1,1,6
HUN,2,1,9,,1,99,1,ASIA,1,1,24
HUN,2,2,1,,3,99,1,ASIA,1,1,20
HUN,2,2,2,,3,99,1,ASIA,1,1,28
HUN,2,2,3,,3,99,1,ASIA,1,1,98
HUN,2,2,4,,2,99,1,ASIA,1,1,76
HUN,2,2,5,,2,99,1,ASIA,1,1,125
HUN,2,2,6,,2,99,1,ASIA,1,1,2
HUN,2,2,7,,2,99,1,ASIA,1,1,26
HUN,2,2,8,,2,99,1,ASIA,1,1,8
HUN,2,2,9,,1,99,1,ASIA,1,1,34
HUN,2,3,0,,99,99,1,ASIA,1,1,4
HUN,2,3,1,,3,0,1,ASIA,1,1,35
HUN,2,3,2,,3,0,1,ASIA,1,1,305
HUN,2,3,3,,3,0,1,ASIA,1,1,100
HUN,2,3,4,,2,1,1,ASIA,1,1,52
HUN,2,3,5,,2,1,1,ASIA,1,1,41
HUN,2,3,8,,2,1,1,ASIA,1,1,2
HUN,2,3,9,,1,1,1,ASIA,1,1,13
HUN,1,1,0,,99,99,1,EURO,0,1,7
HUN,1,1,1,,3,99,1,EURO,0,1,81
HUN,1,1,2,,3,99,1,EURO,0,1,37
HUN,1,1,3,,3,99,1,EURO,0,1,195
HUN,1,1,4,,2,99,1,EURO,0,1,146
HUN,1,1,5,,2,99,1,EURO,0,1,1210
HUN,1,1,6,,2,99,1,EURO,0,1,1092
HUN,1,1,7,,2,99,1,EURO,0,1,2144
HUN,1,1,8,,2,99,1,EURO,0,1,1649
HUN,1,1,9,,1,99,1,EURO,0,1,2862
HUN,1,2,0,,99,99,1,EURO,0,1,132
HUN,1,2,1,,3,99,1,EURO,0,1,2216
HUN,1,2,2,,3,99,1,EURO,0,1,1695
HUN,1,2,3,,3,99,1,EURO,0,1,7371
HUN,1,2,4,,2,99,1,EURO,0,1,2906
HUN,1,2,5,,2,99,1,EURO,0,1,8828
HUN,1,2,6,,2,99,1,EURO,0,1,1798
HUN,1,2,7,,2,99,1,EURO,0,1,20870
HUN,1,2,8,,2,99,1,EURO,0,1,9043
HUN,1,2,9,,1,99,1,EURO,0,1,4844
HUN,1,3,0,,99,99,1,EURO,0,1,83
HUN,1,3,1,,3,0,1,EURO,0,1,3726
HUN,1,3,2,,3,0,1,EURO,0,1,17576
HUN,1,3,3,,3,0,1,EURO,0,1,3722
HUN,1,3,4,,2,1,1,EURO,0,1,741
HUN,1,3,5,,2,1,1,EURO,0,1,1747
HUN,1,3,6,,2,1,1,EURO,0,1,185
HUN,1,3,7,,2,1,1,EURO,0,1,731
HUN,1,3,8,,2,1,1,EURO,0,1,338
HUN,1,3,9,,1,1,1,EURO,0,1,373
HUN,2,1,0,,99,99,1,EURO,0,1,1
HUN,2,1,1,,3,99,1,EURO,0,1,39
HUN,2,1,2,,3,99,1,EURO,0,1,16
HUN,2,1,3,,3,99,1,EURO,0,1,163
HUN,2,1,4,,2,99,1,EURO,0,1,259
HUN,2,1,5,,2,99,1,EURO,0,1,1767
HUN,2,1,6,,2,99,1,EURO,0,1,598
HUN,2,1,7,,2,99,1,EURO,0,1,502
HUN,2,1,8,,2,99,1,EURO,0,1,1235
HUN,2,1,9,,1,99,1,EURO,0,1,3096
HUN,2,2,0,,99,99,1,EURO,0,1,46
HUN,2,2,1,,3,99,1,EURO,0,1,1010
HUN,2,2,2,,3,99,1,EURO,0,1,1264
HUN,2,2,3,,3,99,1,EURO,0,1,9922
HUN,2,2,4,,2,99,1,EURO,0,1,5811
HUN,2,2,5,,2,99,1,EURO,0,1,12904
HUN,2,2,6,,2,99,1,EURO,0,1,708
HUN,2,2,7,,2,99,1,EURO,0,1,3144
HUN,2,2,8,,2,99,1,EURO,0,1,3904
HUN,2,2,9,,1,99,1,EURO,0,1,5534
HUN,2,3,0,,99,99,1,EURO,0,1,32
HUN,2,3,1,,3,0,1,EURO,0,1,1755
HUN,2,3,2,,3,0,1,EURO,0,1,16484
HUN,2,3,3,,3,0,1,EURO,0,1,5255
HUN,2,3,4,,2,1,1,EURO,0,1,1896
HUN,2,3,5,,2,1,1,EURO,0,1,1692
HUN,2,3,6,,2,1,1,EURO,0,1,84
HUN,2,3,7,,2,1,1,EURO,0,1,153
HUN,2,3,8,,2,1,1,EURO,0,1,143
HUN,2,3,9,,1,1,1,EURO,0,1,427
HUN,1,1,0,,99,99,1,EURO,1,0,471
HUN,1,1,1,,3,99,1,EURO,1,0,1259
HUN,1,1,2,,3,99,1,EURO,1,0,494
HUN,1,1,3,,3,99,1,EURO,1,0,3250
HUN,1,1,4,,2,99,1,EURO,1,0,3500
HUN,1,1,5,,2,99,1,EURO,1,0,22172
HUN,1,1,6,,2,99,1,EURO,1,0,20716
HUN,1,1,7,,2,99,1,EURO,1,0,35602
HUN,1,1,8,,2,99,1,EURO,1,0,62875
HUN,1,1,9,,1,99,1,EURO,1,0,70055
HUN,1,2,0,,99,99,1,EURO,1,0,9519
HUN,1,2,1,,3,99,1,EURO,1,0,47492
HUN,1,2,2,,3,99,1,EURO,1,0,26306
HUN,1,2,3,,3,99,1,EURO,1,0,146053
HUN,1,2,4,,2,99,1,EURO,1,0,62317
HUN,1,2,5,,2,99,1,EURO,1,0,207909
HUN,1,2,6,,2,99,1,EURO,1,0,48616
HUN,1,2,7,,2,99,1,EURO,1,0,421264
HUN,1,2,8,,2,99,1,EURO,1,0,251212
HUN,1,2,9,,1,99,1,EURO,1,0,89469
HUN,1,3,0,,99,99,1,EURO,1,0,4996
HUN,1,3,1,,3,0,1,EURO,1,0,67542
HUN,1,3,2,,3,0,1,EURO,1,0,215595
HUN,1,3,3,,3,0,1,EURO,1,0,62044
HUN,1,3,4,,2,1,1,EURO,1,0,10898
HUN,1,3,5,,2,1,1,EURO,1,0,25727
HUN,1,3,6,,2,1,1,EURO,1,0,5726
HUN,1,3,7,,2,1,1,EURO,1,0,8162
HUN,1,3,8,,2,1,1,EURO,1,0,5186
HUN,1,3,9,,1,1,1,EURO,1,0,4614
HUN,2,1,0,,99,99,1,EURO,1,0,30
HUN,2,1,1,,3,99,1,EURO,1,0,782
HUN,2,1,2,,3,99,1,EURO,1,0,273
HUN,2,1,3,,3,99,1,EURO,1,0,4886
HUN,2,1,4,,2,99,1,EURO,1,0,8911
HUN,2,1,5,,2,99,1,EURO,1,0,34105
HUN,2,1,6,,2,99,1,EURO,1,0,10223
HUN,2,1,7,,2,99,1,EURO,1,0,13266
HUN,2,1,8,,2,99,1,EURO,1,0,44731
HUN,2,1,9,,1,99,1,EURO,1,0,77855
HUN,2,2,0,,99,99,1,EURO,1,0,2006
HUN,2,2,1,,3,99,1,EURO,1,0,25517
HUN,2,2,2,,3,99,1,EURO,1,0,23565
HUN,2,2,3,,3,99,1,EURO,1,0,253054
HUN,2,2,4,,2,99,1,EURO,1,0,148603
HUN,2,2,5,,2,99,1,EURO,1,0,281673
HUN,2,2,6,,2,99,1,EURO,1,0,16378
HUN,2,2,7,,2,99,1,EURO,1,0,54857
HUN,2,2,8,,2,99,1,EURO,1,0,82871
HUN,2,2,9,,1,99,1,EURO,1,0,87664
HUN,2,3,0,,99,99,1,EURO,1,0,1338
HUN,2,3,1,,3,0,1,EURO,1,0,42243
HUN,2,3,2,,3,0,1,EURO,1,0,287731
HUN,2,3,3,,3,0,1,EURO,1,0,107784
HUN,2,3,4,,2,1,1,EURO,1,0,36863
HUN,2,3,5,,2,1,1,EURO,1,0,25449
HUN,2,3,6,,2,1,1,EURO,1,0,1956
HUN,2,3,7,,2,1,1,EURO,1,0,1963
HUN,2,3,8,,2,1,1,EURO,1,0,1922
HUN,2,3,9,,1,1,1,EURO,1,0,4902
HUN,1,1,1,,3,99,1,EURO,1,1,61
HUN,1,1,2,,3,99,1,EURO,1,1,19
HUN,1,1,3,,3,99,1,EURO,1,1,74
HUN,1,1,4,,2,99,1,EURO,1,1,48
HUN,1,1,5,,2,99,1,EURO,1,1,365
HUN,1,1,6,,2,99,1,EURO,1,1,111
HUN,1,1,7,,2,99,1,EURO,1,1,262
HUN,1,1,8,,2,99,1,EURO,1,1,349
HUN,1,1,9,,1,99,1,EURO,1,1,446
HUN,1,2,0,,99,99,1,EURO,1,1,50
HUN,1,2,1,,3,99,1,EURO,1,1,767
HUN,1,2,2,,3,99,1,EURO,1,1,593
HUN,1,2,3,,3,99,1,EURO,1,1,1938
HUN,1,2,4,,2,99,1,EURO,1,1,617
HUN,1,2,5,,2,99,1,EURO,1,1,2106
HUN,1,2,6,,2,99,1,EURO,1,1,318
HUN,1,2,7,,2,99,1,EURO,1,1,2798
HUN,1,2,8,,2,99,1,EURO,1,1,1501
HUN,1,2,9,,1,99,1,EURO,1,1,782
HUN,1,3,0,,99,99,1,EURO,1,1,28
HUN,1,3,1,,3,0,1,EURO,1,1,1615
HUN,1,3,2,,3,0,1,EURO,1,1,5613
HUN,1,3,3,,3,0,1,EURO,1,1,1148
HUN,1,3,4,,2,1,1,EURO,1,1,285
HUN,1,3,5,,2,1,1,EURO,1,1,458
HUN,1,3,6,,2,1,1,EURO,1,1,68
HUN,1,3,7,,2,1,1,EURO,1,1,111
HUN,1,3,8,,2,1,1,EURO,1,1,60
HUN,1,3,9,,1,1,1,EURO,1,1,153
HUN,2,1,1,,3,99,1,EURO,1,1,13
HUN,2,1,2,,3,99,1,EURO,1,1,15
HUN,2,1,3,,3,99,1,EURO,1,1,65
HUN,2,1,4,,2,99,1,EURO,1,1,78
HUN,2,1,5,,2,99,1,EURO,1,1,281
HUN,2,1,6,,2,99,1,EURO,1,1,36
HUN,2,1,7,,2,99,1,EURO,1,1,97
HUN,2,1,8,,2,99,1,EURO,1,1,276
HUN,2,1,9,,1,99,1,EURO,1,1,518
HUN,2,2,0,,99,99,1,EURO,1,1,6
HUN,2,2,1,,3,99,1,EURO,1,1,234
HUN,2,2,2,,3,99,1,EURO,1,1,340
HUN,2,2,3,,3,99,1,EURO,1,1,1995
HUN,2,2,4,,2,99,1,EURO,1,1,1327
HUN,2,2,5,,2,99,1,EURO,1,1,2273
HUN,2,2,6,,2,99,1,EURO,1,1,135
HUN,2,2,7,,2,99,1,EURO,1,1,430
HUN,2,2,8,,2,99,1,EURO,1,1,688
HUN,2,2,9,,1,99,1,EURO,1,1,776
HUN,2,3,0,,99,99,1,EURO,1,1,8
HUN,2,3,1,,3,0,1,EURO,1,1,487
HUN,2,3,2,,3,0,1,EURO,1,1,3934
HUN,2,3,3,,3,0,1,EURO,1,1,1081
HUN,2,3,4,,2,1,1,EURO,1,1,528
HUN,2,3,5,,2,1,1,EURO,1,1,349
HUN,2,3,6,,2,1,1,EURO,1,1,30
HUN,2,3,7,,2,1,1,EURO,1,1,33
HUN,2,3,8,,2,1,1,EURO,1,1,37
HUN,2,3,9,,1,1,1,EURO,1,1,117
HUN,1,1,2,,3,99,1,NOAM,1,1,4
HUN,1,1,3,,3,99,1,NOAM,1,1,4
HUN,1,1,4,,2,99,1,NOAM,1,1,4
HUN,1,1,5,,2,99,1,NOAM,1,1,16
HUN,1,1,6,,2,99,1,NOAM,1,1,2
HUN,1,1,7,,2,99,1,NOAM,1,1,18
HUN,1,1,8,,2,99,1,NOAM,1,1,32
HUN,1,1,9,,1,99,1,NOAM,1,1,31
HUN,1,2,0,,99,99,1,NOAM,1,1,4
HUN,1,2,1,,3,99,1,NOAM,1,1,43
HUN,1,2,2,,3,99,1,NOAM,1,1,85
HUN,1,2,3,,3,99,1,NOAM,1,1,172
HUN,1,2,4,,2,99,1,NOAM,1,1,43
HUN,1,2,5,,2,99,1,NOAM,1,1,136
HUN,1,2,6,,2,99,1,NOAM,1,1,13
HUN,1,2,7,,2,99,1,NOAM,1,1,186
HUN,1,2,8,,2,99,1,NOAM,1,1,86
HUN,1,2,9,,1,99,1,NOAM,1,1,60
HUN,1,3,0,,99,99,1,NOAM,1,1,9
HUN,1,3,1,,3,0,1,NOAM,1,1,222
HUN,1,3,2,,3,0,1,NOAM,1,1,969
HUN,1,3,3,,3,0,1,NOAM,1,1,216
HUN,1,3,4,,2,1,1,NOAM,1,1,40
HUN,1,3,5,,2,1,1,NOAM,1,1,48
HUN,1,3,7,,2,1,1,NOAM,1,1,30
HUN,1,3,8,,2,1,1,NOAM,1,1,2
HUN,1,3,9,,1,1,1,NOAM,1,1,28
HUN,2,1,2,,3,99,1,NOAM,1,1,2
HUN,2,1,3,,3,99,1,NOAM,1,1,2
HUN,2,1,4,,2,99,1,NOAM,1,1,1
HUN,2,1,5,,2,99,1,NOAM,1,1,14
HUN,2,1,6,,2,99,1,NOAM,1,1,1
HUN,2,1,7,,2,99,1,NOAM,1,1,3
HUN,2,1,8,,2,99,1,NOAM,1,1,10
HUN,2,1,9,,1,99,1,NOAM,1,1,37
HUN,2,2,1,,3,99,1,NOAM,1,1,12
HUN,2,2,2,,3,99,1,NOAM,1,1,37
HUN,2,2,3,,3,99,1,NOAM,1,1,133
HUN,2,2,4,,2,99,1,NOAM,1,1,74
HUN,2,2,5,,2,99,1,NOAM,1,1,148
HUN,2,2,6,,2,99,1,NOAM,1,1,5
HUN,2,2,7,,2,99,1,NOAM,1,1,18
HUN,2,2,8,,2,99,1,NOAM,1,1,25
HUN,2,2,9,,1,99,1,NOAM,1,1,38
HUN,2,3,0,,99,99,1,NOAM,1,1,2
HUN,2,3,1,,3,0,1,NOAM,1,1,41
HUN,2,3,2,,3,0,1,NOAM,1,1,506
HUN,2,3,3,,3,0,1,NOAM,1,1,165
HUN,2,3,4,,2,1,1,NOAM,1,1,28
HUN,2,3,5,,2,1,1,NOAM,1,1,43
HUN,2,3,7,,2,1,1,NOAM,1,1,2
HUN,2,3,8,,2,1,1,NOAM,1,1,2
HUN,2,3,9,,1,1,1,NOAM,1,1,14
HUN,1,2,3,,3,99,1,OCEA,0,1,6
HUN,1,2,5,,2,99,1,OCEA,0,1,2
HUN,1,2,7,,2,99,1,OCEA,0,1,2
HUN,1,3,2,,3,0,1,OCEA,0,1,1
HUN,1,3,3,,3,0,1,OCEA,0,1,2
HUN,2,1,1,,3,99,1,OCEA,0,1,1
HUN,2,2,3,,3,99,1,OCEA,0,1,2
HUN,1,1,3,,3,99,1,OCEA,1,1,2
HUN,1,1,5,,2,99,1,OCEA,1,1,2
HUN,1,1,7,,2,99,1,OCEA,1,1,2
HUN,1,1,8,,2,99,1,OCEA,1,1,2
HUN,1,1,9,,1,99,1,OCEA,1,1,4
HUN,1,2,1,,3,99,1,OCEA,1,1,2
HUN,1,2,2,,3,99,1,OCEA,1,1,16
HUN,1,2,3,,3,99,1,OCEA,1,1,17
HUN,1,2,4,,2,99,1,OCEA,1,1,8
HUN,1,2,5,,2,99,1,OCEA,1,1,25
HUN,1,2,6,,2,99,1,OCEA,1,1,2
HUN,1,2,7,,2,99,1,OCEA,1,1,25
HUN,1,2,8,,2,99,1,OCEA,1,1,19
HUN,1,2,9,,1,99,1,OCEA,1,1,12
HUN,1,3,1,,3,0,1,OCEA,1,1,17
HUN,1,3,2,,3,0,1,OCEA,1,1,89
HUN,1,3,3,,3,0,1,OCEA,1,1,22
HUN,1,3,4,,2,1,1,OCEA,1,1,14
HUN,1,3,5,,2,1,1,OCEA,1,1,8
HUN,1,3,7,,2,1,1,OCEA,1,1,2
HUN,2,1,3,,3,99,1,OCEA,1,1,1
HUN,2,1,5,,2,99,1,OCEA,1,1,1
HUN,2,1,9,,1,99,1,OCEA,1,1,3
HUN,2,2,1,,3,99,1,OCEA,1,1,5
HUN,2,2,2,,3,99,1,OCEA,1,1,7
HUN,2,2,3,,3,99,1,OCEA,1,1,17
HUN,2,2,4,,2,99,1,OCEA,1,1,6
HUN,2,2,5,,2,99,1,OCEA,1,1,28
HUN,2,2,7,,2,99,1,OCEA,1,1,2
HUN,2,2,8,,2,99,1,OCEA,1,1,5
HUN,2,2,9,,1,99,1,OCEA,1,1,11
HUN,2,3,1,,3,0,1,OCEA,1,1,7
HUN,2,3,2,,3,0,1,OCEA,1,1,41
HUN,2,3,3,,3,0,1,OCEA,1,1,15
HUN,2,3,4,,2,1,1,OCEA,1,1,2
HUN,2,3,5,,2,1,1,OCEA,1,1,2
HUN,2,3,9,,1,1,1,OCEA,1,1,3
HUN,1,1,1,,3,99,1,SCAC,0,1,2
HUN,1,1,2,,3,99,1,SCAC,0,1,4
HUN,1,1,3,,3,99,1,SCAC,0,1,11
HUN,1,1,4,,2,99,1,SCAC,0,1,2
HUN,1,1,5,,2,99,1,SCAC,0,1,14
HUN,1,1,7,,2,99,1,SCAC,0,1,8
HUN,1,1,8,,2,99,1,SCAC,0,1,10
HUN,1,1,9,,1,99,1,SCAC,0,1,12
HUN,1,2,0,,99,99,1,SCAC,0,1,4
HUN,1,2,1,,3,99,1,SCAC,0,1,20
HUN,1,2,2,,3,99,1,SCAC,0,1,56
HUN,1,2,3,,3,99,1,SCAC,0,1,120
HUN,1,2,4,,2,99,1,SCAC,0,1,30
HUN,1,2,5,,2,99,1,SCAC,0,1,94
HUN,1,2,6,,2,99,1,SCAC,0,1,10
HUN,1,2,7,,2,99,1,SCAC,0,1,67
HUN,1,2,8,,2,99,1,SCAC,0,1,62
HUN,1,2,9,,1,99,1,SCAC,0,1,44
HUN,1,3,1,,3,0,1,SCAC,0,1,88
HUN,1,3,2,,3,0,1,SCAC,0,1,337
HUN,1,3,3,,3,0,1,SCAC,0,1,114
HUN,1,3,4,,2,1,1,SCAC,0,1,28
HUN,1,3,5,,2,1,1,SCAC,0,1,45
HUN,1,3,6,,2,1,1,SCAC,0,1,2
HUN,1,3,7,,2,1,1,SCAC,0,1,12
HUN,1,3,8,,2,1,1,SCAC,0,1,8
HUN,1,3,9,,1,1,1,SCAC,0,1,6
HUN,2,1,3,,3,99,1,SCAC,0,1,2
HUN,2,1,4,,2,99,1,SCAC,0,1,9
HUN,2,1,5,,2,99,1,SCAC,0,1,11
HUN,2,1,8,,2,99,1,SCAC,0,1,10
HUN,2,1,9,,1,99,1,SCAC,0,1,24
HUN,2,2,0,,99,99,1,SCAC,0,1,2
HUN,2,2,1,,3,99,1,SCAC,0,1,11
HUN,2,2,2,,3,99,1,SCAC,0,1,19
HUN,2,2,3,,3,99,1,SCAC,0,1,65
HUN,2,2,4,,2,99,1,SCAC,0,1,63
HUN,2,2,5,,2,99,1,SCAC,0,1,81
HUN,2,2,6,,2,99,1,SCAC,0,1,1
HUN,2,2,7,,2,99,1,SCAC,0,1,13
HUN,2,2,8,,2,99,1,SCAC,0,1,22
HUN,2,2,9,,1,99,1,SCAC,0,1,41
HUN,2,3,1,,3,0,1,SCAC,0,1,34
HUN,2,3,2,,3,0,1,SCAC,0,1,164
HUN,2,3,3,,3,0,1,SCAC,0,1,67
HUN,2,3,4,,2,1,1,SCAC,0,1,29
HUN,2,3,5,,2,1,1,SCAC,0,1,18
HUN,2,3,7,,2,1,1,SCAC,0,1,4
HUN,2,3,9,,1,1,1,SCAC,0,1,11
HUN,1,1,4,,2,99,1,SCAC,1,1,2
HUN,1,1,6,,2,99,1,SCAC,1,1,2
HUN,1,1,8,,2,99,1,SCAC,1,1,4
HUN,1,1,9,,1,99,1,SCAC,1,1,2
HUN,1,2,0,,99,99,1,SCAC,1,1,2
HUN,1,2,1,,3,99,1,SCAC,1,1,4
HUN,1,2,2,,3,99,1,SCAC,1,1,10
HUN,1,2,3,,3,99,1,SCAC,1,1,18
HUN,1,2,4,,2,99,1,SCAC,1,1,14
HUN,1,2,5,,2,99,1,SCAC,1,1,18
HUN,1,2,7,,2,99,1,SCAC,1,1,33
HUN,1,2,8,,2,99,1,SCAC,1,1,14
HUN,1,2,9,,1,99,1,SCAC,1,1,6
HUN,1,3,1,,3,0,1,SCAC,1,1,25
HUN,1,3,2,,3,0,1,SCAC,1,1,97
HUN,1,3,3,,3,0,1,SCAC,1,1,29
HUN,1,3,4,,2,1,1,SCAC,1,1,14
HUN,1,3,5,,2,1,1,SCAC,1,1,4
HUN,1,3,9,,1,1,1,SCAC,1,1,2
HUN,2,1,2,,3,99,1,SCAC,1,1,2
HUN,2,1,5,,2,99,1,SCAC,1,1,5
HUN,2,1,8,,2,99,1,SCAC,1,1,2
HUN,2,1,9,,1,99,1,SCAC,1,1,1
HUN,2,2,2,,3,99,1,SCAC,1,1,2
HUN,2,2,3,,3,99,1,SCAC,1,1,13
HUN,2,2,4,,2,99,1,SCAC,1,1,10
HUN,2,2,5,,2,99,1,SCAC,1,1,16
HUN,2,2,6,,2,99,1,SCAC,1,1,2
HUN,2,2,9,,1,99,1,SCAC,1,1,1
HUN,2,3,1,,3,0,1,SCAC,1,1,6
HUN,2,3,2,,3,0,1,SCAC,1,1,49
HUN,2,3,3,,3,0,1,SCAC,1,1,19
HUN,2,3,4,,2,1,1,SCAC,1,1,10
HUN,2,3,5,,2,1,1,SCAC,1,1,3
HUN,2,3,9,,1,1,1,SCAC,1,1,2
HUN,1,1,5,,2,99,1,UNK,0,99,4
HUN,1,1,6,,2,99,1,UNK,0,99,1
HUN,1,1,7,,2,99,1,UNK,0,99,4
HUN,1,1,8,,2,99,1,UNK,0,99,4
HUN,1,1,9,,1,99,1,UNK,0,99,8
HUN,1,2,1,,3,99,1,UNK,0,99,2
HUN,1,2,3,,3,99,1,UNK,0,99,6
HUN,1,2,4,,2,99,1,UNK,0,99,4
HUN,1,2,5,,2,99,1,UNK,0,99,10
HUN,1,2,6,,2,99,1,UNK,0,99,1
HUN,1,2,7,,2,99,1,UNK,0,99,22
HUN,1,2,8,,2,99,1,UNK,0,99,11
HUN,1,2,9,,1,99,1,UNK,0,99,9
HUN,1,3,1,,3,0,1,UNK,0,99,2
HUN,1,3,2,,3,0,1,UNK,0,99,7
HUN,1,3,3,,3,0,1,UNK,0,99,3
HUN,1,3,5,,2,1,1,UNK,0,99,1
HUN,1,3,9,,1,1,1,UNK,0,99,1
HUN,2,1,5,,2,99,1,UNK,0,99,1
HUN,2,1,6,,2,99,1,UNK,0,99,1
HUN,2,1,7,,2,99,1,UNK,0,99,1
HUN,2,1,8,,2,99,1,UNK,0,99,3
HUN,2,1,9,,1,99,1,UNK,0,99,6
HUN,2,2,3,,3,99,1,UNK,0,99,7
HUN,2,2,4,,2,99,1,UNK,0,99,5
HUN,2,2,5,,2,99,1,UNK,0,99,12
HUN,2,2,7,,2,99,1,UNK,0,99,2
HUN,2,2,8,,2,99,1,UNK,0,99,4
HUN,2,2,9,,1,99,1,UNK,0,99,8
HUN,2,3,1,,3,0,1,UNK,0,99,1
HUN,2,3,2,,3,0,1,UNK,0,99,6
HUN,2,3,3,,3,0,1,UNK,0,99,2
HUN,2,3,5,,2,1,1,UNK,0,99,1
HUN,2,3,9,,1,1,1,UNK,0,99,1
IRL,1,1,1,,3,99,1,AFRI,0,1,33
IRL,1,1,2,,3,99,1,AFRI,0,1,14
IRL,1,1,3,,3,99,1,AFRI,0,1,112
IRL,1,1,4,,2,99,1,AFRI,0,1,29
IRL,1,1,5,,2,99,1,AFRI,0,1,157
IRL,1,1,6,,2,99,1,AFRI,0,1,19
IRL,1,1,7,,2,99,1,AFRI,0,1,79
IRL,1,1,8,,2,99,1,AFRI,0,1,177
IRL,1,1,9,,1,99,1,AFRI,0,1,315
IRL,1,2,0,,99,99,1,AFRI,0,1,3
IRL,1,2,1,,3,99,1,AFRI,0,1,267
IRL,1,2,2,,3,99,1,AFRI,0,1,221
IRL,1,2,3,,3,99,1,AFRI,0,1,586
IRL,1,2,4,,2,99,1,AFRI,0,1,149
IRL,1,2,5,,2,99,1,AFRI,0,1,898
IRL,1,2,6,,2,99,1,AFRI,0,1,45
IRL,1,2,7,,2,99,1,AFRI,0,1,337
IRL,1,2,8,,2,99,1,AFRI,0,1,654
IRL,1,2,9,,1,99,1,AFRI,0,1,735
IRL,1,3,0,,99,99,1,AFRI,0,1,5
IRL,1,3,1,,3,0,1,AFRI,0,1,592
IRL,1,3,2,,3,0,1,AFRI,0,1,2890
IRL,1,3,3,,3,0,1,AFRI,0,1,989
IRL,1,3,4,,2,1,1,AFRI,0,1,447
IRL,1,3,5,,2,1,1,AFRI,0,1,720
IRL,1,3,6,,2,1,1,AFRI,0,1,26
IRL,1,3,7,,2,1,1,AFRI,0,1,242
IRL,1,3,8,,2,1,1,AFRI,0,1,638
IRL,1,3,9,,1,1,1,AFRI,0,1,580
IRL,1,99,1,,3,99,1,AFRI,0,1,23
IRL,1,99,2,,3,99,1,AFRI,0,1,30
IRL,1,99,3,,3,99,1,AFRI,0,1,44
IRL,1,99,4,,2,99,1,AFRI,0,1,18
IRL,1,99,5,,2,99,1,AFRI,0,1,76
IRL,1,99,6,,2,99,1,AFRI,0,1,10
IRL,1,99,7,,2,99,1,AFRI,0,1,28
IRL,1,99,8,,2,99,1,AFRI,0,1,75
IRL,1,99,9,,1,99,1,AFRI,0,1,457
IRL,2,1,1,,3,99,1,AFRI,0,1,14
IRL,2,1,2,,3,99,1,AFRI,0,1,4
IRL,2,1,3,,3,99,1,AFRI,0,1,23
IRL,2,1,4,,2,99,1,AFRI,0,1,18
IRL,2,1,5,,2,99,1,AFRI,0,1,220
IRL,2,1,6,,2,99,1,AFRI,0,1,2
IRL,2,1,7,,2,99,1,AFRI,0,1,6
IRL,2,1,8,,2,99,1,AFRI,0,1,14
IRL,2,1,9,,1,99,1,AFRI,0,1,234
IRL,2,2,1,,3,99,1,AFRI,0,1,86
IRL,2,2,2,,3,99,1,AFRI,0,1,141
IRL,2,2,3,,3,99,1,AFRI,0,1,229
IRL,2,2,4,,2,99,1,AFRI,0,1,277
IRL,2,2,5,,2,99,1,AFRI,0,1,1669
IRL,2,2,6,,2,99,1,AFRI,0,1,3
IRL,2,2,7,,2,99,1,AFRI,0,1,30
IRL,2,2,8,,2,99,1,AFRI,0,1,46
IRL,2,2,9,,1,99,1,AFRI,0,1,482
IRL,2,3,0,,99,99,1,AFRI,0,1,1
IRL,2,3,1,,3,0,1,AFRI,0,1,277
IRL,2,3,2,,3,0,1,AFRI,0,1,2054
IRL,2,3,3,,3,0,1,AFRI,0,1,685
IRL,2,3,4,,2,1,1,AFRI,0,1,618
IRL,2,3,5,,2,1,1,AFRI,0,1,1511
IRL,2,3,6,,2,1,1,AFRI,0,1,8
IRL,2,3,7,,2,1,1,AFRI,0,1,51
IRL,2,3,8,,2,1,1,AFRI,0,1,77
IRL,2,3,9,,1,1,1,AFRI,0,1,376
IRL,2,99,1,,3,99,1,AFRI,0,1,9
IRL,2,99,2,,3,99,1,AFRI,0,1,45
IRL,2,99,3,,3,99,1,AFRI,0,1,20
IRL,2,99,4,,2,99,1,AFRI,0,1,14
IRL,2,99,5,,2,99,1,AFRI,0,1,159
IRL,2,99,6,,2,99,1,AFRI,0,1,2
IRL,2,99,7,,2,99,1,AFRI,0,1,2
IRL,2,99,8,,2,99,1,AFRI,0,1,10
IRL,2,99,9,,1,99,1,AFRI,0,1,376
IRL,1,1,1,,3,99,1,ASIA,0,1,179
IRL,1,1,2,,3,99,1,ASIA,0,1,27
IRL,1,1,3,,3,99,1,ASIA,0,1,1046
IRL,1,1,4,,2,99,1,ASIA,0,1,25
IRL,1,1,5,,2,99,1,ASIA,0,1,379
IRL,1,1,6,,2,99,1,ASIA,0,1,14
IRL,1,1,7,,2,99,1,ASIA,0,1,128
IRL,1,1,8,,2,99,1,ASIA,0,1,200
IRL,1,1,9,,1,99,1,ASIA,0,1,659
IRL,1,2,0,,99,99,1,ASIA,0,1,4
IRL,1,2,1,,3,99,1,ASIA,0,1,541
IRL,1,2,2,,3,99,1,ASIA,0,1,142
IRL,1,2,3,,3,99,1,ASIA,0,1,1481
IRL,1,2,4,,2,99,1,ASIA,0,1,111
IRL,1,2,5,,2,99,1,ASIA,0,1,1464
IRL,1,2,6,,2,99,1,ASIA,0,1,29
IRL,1,2,7,,2,99,1,ASIA,0,1,361
IRL,1,2,8,,2,99,1,ASIA,0,1,514
IRL,1,2,9,,1,99,1,ASIA,0,1,1178
IRL,1,3,1,,3,0,1,ASIA,0,1,1323
IRL,1,3,2,,3,0,1,ASIA,0,1,7170
IRL,1,3,3,,3,0,1,ASIA,0,1,1766
IRL,1,3,4,,2,1,1,ASIA,0,1,557
IRL,1,3,5,,2,1,1,ASIA,0,1,2528
IRL,1,3,6,,2,1,1,ASIA,0,1,25
IRL,1,3,7,,2,1,1,ASIA,0,1,509
IRL,1,3,8,,2,1,1,ASIA,0,1,665
IRL,1,3,9,,1,1,1,ASIA,0,1,1552
IRL,1,99,1,,3,99,1,ASIA,0,1,67
IRL,1,99,2,,3,99,1,ASIA,0,1,71
IRL,1,99,3,,3,99,1,ASIA,0,1,250
IRL,1,99,4,,2,99,1,ASIA,0,1,13
IRL,1,99,5,,2,99,1,ASIA,0,1,185
IRL,1,99,6,,2,99,1,ASIA,0,1,6
IRL,1,99,7,,2,99,1,ASIA,0,1,49
IRL,1,99,8,,2,99,1,ASIA,0,1,81
IRL,1,99,9,,1,99,1,ASIA,0,1,854
IRL,2,1,1,,3,99,1,ASIA,0,1,63
IRL,2,1,2,,3,99,1,ASIA,0,1,11
IRL,2,1,3,,3,99,1,ASIA,0,1,190
IRL,2,1,4,,2,99,1,ASIA,0,1,31
IRL,2,1,5,,2,99,1,ASIA,0,1,385
IRL,2,1,6,,2,99,1,ASIA,0,1,3
IRL,2,1,7,,2,99,1,ASIA,0,1,15
IRL,2,1,8,,2,99,1,ASIA,0,1,26
IRL,2,1,9,,1,99,1,ASIA,0,1,433
IRL,2,2,1,,3,99,1,ASIA,0,1,263
IRL,2,2,2,,3,99,1,ASIA,0,1,122
IRL,2,2,3,,3,99,1,ASIA,0,1,287
IRL,2,2,4,,2,99,1,ASIA,0,1,135
IRL,2,2,5,,2,99,1,ASIA,0,1,1458
IRL,2,2,6,,2,99,1,ASIA,0,1,4
IRL,2,2,7,,2,99,1,ASIA,0,1,40
IRL,2,2,8,,2,99,1,ASIA,0,1,78
IRL,2,2,9,,1,99,1,ASIA,0,1,700
IRL,2,3,1,,3,0,1,ASIA,0,1,532
IRL,2,3,2,,3,0,1,ASIA,0,1,8564
IRL,2,3,3,,3,0,1,ASIA,0,1,788
IRL,2,3,4,,2,1,1,ASIA,0,1,736
IRL,2,3,5,,2,1,1,ASIA,0,1,1965
IRL,2,3,6,,2,1,1,ASIA,0,1,12
IRL,2,3,7,,2,1,1,ASIA,0,1,118
IRL,2,3,8,,2,1,1,ASIA,0,1,68
IRL,2,3,9,,1,1,1,ASIA,0,1,740
IRL,2,99,1,,3,99,1,ASIA,0,1,30
IRL,2,99,2,,3,99,1,ASIA,0,1,160
IRL,2,99,3,,3,99,1,ASIA,0,1,42
IRL,2,99,4,,2,99,1,ASIA,0,1,13
IRL,2,99,5,,2,99,1,ASIA,0,1,220
IRL,2,99,7,,2,99,1,ASIA,0,1,5
IRL,2,99,8,,2,99,1,ASIA,0,1,16
IRL,2,99,9,,1,99,1,ASIA,0,1,530
IRL,1,1,1,,3,99,1,ASIA,1,1,1
IRL,1,1,2,,3,99,1,ASIA,1,1,1
IRL,1,1,3,,3,99,1,ASIA,1,1,2
IRL,1,1,4,,2,99,1,ASIA,1,1,1
IRL,1,1,5,,2,99,1,ASIA,1,1,1
IRL,1,1,7,,2,99,1,ASIA,1,1,1
IRL,1,1,9,,1,99,1,ASIA,1,1,6
IRL,1,2,1,,3,99,1,ASIA,1,1,5
IRL,1,2,2,,3,99,1,ASIA,1,1,17
IRL,1,2,3,,3,99,1,ASIA,1,1,18
IRL,1,2,4,,2,99,1,ASIA,1,1,5
IRL,1,2,5,,2,99,1,ASIA,1,1,16
IRL,1,2,7,,2,99,1,ASIA,1,1,8
IRL,1,2,8,,2,99,1,ASIA,1,1,3
IRL,1,2,9,,1,99,1,ASIA,1,1,14
IRL,1,3,0,,99,99,1,ASIA,1,1,1
IRL,1,3,1,,3,0,1,ASIA,1,1,37
IRL,1,3,2,,3,0,1,ASIA,1,1,182
IRL,1,3,3,,3,0,1,ASIA,1,1,77
IRL,1,3,4,,2,1,1,ASIA,1,1,28
IRL,1,3,5,,2,1,1,ASIA,1,1,15
IRL,1,3,7,,2,1,1,ASIA,1,1,12
IRL,1,3,8,,2,1,1,ASIA,1,1,3
IRL,1,3,9,,1,1,1,ASIA,1,1,28
IRL,1,99,2,,3,99,1,ASIA,1,1,3
IRL,1,99,3,,3,99,1,ASIA,1,1,1
IRL,1,99,4,,2,99,1,ASIA,1,1,1
IRL,1,99,5,,2,99,1,ASIA,1,1,1
IRL,1,99,7,,2,99,1,ASIA,1,1,2
IRL,1,99,9,,1,99,1,ASIA,1,1,17
IRL,2,1,1,,3,99,1,ASIA,1,1,1
IRL,2,1,2,,3,99,1,ASIA,1,1,3
IRL,2,1,5,,2,99,1,ASIA,1,1,1
IRL,2,1,9,,1,99,1,ASIA,1,1,2
IRL,2,2,1,,3,99,1,ASIA,1,1,6
IRL,2,2,2,,3,99,1,ASIA,1,1,13
IRL,2,2,3,,3,99,1,ASIA,1,1,15
IRL,2,2,4,,2,99,1,ASIA,1,1,15
IRL,2,2,5,,2,99,1,ASIA,1,1,37
IRL,2,2,7,,2,99,1,ASIA,1,1,1
IRL,2,2,9,,1,99,1,ASIA,1,1,13
IRL,2,3,1,,3,0,1,ASIA,1,1,35
IRL,2,3,2,,3,0,1,ASIA,1,1,211
IRL,2,3,3,,3,0,1,ASIA,1,1,75
IRL,2,3,4,,2,1,1,ASIA,1,1,88
IRL,2,3,5,,2,1,1,ASIA,1,1,88
IRL,2,3,6,,2,1,1,ASIA,1,1,3
IRL,2,3,7,,2,1,1,ASIA,1,1,6
IRL,2,3,8,,2,1,1,ASIA,1,1,1
IRL,2,3,9,,1,1,1,ASIA,1,1,51
IRL,2,99,1,,3,99,1,ASIA,1,1,1
IRL,2,99,3,,3,99,1,ASIA,1,1,1
IRL,2,99,4,,2,99,1,ASIA,1,1,3
IRL,2,99,5,,2,99,1,ASIA,1,1,2
IRL,2,99,7,,2,99,1,ASIA,1,1,1
IRL,2,99,9,,1,99,1,ASIA,1,1,20
IRL,1,1,0,,99,99,1,EURO,0,1,1
IRL,1,1,1,,3,99,1,EURO,0,1,74
IRL,1,1,2,,3,99,1,EURO,0,1,27
IRL,1,1,3,,3,99,1,EURO,0,1,218
IRL,1,1,4,,2,99,1,EURO,0,1,29
IRL,1,1,5,,2,99,1,EURO,0,1,231
IRL,1,1,6,,2,99,1,EURO,0,1,57
IRL,1,1,7,,2,99,1,EURO,0,1,665
IRL,1,1,8,,2,99,1,EURO,0,1,377
IRL,1,1,9,,1,99,1,EURO,0,1,1102
IRL,1,2,0,,99,99,1,EURO,0,1,5
IRL,1,2,1,,3,99,1,EURO,0,1,366
IRL,1,2,2,,3,99,1,EURO,0,1,189
IRL,1,2,3,,3,99,1,EURO,0,1,947
IRL,1,2,4,,2,99,1,EURO,0,1,200
IRL,1,2,5,,2,99,1,EURO,0,1,1127
IRL,1,2,6,,2,99,1,EURO,0,1,87
IRL,1,2,7,,2,99,1,EURO,0,1,1957
IRL,1,2,8,,2,99,1,EURO,0,1,1393
IRL,1,2,9,,1,99,1,EURO,0,1,2714
IRL,1,3,0,,99,99,1,EURO,0,1,3
IRL,1,3,1,,3,0,1,EURO,0,1,517
IRL,1,3,2,,3,0,1,EURO,0,1,1981
IRL,1,3,3,,3,0,1,EURO,0,1,908
IRL,1,3,4,,2,1,1,EURO,0,1,357
IRL,1,3,5,,2,1,1,EURO,0,1,812
IRL,1,3,6,,2,1,1,EURO,0,1,55
IRL,1,3,7,,2,1,1,EURO,0,1,832
IRL,1,3,8,,2,1,1,EURO,0,1,606
IRL,1,3,9,,1,1,1,EURO,0,1,1134
IRL,1,99,1,,3,99,1,EURO,0,1,42
IRL,1,99,2,,3,99,1,EURO,0,1,20
IRL,1,99,3,,3,99,1,EURO,0,1,92
IRL,1,99,4,,2,99,1,EURO,0,1,19
IRL,1,99,5,,2,99,1,EURO,0,1,133
IRL,1,99,6,,2,99,1,EURO,0,1,17
IRL,1,99,7,,2,99,1,EURO,0,1,227
IRL,1,99,8,,2,99,1,EURO,0,1,180
IRL,1,99,9,,1,99,1,EURO,0,1,1042
IRL,2,1,1,,3,99,1,EURO,0,1,40
IRL,2,1,2,,3,99,1,EURO,0,1,16
IRL,2,1,3,,3,99,1,EURO,0,1,58
IRL,2,1,4,,2,99,1,EURO,0,1,30
IRL,2,1,5,,2,99,1,EURO,0,1,353
IRL,2,1,6,,2,99,1,EURO,0,1,6
IRL,2,1,7,,2,99,1,EURO,0,1,23
IRL,2,1,8,,2,99,1,EURO,0,1,56
IRL,2,1,9,,1,99,1,EURO,0,1,758
IRL,2,2,0,,99,99,1,EURO,0,1,1
IRL,2,2,1,,3,99,1,EURO,0,1,267
IRL,2,2,2,,3,99,1,EURO,0,1,142
IRL,2,2,3,,3,99,1,EURO,0,1,373
IRL,2,2,4,,2,99,1,EURO,0,1,304
IRL,2,2,5,,2,99,1,EURO,0,1,1812
IRL,2,2,6,,2,99,1,EURO,0,1,11
IRL,2,2,7,,2,99,1,EURO,0,1,119
IRL,2,2,8,,2,99,1,EURO,0,1,248
IRL,2,2,9,,1,99,1,EURO,0,1,2046
IRL,2,3,1,,3,0,1,EURO,0,1,554
IRL,2,3,2,,3,0,1,EURO,0,1,2178
IRL,2,3,3,,3,0,1,EURO,0,1,897
IRL,2,3,4,,2,1,1,EURO,0,1,1054
IRL,2,3,5,,2,1,1,EURO,0,1,1731
IRL,2,3,6,,2,1,1,EURO,0,1,9
IRL,2,3,7,,2,1,1,EURO,0,1,133
IRL,2,3,8,,2,1,1,EURO,0,1,198
IRL,2,3,9,,1,1,1,EURO,0,1,1276
IRL,2,99,1,,3,99,1,EURO,0,1,36
IRL,2,99,2,,3,99,1,EURO,0,1,24
IRL,2,99,3,,3,99,1,EURO,0,1,31
IRL,2,99,4,,2,99,1,EURO,0,1,29
IRL,2,99,5,,2,99,1,EURO,0,1,223
IRL,2,99,6,,2,99,1,EURO,0,1,2
IRL,2,99,7,,2,99,1,EURO,0,1,20
IRL,2,99,8,,2,99,1,EURO,0,1,30
IRL,2,99,9,,1,99,1,EURO,0,1,765
IRL,1,1,0,,99,99,1,EURO,1,0,1156
IRL,1,1,1,,3,99,1,EURO,1,0,10355
IRL,1,1,2,,3,99,1,EURO,1,0,3747
IRL,1,1,3,,3,99,1,EURO,1,0,8443
IRL,1,1,4,,2,99,1,EURO,1,0,5905
IRL,1,1,5,,2,99,1,EURO,1,0,18345
IRL,1,1,6,,2,99,1,EURO,1,0,33747
IRL,1,1,7,,2,99,1,EURO,1,0,32824
IRL,1,1,8,,2,99,1,EURO,1,0,34488
IRL,1,1,9,,1,99,1,EURO,1,0,31522
IRL,1,2,0,,99,99,1,EURO,1,0,2849
IRL,1,2,1,,3,99,1,EURO,1,0,27654
IRL,1,2,2,,3,99,1,EURO,1,0,17752
IRL,1,2,3,,3,99,1,EURO,1,0,31155
IRL,1,2,4,,2,99,1,EURO,1,0,16422
IRL,1,2,5,,2,99,1,EURO,1,0,38839
IRL,1,2,6,,2,99,1,EURO,1,0,27835
IRL,1,2,7,,2,99,1,EURO,1,0,71075
IRL,1,2,8,,2,99,1,EURO,1,0,33445
IRL,1,2,9,,1,99,1,EURO,1,0,32317
IRL,1,3,0,,99,99,1,EURO,1,0,1693
IRL,1,3,1,,3,0,1,EURO,1,0,41480
IRL,1,3,2,,3,0,1,EURO,1,0,131407
IRL,1,3,3,,3,0,1,EURO,1,0,42975
IRL,1,3,4,,2,1,1,EURO,1,0,17713
IRL,1,3,5,,2,1,1,EURO,1,0,21761
IRL,1,3,6,,2,1,1,EURO,1,0,7356
IRL,1,3,7,,2,1,1,EURO,1,0,13824
IRL,1,3,8,,2,1,1,EURO,1,0,6305
IRL,1,3,9,,1,1,1,EURO,1,0,9883
IRL,1,99,0,,99,99,1,EURO,1,0,109
IRL,1,99,1,,3,99,1,EURO,1,0,859
IRL,1,99,2,,3,99,1,EURO,1,0,1012
IRL,1,99,3,,3,99,1,EURO,1,0,974
IRL,1,99,4,,2,99,1,EURO,1,0,465
IRL,1,99,5,,2,99,1,EURO,1,0,1575
IRL,1,99,6,,2,99,1,EURO,1,0,1915
IRL,1,99,7,,2,99,1,EURO,1,0,2220
IRL,1,99,8,,2,99,1,EURO,1,0,1769
IRL,1,99,9,,1,99,1,EURO,1,0,33844
IRL,2,1,0,,99,99,1,EURO,1,0,30
IRL,2,1,1,,3,99,1,EURO,1,0,3751
IRL,2,1,2,,3,99,1,EURO,1,0,1190
IRL,2,1,3,,3,99,1,EURO,1,0,6965
IRL,2,1,4,,2,99,1,EURO,1,0,9213
IRL,2,1,5,,2,99,1,EURO,1,0,35406
IRL,2,1,6,,2,99,1,EURO,1,0,1605
IRL,2,1,7,,2,99,1,EURO,1,0,1291
IRL,2,1,8,,2,99,1,EURO,1,0,3683
IRL,2,1,9,,1,99,1,EURO,1,0,18647
IRL,2,2,0,,99,99,1,EURO,1,0,174
IRL,2,2,1,,3,99,1,EURO,1,0,14545
IRL,2,2,2,,3,99,1,EURO,1,0,11380
IRL,2,2,3,,3,99,1,EURO,1,0,42732
IRL,2,2,4,,2,99,1,EURO,1,0,51412
IRL,2,2,5,,2,99,1,EURO,1,0,88349
IRL,2,2,6,,2,99,1,EURO,1,0,2380
IRL,2,2,7,,2,99,1,EURO,1,0,2497
IRL,2,2,8,,2,99,1,EURO,1,0,6748
IRL,2,2,9,,1,99,1,EURO,1,0,16785
IRL,2,3,0,,99,99,1,EURO,1,0,200
IRL,2,3,1,,3,0,1,EURO,1,0,28815
IRL,2,3,2,,3,0,1,EURO,1,0,179156
IRL,2,3,3,,3,0,1,EURO,1,0,50830
IRL,2,3,4,,2,1,1,EURO,1,0,43318
IRL,2,3,5,,2,1,1,EURO,1,0,40683
IRL,2,3,6,,2,1,1,EURO,1,0,1319
IRL,2,3,7,,2,1,1,EURO,1,0,2446
IRL,2,3,8,,2,1,1,EURO,1,0,2010
IRL,2,3,9,,1,1,1,EURO,1,0,7084
IRL,2,99,0,,99,99,1,EURO,1,0,9
IRL,2,99,1,,3,99,1,EURO,1,0,492
IRL,2,99,2,,3,99,1,EURO,1,0,1409
IRL,2,99,3,,3,99,1,EURO,1,0,1063
IRL,2,99,4,,2,99,1,EURO,1,0,1157
IRL,2,99,5,,2,99,1,EURO,1,0,3565
IRL,2,99,6,,2,99,1,EURO,1,0,173
IRL,2,99,7,,2,99,1,EURO,1,0,129
IRL,2,99,8,,2,99,1,EURO,1,0,279
IRL,2,99,9,,1,99,1,EURO,1,0,25144
IRL,1,1,0,,99,99,1,EURO,1,1,86
IRL,1,1,1,,3,99,1,EURO,1,1,1240
IRL,1,1,2,,3,99,1,EURO,1,1,511
IRL,1,1,3,,3,99,1,EURO,1,1,1406
IRL,1,1,4,,2,99,1,EURO,1,1,673
IRL,1,1,5,,2,99,1,EURO,1,1,2329
IRL,1,1,6,,2,99,1,EURO,1,1,1003
IRL,1,1,7,,2,99,1,EURO,1,1,4591
IRL,1,1,8,,2,99,1,EURO,1,1,4164
IRL,1,1,9,,1,99,1,EURO,1,1,4932
IRL,1,2,0,,99,99,1,EURO,1,1,194
IRL,1,2,1,,3,99,1,EURO,1,1,4691
IRL,1,2,2,,3,99,1,EURO,1,1,3769
IRL,1,2,3,,3,99,1,EURO,1,1,7807
IRL,1,2,4,,2,99,1,EURO,1,1,2799
IRL,1,2,5,,2,99,1,EURO,1,1,8703
IRL,1,2,6,,2,99,1,EURO,1,1,1773
IRL,1,2,7,,2,99,1,EURO,1,1,16108
IRL,1,2,8,,2,99,1,EURO,1,1,10890
IRL,1,2,9,,1,99,1,EURO,1,1,13466
IRL,1,3,0,,99,99,1,EURO,1,1,109
IRL,1,3,1,,3,0,1,EURO,1,1,7409
IRL,1,3,2,,3,0,1,EURO,1,1,25994
IRL,1,3,3,,3,0,1,EURO,1,1,9859
IRL,1,3,4,,2,1,1,EURO,1,1,4253
IRL,1,3,5,,2,1,1,EURO,1,1,4797
IRL,1,3,6,,2,1,1,EURO,1,1,672
IRL,1,3,7,,2,1,1,EURO,1,1,4139
IRL,1,3,8,,2,1,1,EURO,1,1,2874
IRL,1,3,9,,1,1,1,EURO,1,1,4310
IRL,1,99,0,,99,99,1,EURO,1,1,8
IRL,1,99,1,,3,99,1,EURO,1,1,241
IRL,1,99,2,,3,99,1,EURO,1,1,287
IRL,1,99,3,,3,99,1,EURO,1,1,413
IRL,1,99,4,,2,99,1,EURO,1,1,150
IRL,1,99,5,,2,99,1,EURO,1,1,536
IRL,1,99,6,,2,99,1,EURO,1,1,112
IRL,1,99,7,,2,99,1,EURO,1,1,920
IRL,1,99,8,,2,99,1,EURO,1,1,723
IRL,1,99,9,,1,99,1,EURO,1,1,3832
IRL,2,1,1,,3,99,1,EURO,1,1,553
IRL,2,1,2,,3,99,1,EURO,1,1,219
IRL,2,1,3,,3,99,1,EURO,1,1,912
IRL,2,1,4,,2,99,1,EURO,1,1,986
IRL,2,1,5,,2,99,1,EURO,1,1,4263
IRL,2,1,6,,2,99,1,EURO,1,1,87
IRL,2,1,7,,2,99,1,EURO,1,1,247
IRL,2,1,8,,2,99,1,EURO,1,1,796
IRL,2,1,9,,1,99,1,EURO,1,1,3399
IRL,2,2,0,,99,99,1,EURO,1,1,9
IRL,2,2,1,,3,99,1,EURO,1,1,3015
IRL,2,2,2,,3,99,1,EURO,1,1,2127
IRL,2,2,3,,3,99,1,EURO,1,1,5705
IRL,2,2,4,,2,99,1,EURO,1,1,6193
IRL,2,2,5,,2,99,1,EURO,1,1,18766
IRL,2,2,6,,2,99,1,EURO,1,1,280
IRL,2,2,7,,2,99,1,EURO,1,1,1318
IRL,2,2,8,,2,99,1,EURO,1,1,3276
IRL,2,2,9,,1,99,1,EURO,1,1,11430
IRL,2,3,0,,99,99,1,EURO,1,1,8
IRL,2,3,1,,3,0,1,EURO,1,1,5921
IRL,2,3,2,,3,0,1,EURO,1,1,27224
IRL,2,3,3,,3,0,1,EURO,1,1,10297
IRL,2,3,4,,2,1,1,EURO,1,1,9951
IRL,2,3,5,,2,1,1,EURO,1,1,12822
IRL,2,3,6,,2,1,1,EURO,1,1,245
IRL,2,3,7,,2,1,1,EURO,1,1,1085
IRL,2,3,8,,2,1,1,EURO,1,1,1617
IRL,2,3,9,,1,1,1,EURO,1,1,5577
IRL,2,99,0,,99,99,1,EURO,1,1,1
IRL,2,99,1,,3,99,1,EURO,1,1,218
IRL,2,99,2,,3,99,1,EURO,1,1,265
IRL,2,99,3,,3,99,1,EURO,1,1,305
IRL,2,99,4,,2,99,1,EURO,1,1,282
IRL,2,99,5,,2,99,1,EURO,1,1,1313
IRL,2,99,6,,2,99,1,EURO,1,1,31
IRL,2,99,7,,2,99,1,EURO,1,1,112
IRL,2,99,8,,2,99,1,EURO,1,1,291
IRL,2,99,9,,1,99,1,EURO,1,1,3179
IRL,1,1,0,,99,99,1,NOAM,1,1,1
IRL,1,1,1,,3,99,1,NOAM,1,1,28
IRL,1,1,2,,3,99,1,NOAM,1,1,11
IRL,1,1,3,,3,99,1,NOAM,1,1,15
IRL,1,1,4,,2,99,1,NOAM,1,1,13
IRL,1,1,5,,2,99,1,NOAM,1,1,48
IRL,1,1,6,,2,99,1,NOAM,1,1,53
IRL,1,1,7,,2,99,1,NOAM,1,1,54
IRL,1,1,8,,2,99,1,NOAM,1,1,66
IRL,1,1,9,,1,99,1,NOAM,1,1,48
IRL,1,2,0,,99,99,1,NOAM,1,1,6
IRL,1,2,1,,3,99,1,NOAM,1,1,170
IRL,1,2,2,,3,99,1,NOAM,1,1,193
IRL,1,2,3,,3,99,1,NOAM,1,1,216
IRL,1,2,4,,2,99,1,NOAM,1,1,97
IRL,1,2,5,,2,99,1,NOAM,1,1,277
IRL,1,2,6,,2,99,1,NOAM,1,1,68
IRL,1,2,7,,2,99,1,NOAM,1,1,334
IRL,1,2,8,,2,99,1,NOAM,1,1,123
IRL,1,2,9,,1,99,1,NOAM,1,1,193
IRL,1,3,0,,99,99,1,NOAM,1,1,9
IRL,1,3,1,,3,0,1,NOAM,1,1,558
IRL,1,3,2,,3,0,1,NOAM,1,1,2355
IRL,1,3,3,,3,0,1,NOAM,1,1,583
IRL,1,3,4,,2,1,1,NOAM,1,1,218
IRL,1,3,5,,2,1,1,NOAM,1,1,252
IRL,1,3,6,,2,1,1,NOAM,1,1,57
IRL,1,3,7,,2,1,1,NOAM,1,1,153
IRL,1,3,8,,2,1,1,NOAM,1,1,53
IRL,1,3,9,,1,1,1,NOAM,1,1,167
IRL,1,99,1,,3,99,1,NOAM,1,1,10
IRL,1,99,2,,3,99,1,NOAM,1,1,19
IRL,1,99,3,,3,99,1,NOAM,1,1,6
IRL,1,99,4,,2,99,1,NOAM,1,1,4
IRL,1,99,5,,2,99,1,NOAM,1,1,8
IRL,1,99,6,,2,99,1,NOAM,1,1,3
IRL,1,99,7,,2,99,1,NOAM,1,1,9
IRL,1,99,8,,2,99,1,NOAM,1,1,3
IRL,1,99,9,,1,99,1,NOAM,1,1,115
IRL,2,1,1,,3,99,1,NOAM,1,1,8
IRL,2,1,2,,3,99,1,NOAM,1,1,6
IRL,2,1,3,,3,99,1,NOAM,1,1,11
IRL,2,1,4,,2,99,1,NOAM,1,1,19
IRL,2,1,5,,2,99,1,NOAM,1,1,53
IRL,2,1,6,,2,99,1,NOAM,1,1,5
IRL,2,1,7,,2,99,1,NOAM,1,1,1
IRL,2,1,8,,2,99,1,NOAM,1,1,8
IRL,2,1,9,,1,99,1,NOAM,1,1,24
IRL,2,2,1,,3,99,1,NOAM,1,1,110
IRL,2,2,2,,3,99,1,NOAM,1,1,124
IRL,2,2,3,,3,99,1,NOAM,1,1,286
IRL,2,2,4,,2,99,1,NOAM,1,1,321
IRL,2,2,5,,2,99,1,NOAM,1,1,545
IRL,2,2,6,,2,99,1,NOAM,1,1,19
IRL,2,2,7,,2,99,1,NOAM,1,1,23
IRL,2,2,8,,2,99,1,NOAM,1,1,29
IRL,2,2,9,,1,99,1,NOAM,1,1,110
IRL,2,3,0,,99,99,1,NOAM,1,1,3
IRL,2,3,1,,3,0,1,NOAM,1,1,513
IRL,2,3,2,,3,0,1,NOAM,1,1,3107
IRL,2,3,3,,3,0,1,NOAM,1,1,759
IRL,2,3,4,,2,1,1,NOAM,1,1,685
IRL,2,3,5,,2,1,1,NOAM,1,1,628
IRL,2,3,6,,2,1,1,NOAM,1,1,36
IRL,2,3,7,,2,1,1,NOAM,1,1,54
IRL,2,3,8,,2,1,1,NOAM,1,1,27
IRL,2,3,9,,1,1,1,NOAM,1,1,180
IRL,2,99,1,,3,99,1,NOAM,1,1,4
IRL,2,99,2,,3,99,1,NOAM,1,1,18
IRL,2,99,3,,3,99,1,NOAM,1,1,9
IRL,2,99,4,,2,99,1,NOAM,1,1,10
IRL,2,99,5,,2,99,1,NOAM,1,1,12
IRL,2,99,6,,2,99,1,NOAM,1,1,3
IRL,2,99,7,,2,99,1,NOAM,1,1,1
IRL,2,99,8,,2,99,1,NOAM,1,1,2
IRL,2,99,9,,1,99,1,NOAM,1,1,128
IRL,1,1,7,,2,99,1,OCEA,0,1,1
IRL,1,1,8,,2,99,1,OCEA,0,1,3
IRL,1,2,2,,3,99,1,OCEA,0,1,2
IRL,1,2,3,,3,99,1,OCEA,0,1,5
IRL,1,2,4,,2,99,1,OCEA,0,1,1
IRL,1,2,5,,2,99,1,OCEA,0,1,2
IRL,1,2,7,,2,99,1,OCEA,0,1,2
IRL,1,2,9,,1,99,1,OCEA,0,1,4
IRL,1,3,1,,3,0,1,OCEA,0,1,3
IRL,1,3,2,,3,0,1,OCEA,0,1,11
IRL,1,3,3,,3,0,1,OCEA,0,1,7
IRL,1,3,4,,2,1,1,OCEA,0,1,4
IRL,1,3,5,,2,1,1,OCEA,0,1,2
IRL,1,3,7,,2,1,1,OCEA,0,1,1
IRL,1,3,8,,2,1,1,OCEA,0,1,1
IRL,1,3,9,,1,1,1,OCEA,0,1,2
IRL,1,99,2,,3,99,1,OCEA,0,1,1
IRL,2,1,9,,1,99,1,OCEA,0,1,1
IRL,2,2,1,,3,99,1,OCEA,0,1,1
IRL,2,2,2,,3,99,1,OCEA,0,1,2
IRL,2,2,3,,3,99,1,OCEA,0,1,6
IRL,2,2,4,,2,99,1,OCEA,0,1,6
IRL,2,2,5,,2,99,1,OCEA,0,1,8
IRL,2,2,6,,2,99,1,OCEA,0,1,1
IRL,2,2,9,,1,99,1,OCEA,0,1,1
IRL,2,3,1,,3,0,1,OCEA,0,1,3
IRL,2,3,2,,3,0,1,OCEA,0,1,11
IRL,2,3,3,,3,0,1,OCEA,0,1,3
IRL,2,3,4,,2,1,1,OCEA,0,1,3
IRL,2,3,5,,2,1,1,OCEA,0,1,1
IRL,2,3,7,,2,1,1,OCEA,0,1,1
IRL,2,99,9,,1,99,1,OCEA,0,1,1
IRL,1,1,1,,3,99,1,OCEA,1,1,14
IRL,1,1,2,,3,99,1,OCEA,1,1,10
IRL,1,1,3,,3,99,1,OCEA,1,1,11
IRL,1,1,4,,2,99,1,OCEA,1,1,6
IRL,1,1,5,,2,99,1,OCEA,1,1,20
IRL,1,1,6,,2,99,1,OCEA,1,1,6
IRL,1,1,7,,2,99,1,OCEA,1,1,23
IRL,1,1,8,,2,99,1,OCEA,1,1,19
IRL,1,1,9,,1,99,1,OCEA,1,1,22
IRL,1,2,0,,99,99,1,OCEA,1,1,1
IRL,1,2,1,,3,99,1,OCEA,1,1,98
IRL,1,2,2,,3,99,1,OCEA,1,1,93
IRL,1,2,3,,3,99,1,OCEA,1,1,174
IRL,1,2,4,,2,99,1,OCEA,1,1,38
IRL,1,2,5,,2,99,1,OCEA,1,1,105
IRL,1,2,6,,2,99,1,OCEA,1,1,29
IRL,1,2,7,,2,99,1,OCEA,1,1,181
IRL,1,2,8,,2,99,1,OCEA,1,1,50
IRL,1,2,9,,1,99,1,OCEA,1,1,64
IRL,1,3,0,,99,99,1,OCEA,1,1,2
IRL,1,3,1,,3,0,1,OCEA,1,1,180
IRL,1,3,2,,3,0,1,OCEA,1,1,727
IRL,1,3,3,,3,0,1,OCEA,1,1,227
IRL,1,3,4,,2,1,1,OCEA,1,1,62
IRL,1,3,5,,2,1,1,OCEA,1,1,72
IRL,1,3,6,,2,1,1,OCEA,1,1,14
IRL,1,3,7,,2,1,1,OCEA,1,1,63
IRL,1,3,8,,2,1,1,OCEA,1,1,31
IRL,1,3,9,,1,1,1,OCEA,1,1,47
IRL,1,99,1,,3,99,1,OCEA,1,1,3
IRL,1,99,2,,3,99,1,OCEA,1,1,2
IRL,1,99,3,,3,99,1,OCEA,1,1,4
IRL,1,99,4,,2,99,1,OCEA,1,1,1
IRL,1,99,6,,2,99,1,OCEA,1,1,4
IRL,1,99,7,,2,99,1,OCEA,1,1,1
IRL,1,99,8,,2,99,1,OCEA,1,1,6
IRL,1,99,9,,1,99,1,OCEA,1,1,25
IRL,2,1,1,,3,99,1,OCEA,1,1,3
IRL,2,1,2,,3,99,1,OCEA,1,1,6
IRL,2,1,3,,3,99,1,OCEA,1,1,14
IRL,2,1,4,,2,99,1,OCEA,1,1,8
IRL,2,1,5,,2,99,1,OCEA,1,1,21
IRL,2,1,8,,2,99,1,OCEA,1,1,1
IRL,2,1,9,,1,99,1,OCEA,1,1,9
IRL,2,2,1,,3,99,1,OCEA,1,1,30
IRL,2,2,2,,3,99,1,OCEA,1,1,41
IRL,2,2,3,,3,99,1,OCEA,1,1,96
IRL,2,2,4,,2,99,1,OCEA,1,1,80
IRL,2,2,5,,2,99,1,OCEA,1,1,155
IRL,2,2,6,,2,99,1,OCEA,1,1,4
IRL,2,2,7,,2,99,1,OCEA,1,1,7
IRL,2,2,8,,2,99,1,OCEA,1,1,5
IRL,2,2,9,,1,99,1,OCEA,1,1,22
IRL,2,3,1,,3,0,1,OCEA,1,1,108
IRL,2,3,2,,3,0,1,OCEA,1,1,685
IRL,2,3,3,,3,0,1,OCEA,1,1,179
IRL,2,3,4,,2,1,1,OCEA,1,1,133
IRL,2,3,5,,2,1,1,OCEA,1,1,147
IRL,2,3,6,,2,1,1,OCEA,1,1,3
IRL,2,3,7,,2,1,1,OCEA,1,1,8
IRL,2,3,8,,2,1,1,OCEA,1,1,5
IRL,2,3,9,,1,1,1,OCEA,1,1,26
IRL,2,99,1,,3,99,1,OCEA,1,1,1
IRL,2,99,2,,3,99,1,OCEA,1,1,5
IRL,2,99,3,,3,99,1,OCEA,1,1,1
IRL,2,99,4,,2,99,1,OCEA,1,1,3
IRL,2,99,5,,2,99,1,OCEA,1,1,3
IRL,2,99,6,,2,99,1,OCEA,1,1,1
IRL,2,99,9,,1,99,1,OCEA,1,1,14
IRL,1,1,1,,3,99,1,SCAC,0,1,13
IRL,1,1,2,,3,99,1,SCAC,0,1,10
IRL,1,1,3,,3,99,1,SCAC,0,1,43
IRL,1,1,4,,2,99,1,SCAC,0,1,8
IRL,1,1,5,,2,99,1,SCAC,0,1,53
IRL,1,1,6,,2,99,1,SCAC,0,1,22
IRL,1,1,7,,2,99,1,SCAC,0,1,288
IRL,1,1,8,,2,99,1,SCAC,0,1,112
IRL,1,1,9,,1,99,1,SCAC,0,1,222
IRL,1,2,1,,3,99,1,SCAC,0,1,68
IRL,1,2,2,,3,99,1,SCAC,0,1,107
IRL,1,2,3,,3,99,1,SCAC,0,1,232
IRL,1,2,4,,2,99,1,SCAC,0,1,89
IRL,1,2,5,,2,99,1,SCAC,0,1,292
IRL,1,2,6,,2,99,1,SCAC,0,1,25
IRL,1,2,7,,2,99,1,SCAC,0,1,211
IRL,1,2,8,,2,99,1,SCAC,0,1,122
IRL,1,2,9,,1,99,1,SCAC,0,1,451
IRL,1,3,1,,3,0,1,SCAC,0,1,178
IRL,1,3,2,,3,0,1,SCAC,0,1,1103
IRL,1,3,3,,3,0,1,SCAC,0,1,477
IRL,1,3,4,,2,1,1,SCAC,0,1,245
IRL,1,3,5,,2,1,1,SCAC,0,1,478
IRL,1,3,6,,2,1,1,SCAC,0,1,10
IRL,1,3,7,,2,1,1,SCAC,0,1,105
IRL,1,3,8,,2,1,1,SCAC,0,1,54
IRL,1,3,9,,1,1,1,SCAC,0,1,711
IRL,1,99,1,,3,99,1,SCAC,0,1,5
IRL,1,99,2,,3,99,1,SCAC,0,1,16
IRL,1,99,3,,3,99,1,SCAC,0,1,24
IRL,1,99,4,,2,99,1,SCAC,0,1,11
IRL,1,99,5,,2,99,1,SCAC,0,1,29
IRL,1,99,6,,2,99,1,SCAC,0,1,5
IRL,1,99,7,,2,99,1,SCAC,0,1,38
IRL,1,99,8,,2,99,1,SCAC,0,1,20
IRL,1,99,9,,1,99,1,SCAC,0,1,192
IRL,2,1,1,,3,99,1,SCAC,0,1,6
IRL,2,1,2,,3,99,1,SCAC,0,1,3
IRL,2,1,3,,3,99,1,SCAC,0,1,7
IRL,2,1,4,,2,99,1,SCAC,0,1,8
IRL,2,1,5,,2,99,1,SCAC,0,1,90
IRL,2,1,6,,2,99,1,SCAC,0,1,3
IRL,2,1,7,,2,99,1,SCAC,0,1,20
IRL,2,1,8,,2,99,1,SCAC,0,1,18
IRL,2,1,9,,1,99,1,SCAC,0,1,167
IRL,2,2,1,,3,99,1,SCAC,0,1,33
IRL,2,2,2,,3,99,1,SCAC,0,1,47
IRL,2,2,3,,3,99,1,SCAC,0,1,107
IRL,2,2,4,,2,99,1,SCAC,0,1,92
IRL,2,2,5,,2,99,1,SCAC,0,1,473
IRL,2,2,6,,2,99,1,SCAC,0,1,1
IRL,2,2,7,,2,99,1,SCAC,0,1,25
IRL,2,2,8,,2,99,1,SCAC,0,1,42
IRL,2,2,9,,1,99,1,SCAC,0,1,332
IRL,2,3,1,,3,0,1,SCAC,0,1,165
IRL,2,3,2,,3,0,1,SCAC,0,1,867
IRL,2,3,3,,3,0,1,SCAC,0,1,392
IRL,2,3,4,,2,1,1,SCAC,0,1,496
IRL,2,3,5,,2,1,1,SCAC,0,1,1035
IRL,2,3,7,,2,1,1,SCAC,0,1,49
IRL,2,3,8,,2,1,1,SCAC,0,1,27
IRL,2,3,9,,1,1,1,SCAC,0,1,666
IRL,2,99,1,,3,99,1,SCAC,0,1,6
IRL,2,99,2,,3,99,1,SCAC,0,1,10
IRL,2,99,3,,3,99,1,SCAC,0,1,6
IRL,2,99,4,,2,99,1,SCAC,0,1,12
IRL,2,99,5,,2,99,1,SCAC,0,1,48
IRL,2,99,6,,2,99,1,SCAC,0,1,1
IRL,2,99,7,,2,99,1,SCAC,0,1,3
IRL,2,99,8,,2,99,1,SCAC,0,1,2
IRL,2,99,9,,1,99,1,SCAC,0,1,164
IRL,1,1,1,,3,99,1,SCAC,1,1,3
IRL,1,1,3,,3,99,1,SCAC,1,1,1
IRL,1,1,4,,2,99,1,SCAC,1,1,2
IRL,1,1,5,,2,99,1,SCAC,1,1,1
IRL,1,1,8,,2,99,1,SCAC,1,1,2
IRL,1,1,9,,1,99,1,SCAC,1,1,2
IRL,1,2,1,,3,99,1,SCAC,1,1,4
IRL,1,2,2,,3,99,1,SCAC,1,1,6
IRL,1,2,3,,3,99,1,SCAC,1,1,30
IRL,1,2,4,,2,99,1,SCAC,1,1,6
IRL,1,2,5,,2,99,1,SCAC,1,1,9
IRL,1,2,7,,2,99,1,SCAC,1,1,3
IRL,1,2,8,,2,99,1,SCAC,1,1,4
IRL,1,2,9,,1,99,1,SCAC,1,1,18
IRL,1,3,1,,3,0,1,SCAC,1,1,23
IRL,1,3,2,,3,0,1,SCAC,1,1,99
IRL,1,3,3,,3,0,1,SCAC,1,1,48
IRL,1,3,4,,2,1,1,SCAC,1,1,19
IRL,1,3,5,,2,1,1,SCAC,1,1,43
IRL,1,3,7,,2,1,1,SCAC,1,1,4
IRL,1,3,8,,2,1,1,SCAC,1,1,5
IRL,1,3,9,,1,1,1,SCAC,1,1,32
IRL,1,99,2,,3,99,1,SCAC,1,1,2
IRL,1,99,5,,2,99,1,SCAC,1,1,3
IRL,1,99,8,,2,99,1,SCAC,1,1,1
IRL,1,99,9,,1,99,1,SCAC,1,1,6
IRL,2,1,5,,2,99,1,SCAC,1,1,1
IRL,2,1,9,,1,99,1,SCAC,1,1,2
IRL,2,2,1,,3,99,1,SCAC,1,1,3
IRL,2,2,2,,3,99,1,SCAC,1,1,4
IRL,2,2,3,,3,99,1,SCAC,1,1,7
IRL,2,2,4,,2,99,1,SCAC,1,1,6
IRL,2,2,5,,2,99,1,SCAC,1,1,23
IRL,2,2,8,,2,99,1,SCAC,1,1,4
IRL,2,2,9,,1,99,1,SCAC,1,1,15
IRL,2,3,1,,3,0,1,SCAC,1,1,24
IRL,2,3,2,,3,0,1,SCAC,1,1,86
IRL,2,3,3,,3,0,1,SCAC,1,1,46
IRL,2,3,4,,2,1,1,SCAC,1,1,55
IRL,2,3,5,,2,1,1,SCAC,1,1,65
IRL,2,3,6,,2,1,1,SCAC,1,1,1
IRL,2,3,7,,2,1,1,SCAC,1,1,2
IRL,2,3,8,,2,1,1,SCAC,1,1,1
IRL,2,3,9,,1,1,1,SCAC,1,1,39
IRL,2,99,2,,3,99,1,SCAC,1,1,1
IRL,2,99,3,,3,99,1,SCAC,1,1,2
IRL,2,99,4,,2,99,1,SCAC,1,1,1
IRL,2,99,5,,2,99,1,SCAC,1,1,1
IRL,2,99,9,,1,99,1,SCAC,1,1,10
IRL,1,1,5,,2,99,1,UNK,0,99,1
IRL,1,1,6,,2,99,1,UNK,0,99,1
IRL,1,1,7,,2,99,1,UNK,0,99,2
IRL,1,1,8,,2,99,1,UNK,0,99,1
IRL,1,2,1,,3,99,1,UNK,0,99,1
IRL,1,2,3,,3,99,1,UNK,0,99,2
IRL,1,2,4,,2,99,1,UNK,0,99,2
IRL,1,2,5,,2,99,1,UNK,0,99,2
IRL,1,2,7,,2,99,1,UNK,0,99,3
IRL,1,2,8,,2,99,1,UNK,0,99,1
IRL,1,2,9,,1,99,1,UNK,0,99,1
IRL,1,3,1,,3,0,1,UNK,0,99,4
IRL,1,3,2,,3,0,1,UNK,0,99,9
IRL,1,3,3,,3,0,1,UNK,0,99,1
IRL,1,3,4,,2,1,1,UNK,0,99,2
IRL,1,3,5,,2,1,1,UNK,0,99,1
IRL,1,3,7,,2,1,1,UNK,0,99,1
IRL,1,3,9,,1,1,1,UNK,0,99,1
IRL,1,99,7,,2,99,1,UNK,0,99,1
IRL,1,99,9,,1,99,1,UNK,0,99,2
IRL,2,1,5,,2,99,1,UNK,0,99,2
IRL,2,2,3,,3,99,1,UNK,0,99,1
IRL,2,2,4,,2,99,1,UNK,0,99,1
IRL,2,2,5,,2,99,1,UNK,0,99,7
IRL,2,2,7,,2,99,1,UNK,0,99,1
IRL,2,2,9,,1,99,1,UNK,0,99,2
IRL,2,3,1,,3,0,1,UNK,0,99,2
IRL,2,3,2,,3,0,1,UNK,0,99,3
IRL,2,3,3,,3,0,1,UNK,0,99,1
IRL,2,3,4,,2,1,1,UNK,0,99,1
IRL,2,3,5,,2,1,1,UNK,0,99,2
IRL,2,3,9,,1,1,1,UNK,0,99,1
IRL,2,99,5,,2,99,1,UNK,0,99,1
IRL,2,99,9,,1,99,1,UNK,0,99,1
ISL,1,1,2,,3,99,1,AFRI,0,1,4
ISL,1,1,3,,3,99,1,AFRI,0,1,4
ISL,1,1,5,,2,99,1,AFRI,0,1,29
ISL,1,1,6,,2,99,1,AFRI,0,1,3
ISL,1,1,7,,2,99,1,AFRI,0,1,7
ISL,1,1,8,,2,99,1,AFRI,0,1,8
ISL,1,1,9,,1,99,1,AFRI,0,1,41
ISL,1,2,2,,3,99,1,AFRI,0,1,5
ISL,1,2,3,,3,99,1,AFRI,0,1,10
ISL,1,2,4,,2,99,1,AFRI,0,1,2
ISL,1,2,5,,2,99,1,AFRI,0,1,16
ISL,1,2,6,,2,99,1,AFRI,0,1,6
ISL,1,2,7,,2,99,1,AFRI,0,1,12
ISL,1,2,8,,2,99,1,AFRI,0,1,11
ISL,1,2,9,,1,99,1,AFRI,0,1,57
ISL,1,3,1,,3,0,1,AFRI,0,1,3
ISL,1,3,2,,3,0,1,AFRI,0,1,19
ISL,1,3,3,,3,0,1,AFRI,0,1,8
ISL,1,3,4,,2,1,1,AFRI,0,1,1
ISL,1,3,5,,2,1,1,AFRI,0,1,12
ISL,1,3,6,,2,1,1,AFRI,0,1,2
ISL,1,3,7,,2,1,1,AFRI,0,1,13
ISL,1,3,8,,2,1,1,AFRI,0,1,1
ISL,1,3,9,,1,1,1,AFRI,0,1,27
ISL,2,1,1,,3,99,1,AFRI,0,1,1
ISL,2,1,2,,3,99,1,AFRI,0,1,19
ISL,2,1,3,,3,99,1,AFRI,0,1,1
ISL,2,1,4,,2,99,1,AFRI,0,1,3
ISL,2,1,5,,2,99,1,AFRI,0,1,55
ISL,2,1,7,,2,99,1,AFRI,0,1,3
ISL,2,1,8,,2,99,1,AFRI,0,1,2
ISL,2,1,9,,1,99,1,AFRI,0,1,30
ISL,2,2,1,,3,99,1,AFRI,0,1,3
ISL,2,2,2,,3,99,1,AFRI,0,1,8
ISL,2,2,3,,3,99,1,AFRI,0,1,7
ISL,2,2,4,,2,99,1,AFRI,0,1,6
ISL,2,2,5,,2,99,1,AFRI,0,1,39
ISL,2,2,6,,2,99,1,AFRI,0,1,1
ISL,2,2,7,,2,99,1,AFRI,0,1,4
ISL,2,2,9,,1,99,1,AFRI,0,1,23
ISL,2,3,1,,3,0,1,AFRI,0,1,1
ISL,2,3,2,,3,0,1,AFRI,0,1,25
ISL,2,3,3,,3,0,1,AFRI,0,1,1
ISL,2,3,4,,2,1,1,AFRI,0,1,4
ISL,2,3,5,,2,1,1,AFRI,0,1,27
ISL,2,3,9,,1,1,1,AFRI,0,1,18
ISL,1,1,1,,3,99,1,ASIA,0,1,7
ISL,1,1,2,,3,99,1,ASIA,0,1,30
ISL,1,1,3,,3,99,1,ASIA,0,1,52
ISL,1,1,4,,2,99,1,ASIA,0,1,19
ISL,1,1,5,,2,99,1,ASIA,0,1,147
ISL,1,1,6,,2,99,1,ASIA,0,1,14
ISL,1,1,7,,2,99,1,ASIA,0,1,70
ISL,1,1,8,,2,99,1,ASIA,0,1,26
ISL,1,1,9,,1,99,1,ASIA,0,1,220
ISL,1,2,1,,3,99,1,ASIA,0,1,6
ISL,1,2,2,,3,99,1,ASIA,0,1,45
ISL,1,2,3,,3,99,1,ASIA,0,1,127
ISL,1,2,4,,2,99,1,ASIA,0,1,13
ISL,1,2,5,,2,99,1,ASIA,0,1,93
ISL,1,2,6,,2,99,1,ASIA,0,1,8
ISL,1,2,7,,2,99,1,ASIA,0,1,84
ISL,1,2,8,,2,99,1,ASIA,0,1,29
ISL,1,2,9,,1,99,1,ASIA,0,1,72
ISL,1,2,99,,99,99,1,ASIA,0,1,1
ISL,1,3,1,,3,0,1,ASIA,0,1,5
ISL,1,3,2,,3,0,1,ASIA,0,1,105
ISL,1,3,3,,3,0,1,ASIA,0,1,13
ISL,1,3,4,,2,1,1,ASIA,0,1,3
ISL,1,3,5,,2,1,1,ASIA,0,1,35
ISL,1,3,6,,2,1,1,ASIA,0,1,9
ISL,1,3,7,,2,1,1,ASIA,0,1,33
ISL,1,3,8,,2,1,1,ASIA,0,1,19
ISL,1,3,9,,1,1,1,ASIA,0,1,76
ISL,2,1,1,,3,99,1,ASIA,0,1,31
ISL,2,1,2,,3,99,1,ASIA,0,1,119
ISL,2,1,3,,3,99,1,ASIA,0,1,63
ISL,2,1,4,,2,99,1,ASIA,0,1,38
ISL,2,1,5,,2,99,1,ASIA,0,1,287
ISL,2,1,6,,2,99,1,ASIA,0,1,2
ISL,2,1,7,,2,99,1,ASIA,0,1,129
ISL,2,1,8,,2,99,1,ASIA,0,1,8
ISL,2,1,9,,1,99,1,ASIA,0,1,292
ISL,2,2,1,,3,99,1,ASIA,0,1,13
ISL,2,2,2,,3,99,1,ASIA,0,1,83
ISL,2,2,3,,3,99,1,ASIA,0,1,196
ISL,2,2,4,,2,99,1,ASIA,0,1,36
ISL,2,2,5,,2,99,1,ASIA,0,1,157
ISL,2,2,6,,2,99,1,ASIA,0,1,2
ISL,2,2,7,,2,99,1,ASIA,0,1,72
ISL,2,2,8,,2,99,1,ASIA,0,1,21
ISL,2,2,9,,1,99,1,ASIA,0,1,195
ISL,2,3,1,,3,0,1,ASIA,0,1,12
ISL,2,3,2,,3,0,1,ASIA,0,1,102
ISL,2,3,3,,3,0,1,ASIA,0,1,125
ISL,2,3,4,,2,1,1,ASIA,0,1,34
ISL,2,3,5,,2,1,1,ASIA,0,1,79
ISL,2,3,6,,2,1,1,ASIA,0,1,2
ISL,2,3,7,,2,1,1,ASIA,0,1,48
ISL,2,3,8,,2,1,1,ASIA,0,1,6
ISL,2,3,9,,1,1,1,ASIA,0,1,40
ISL,1,1,3,,3,99,1,ASIA,1,1,4
ISL,1,2,2,,3,99,1,ASIA,1,1,6
ISL,1,2,3,,3,99,1,ASIA,1,1,3
ISL,1,2,5,,2,99,1,ASIA,1,1,2
ISL,1,2,7,,2,99,1,ASIA,1,1,1
ISL,1,2,8,,2,99,1,ASIA,1,1,1
ISL,1,2,9,,1,99,1,ASIA,1,1,6
ISL,1,3,2,,3,0,1,ASIA,1,1,5
ISL,1,3,3,,3,0,1,ASIA,1,1,1
ISL,1,3,5,,2,1,1,ASIA,1,1,2
ISL,1,3,7,,2,1,1,ASIA,1,1,3
ISL,1,3,9,,1,1,1,ASIA,1,1,3
ISL,2,1,5,,2,99,1,ASIA,1,1,2
ISL,2,1,9,,1,99,1,ASIA,1,1,3
ISL,2,2,1,,3,99,1,ASIA,1,1,1
ISL,2,2,2,,3,99,1,ASIA,1,1,4
ISL,2,2,3,,3,99,1,ASIA,1,1,3
ISL,2,2,5,,2,99,1,ASIA,1,1,5
ISL,2,2,9,,1,99,1,ASIA,1,1,3
ISL,2,3,1,,3,0,1,ASIA,1,1,1
ISL,2,3,2,,3,0,1,ASIA,1,1,6
ISL,2,3,3,,3,0,1,ASIA,1,1,1
ISL,2,3,5,,2,1,1,ASIA,1,1,6
ISL,2,3,9,,1,1,1,ASIA,1,1,3
ISL,1,1,1,,3,99,1,EURO,0,1,4
ISL,1,1,2,,3,99,1,EURO,0,1,33
ISL,1,1,3,,3,99,1,EURO,0,1,7
ISL,1,1,4,,2,99,1,EURO,0,1,6
ISL,1,1,5,,2,99,1,EURO,0,1,58
ISL,1,1,6,,2,99,1,EURO,0,1,6
ISL,1,1,7,,2,99,1,EURO,0,1,23
ISL,1,1,8,,2,99,1,EURO,0,1,19
ISL,1,1,9,,1,99,1,EURO,0,1,50
ISL,1,2,1,,3,99,1,EURO,0,1,6
ISL,1,2,2,,3,99,1,EURO,0,1,17
ISL,1,2,3,,3,99,1,EURO,0,1,26
ISL,1,2,4,,2,99,1,EURO,0,1,9
ISL,1,2,5,,2,99,1,EURO,0,1,46
ISL,1,2,6,,2,99,1,EURO,0,1,9
ISL,1,2,7,,2,99,1,EURO,0,1,98
ISL,1,2,8,,2,99,1,EURO,0,1,60
ISL,1,2,9,,1,99,1,EURO,0,1,77
ISL,1,2,99,,99,99,1,EURO,0,1,1
ISL,1,3,1,,3,0,1,EURO,0,1,2
ISL,1,3,2,,3,0,1,EURO,0,1,40
ISL,1,3,3,,3,0,1,EURO,0,1,22
ISL,1,3,4,,2,1,1,EURO,0,1,2
ISL,1,3,5,,2,1,1,EURO,0,1,95
ISL,1,3,7,,2,1,1,EURO,0,1,49
ISL,1,3,8,,2,1,1,EURO,0,1,10
ISL,1,3,9,,1,1,1,EURO,0,1,34
ISL,2,1,1,,3,99,1,EURO,0,1,19
ISL,2,1,2,,3,99,1,EURO,0,1,24
ISL,2,1,3,,3,99,1,EURO,0,1,9
ISL,2,1,4,,2,99,1,EURO,0,1,5
ISL,2,1,5,,2,99,1,EURO,0,1,59
ISL,2,1,7,,2,99,1,EURO,0,1,6
ISL,2,1,9,,1,99,1,EURO,0,1,64
ISL,2,2,1,,3,99,1,EURO,0,1,5
ISL,2,2,2,,3,99,1,EURO,0,1,22
ISL,2,2,3,,3,99,1,EURO,0,1,12
ISL,2,2,4,,2,99,1,EURO,0,1,9
ISL,2,2,5,,2,99,1,EURO,0,1,118
ISL,2,2,6,,2,99,1,EURO,0,1,3
ISL,2,2,7,,2,99,1,EURO,0,1,15
ISL,2,2,8,,2,99,1,EURO,0,1,1
ISL,2,2,9,,1,99,1,EURO,0,1,36
ISL,2,3,1,,3,0,1,EURO,0,1,5
ISL,2,3,2,,3,0,1,EURO,0,1,139
ISL,2,3,3,,3,0,1,EURO,0,1,74
ISL,2,3,4,,2,1,1,EURO,0,1,39
ISL,2,3,5,,2,1,1,EURO,0,1,49
ISL,2,3,6,,2,1,1,EURO,0,1,2
ISL,2,3,7,,2,1,1,EURO,0,1,8
ISL,2,3,8,,2,1,1,EURO,0,1,2
ISL,2,3,9,,1,1,1,EURO,0,1,68
ISL,2,3,99,,99,99,1,EURO,0,1,1
ISL,1,1,1,,3,99,1,EURO,1,0,1500
ISL,1,1,2,,3,99,1,EURO,1,0,805
ISL,1,1,3,,3,99,1,EURO,1,0,2737
ISL,1,1,4,,2,99,1,EURO,1,0,412
ISL,1,1,5,,2,99,1,EURO,1,0,6533
ISL,1,1,6,,2,99,1,EURO,1,0,2303
ISL,1,1,7,,2,99,1,EURO,1,0,2408
ISL,1,1,8,,2,99,1,EURO,1,0,4389
ISL,1,1,9,,1,99,1,EURO,1,0,3864
ISL,1,1,99,,99,99,1,EURO,1,0,66
ISL,1,2,1,,3,99,1,EURO,1,0,5006
ISL,1,2,2,,3,99,1,EURO,1,0,2228
ISL,1,2,3,,3,99,1,EURO,1,0,7042
ISL,1,2,4,,2,99,1,EURO,1,0,571
ISL,1,2,5,,2,99,1,EURO,1,0,5982
ISL,1,2,6,,2,99,1,EURO,1,0,2281
ISL,1,2,7,,2,99,1,EURO,1,0,11731
ISL,1,2,8,,2,99,1,EURO,1,0,2333
ISL,1,2,9,,1,99,1,EURO,1,0,1511
ISL,1,2,99,,99,99,1,EURO,1,0,85
ISL,1,3,1,,3,0,1,EURO,1,0,5450
ISL,1,3,2,,3,0,1,EURO,1,0,13902
ISL,1,3,3,,3,0,1,EURO,1,0,2972
ISL,1,3,4,,2,1,1,EURO,1,0,280
ISL,1,3,5,,2,1,1,EURO,1,0,1087
ISL,1,3,6,,2,1,1,EURO,1,0,175
ISL,1,3,7,,2,1,1,EURO,1,0,440
ISL,1,3,8,,2,1,1,EURO,1,0,311
ISL,1,3,9,,1,1,1,EURO,1,0,221
ISL,1,3,99,,99,99,1,EURO,1,0,40
ISL,2,1,1,,3,99,1,EURO,1,0,755
ISL,2,1,2,,3,99,1,EURO,1,0,1257
ISL,2,1,3,,3,99,1,EURO,1,0,2396
ISL,2,1,4,,2,99,1,EURO,1,0,2826
ISL,2,1,5,,2,99,1,EURO,1,0,11805
ISL,2,1,6,,2,99,1,EURO,1,0,443
ISL,2,1,7,,2,99,1,EURO,1,0,802
ISL,2,1,8,,2,99,1,EURO,1,0,403
ISL,2,1,9,,1,99,1,EURO,1,0,2413
ISL,2,2,1,,3,99,1,EURO,1,0,1570
ISL,2,2,2,,3,99,1,EURO,1,0,2946
ISL,2,2,3,,3,99,1,EURO,1,0,6732
ISL,2,2,4,,2,99,1,EURO,1,0,2565
ISL,2,2,5,,2,99,1,EURO,1,0,8953
ISL,2,2,6,,2,99,1,EURO,1,0,333
ISL,2,2,7,,2,99,1,EURO,1,0,803
ISL,2,2,8,,2,99,1,EURO,1,0,154
ISL,2,2,9,,1,99,1,EURO,1,0,1008
ISL,2,2,99,,99,99,1,EURO,1,0,3
ISL,2,3,1,,3,0,1,EURO,1,0,3683
ISL,2,3,2,,3,0,1,EURO,1,0,19997
ISL,2,3,3,,3,0,1,EURO,1,0,3066
ISL,2,3,4,,2,1,1,EURO,1,0,954
ISL,2,3,5,,2,1,1,EURO,1,0,1968
ISL,2,3,6,,2,1,1,EURO,1,0,250
ISL,2,3,7,,2,1,1,EURO,1,0,154
ISL,2,3,8,,2,1,1,EURO,1,0,39
ISL,2,3,9,,1,1,1,EURO,1,0,322
ISL,2,3,99,,99,99,1,EURO,1,0,8
ISL,1,1,1,,3,99,1,EURO,1,1,37
ISL,1,1,2,,3,99,1,EURO,1,1,173
ISL,1,1,3,,3,99,1,EURO,1,1,395
ISL,1,1,4,,2,99,1,EURO,1,1,129
ISL,1,1,5,,2,99,1,EURO,1,1,317
ISL,1,1,6,,2,99,1,EURO,1,1,134
ISL,1,1,7,,2,99,1,EURO,1,1,563
ISL,1,1,8,,2,99,1,EURO,1,1,268
ISL,1,1,9,,1,99,1,EURO,1,1,338
ISL,1,1,99,,99,99,1,EURO,1,1,5
ISL,1,2,1,,3,99,1,EURO,1,1,102
ISL,1,2,2,,3,99,1,EURO,1,1,155
ISL,1,2,3,,3,99,1,EURO,1,1,721
ISL,1,2,4,,2,99,1,EURO,1,1,140
ISL,1,2,5,,2,99,1,EURO,1,1,326
ISL,1,2,6,,2,99,1,EURO,1,1,252
ISL,1,2,7,,2,99,1,EURO,1,1,1748
ISL,1,2,8,,2,99,1,EURO,1,1,760
ISL,1,2,9,,1,99,1,EURO,1,1,1292
ISL,1,2,99,,99,99,1,EURO,1,1,10
ISL,1,3,1,,3,0,1,EURO,1,1,142
ISL,1,3,2,,3,0,1,EURO,1,1,594
ISL,1,3,3,,3,0,1,EURO,1,1,167
ISL,1,3,4,,2,1,1,EURO,1,1,54
ISL,1,3,5,,2,1,1,EURO,1,1,299
ISL,1,3,6,,2,1,1,EURO,1,1,86
ISL,1,3,7,,2,1,1,EURO,1,1,329
ISL,1,3,8,,2,1,1,EURO,1,1,149
ISL,1,3,9,,1,1,1,EURO,1,1,277
ISL,1,3,99,,99,99,1,EURO,1,1,7
ISL,2,1,1,,3,99,1,EURO,1,1,42
ISL,2,1,2,,3,99,1,EURO,1,1,60
ISL,2,1,3,,3,99,1,EURO,1,1,114
ISL,2,1,4,,2,99,1,EURO,1,1,90
ISL,2,1,5,,2,99,1,EURO,1,1,484
ISL,2,1,6,,2,99,1,EURO,1,1,112
ISL,2,1,7,,2,99,1,EURO,1,1,121
ISL,2,1,8,,2,99,1,EURO,1,1,49
ISL,2,1,9,,1,99,1,EURO,1,1,435
ISL,2,1,99,,99,99,1,EURO,1,1,2
ISL,2,2,1,,3,99,1,EURO,1,1,53
ISL,2,2,2,,3,99,1,EURO,1,1,465
ISL,2,2,3,,3,99,1,EURO,1,1,591
ISL,2,2,4,,2,99,1,EURO,1,1,295
ISL,2,2,5,,2,99,1,EURO,1,1,931
ISL,2,2,6,,2,99,1,EURO,1,1,98
ISL,2,2,7,,2,99,1,EURO,1,1,605
ISL,2,2,8,,2,99,1,EURO,1,1,130
ISL,2,2,9,,1,99,1,EURO,1,1,940
ISL,2,3,1,,3,0,1,EURO,1,1,230
ISL,2,3,2,,3,0,1,EURO,1,1,1442
ISL,2,3,3,,3,0,1,EURO,1,1,328
ISL,2,3,4,,2,1,1,EURO,1,1,465
ISL,2,3,5,,2,1,1,EURO,1,1,321
ISL,2,3,6,,2,1,1,EURO,1,1,20
ISL,2,3,7,,2,1,1,EURO,1,1,72
ISL,2,3,8,,2,1,1,EURO,1,1,26
ISL,2,3,9,,1,1,1,EURO,1,1,547
ISL,2,3,99,,99,99,1,EURO,1,1,3
ISL,1,1,1,,3,99,1,NOAM,1,1,8
ISL,1,1,2,,3,99,1,NOAM,1,1,7
ISL,1,1,3,,3,99,1,NOAM,1,1,22
ISL,1,1,4,,2,99,1,NOAM,1,1,6
ISL,1,1,5,,2,99,1,NOAM,1,1,48
ISL,1,1,6,,2,99,1,NOAM,1,1,7
ISL,1,1,7,,2,99,1,NOAM,1,1,8
ISL,1,1,8,,2,99,1,NOAM,1,1,8
ISL,1,1,9,,1,99,1,NOAM,1,1,20
ISL,1,2,1,,3,99,1,NOAM,1,1,17
ISL,1,2,2,,3,99,1,NOAM,1,1,17
ISL,1,2,3,,3,99,1,NOAM,1,1,67
ISL,1,2,4,,2,99,1,NOAM,1,1,7
ISL,1,2,5,,2,99,1,NOAM,1,1,34
ISL,1,2,6,,2,99,1,NOAM,1,1,10
ISL,1,2,7,,2,99,1,NOAM,1,1,32
ISL,1,2,8,,2,99,1,NOAM,1,1,9
ISL,1,2,9,,1,99,1,NOAM,1,1,36
ISL,1,2,99,,99,99,1,NOAM,1,1,2
ISL,1,3,1,,3,0,1,NOAM,1,1,21
ISL,1,3,2,,3,0,1,NOAM,1,1,184
ISL,1,3,3,,3,0,1,NOAM,1,1,20
ISL,1,3,4,,2,1,1,NOAM,1,1,3
ISL,1,3,5,,2,1,1,NOAM,1,1,47
ISL,1,3,6,,2,1,1,NOAM,1,1,11
ISL,1,3,7,,2,1,1,NOAM,1,1,16
ISL,1,3,8,,2,1,1,NOAM,1,1,7
ISL,1,3,9,,1,1,1,NOAM,1,1,21
ISL,1,3,99,,99,99,1,NOAM,1,1,2
ISL,2,1,1,,3,99,1,NOAM,1,1,2
ISL,2,1,2,,3,99,1,NOAM,1,1,4
ISL,2,1,3,,3,99,1,NOAM,1,1,5
ISL,2,1,4,,2,99,1,NOAM,1,1,8
ISL,2,1,5,,2,99,1,NOAM,1,1,71
ISL,2,1,7,,2,99,1,NOAM,1,1,1
ISL,2,1,9,,1,99,1,NOAM,1,1,11
ISL,2,2,1,,3,99,1,NOAM,1,1,6
ISL,2,2,2,,3,99,1,NOAM,1,1,16
ISL,2,2,3,,3,99,1,NOAM,1,1,46
ISL,2,2,4,,2,99,1,NOAM,1,1,14
ISL,2,2,5,,2,99,1,NOAM,1,1,93
ISL,2,2,6,,2,99,1,NOAM,1,1,2
ISL,2,2,7,,2,99,1,NOAM,1,1,12
ISL,2,2,8,,2,99,1,NOAM,1,1,1
ISL,2,2,9,,1,99,1,NOAM,1,1,11
ISL,2,2,99,,99,99,1,NOAM,1,1,1
ISL,2,3,1,,3,0,1,NOAM,1,1,29
ISL,2,3,2,,3,0,1,NOAM,1,1,136
ISL,2,3,3,,3,0,1,NOAM,1,1,34
ISL,2,3,4,,2,1,1,NOAM,1,1,8
ISL,2,3,5,,2,1,1,NOAM,1,1,26
ISL,2,3,7,,2,1,1,NOAM,1,1,6
ISL,2,3,8,,2,1,1,NOAM,1,1,4
ISL,2,3,9,,1,1,1,NOAM,1,1,18
ISL,1,1,4,,2,99,1,OCEA,1,1,2
ISL,1,1,5,,2,99,1,OCEA,1,1,4
ISL,1,1,7,,2,99,1,OCEA,1,1,3
ISL,1,1,8,,2,99,1,OCEA,1,1,2
ISL,1,1,9,,1,99,1,OCEA,1,1,2
ISL,1,2,2,,3,99,1,OCEA,1,1,2
ISL,1,2,3,,3,99,1,OCEA,1,1,2
ISL,1,2,5,,2,99,1,OCEA,1,1,2
ISL,1,2,7,,2,99,1,OCEA,1,1,2
ISL,1,2,8,,2,99,1,OCEA,1,1,1
ISL,1,2,9,,1,99,1,OCEA,1,1,2
ISL,1,3,2,,3,0,1,OCEA,1,1,6
ISL,1,3,4,,2,1,1,OCEA,1,1,2
ISL,1,3,5,,2,1,1,OCEA,1,1,3
ISL,1,3,6,,2,1,1,OCEA,1,1,2
ISL,1,3,7,,2,1,1,OCEA,1,1,5
ISL,1,3,9,,1,1,1,OCEA,1,1,10
ISL,2,1,2,,3,99,1,OCEA,1,1,1
ISL,2,1,3,,3,99,1,OCEA,1,1,1
ISL,2,1,4,,2,99,1,OCEA,1,1,4
ISL,2,1,5,,2,99,1,OCEA,1,1,7
ISL,2,1,7,,2,99,1,OCEA,1,1,1
ISL,2,1,9,,1,99,1,OCEA,1,1,3
ISL,2,2,2,,3,99,1,OCEA,1,1,1
ISL,2,2,4,,2,99,1,OCEA,1,1,2
ISL,2,2,5,,2,99,1,OCEA,1,1,7
ISL,2,2,9,,1,99,1,OCEA,1,1,7
ISL,2,3,1,,3,0,1,OCEA,1,1,1
ISL,2,3,2,,3,0,1,OCEA,1,1,12
ISL,2,3,4,,2,1,1,OCEA,1,1,1
ISL,2,3,5,,2,1,1,OCEA,1,1,2
ISL,2,3,9,,1,1,1,OCEA,1,1,2
ISL,1,1,2,,3,99,1,SCAC,0,1,6
ISL,1,1,3,,3,99,1,SCAC,0,1,4
ISL,1,1,4,,2,99,1,SCAC,0,1,3
ISL,1,1,5,,2,99,1,SCAC,0,1,12
ISL,1,1,6,,2,99,1,SCAC,0,1,3
ISL,1,1,7,,2,99,1,SCAC,0,1,11
ISL,1,1,8,,2,99,1,SCAC,0,1,12
ISL,1,1,9,,1,99,1,SCAC,0,1,20
ISL,1,2,2,,3,99,1,SCAC,0,1,8
ISL,1,2,3,,3,99,1,SCAC,0,1,1
ISL,1,2,5,,2,99,1,SCAC,0,1,18
ISL,1,2,6,,2,99,1,SCAC,0,1,5
ISL,1,2,7,,2,99,1,SCAC,0,1,12
ISL,1,2,8,,2,99,1,SCAC,0,1,8
ISL,1,2,9,,1,99,1,SCAC,0,1,11
ISL,1,3,2,,3,0,1,SCAC,0,1,14
ISL,1,3,3,,3,0,1,SCAC,0,1,8
ISL,1,3,4,,2,1,1,SCAC,0,1,3
ISL,1,3,5,,2,1,1,SCAC,0,1,18
ISL,1,3,7,,2,1,1,SCAC,0,1,1
ISL,1,3,8,,2,1,1,SCAC,0,1,9
ISL,1,3,9,,1,1,1,SCAC,0,1,15
ISL,2,1,2,,3,99,1,SCAC,0,1,2
ISL,2,1,3,,3,99,1,SCAC,0,1,18
ISL,2,1,4,,2,99,1,SCAC,0,1,2
ISL,2,1,5,,2,99,1,SCAC,0,1,48
ISL,2,1,7,,2,99,1,SCAC,0,1,7
ISL,2,1,8,,2,99,1,SCAC,0,1,1
ISL,2,1,9,,1,99,1,SCAC,0,1,12
ISL,2,2,2,,3,99,1,SCAC,0,1,18
ISL,2,2,3,,3,99,1,SCAC,0,1,3
ISL,2,2,4,,2,99,1,SCAC,0,1,5
ISL,2,2,5,,2,99,1,SCAC,0,1,38
ISL,2,2,6,,2,99,1,SCAC,0,1,2
ISL,2,2,7,,2,99,1,SCAC,0,1,4
ISL,2,2,9,,1,99,1,SCAC,0,1,16
ISL,2,3,2,,3,0,1,SCAC,0,1,32
ISL,2,3,3,,3,0,1,SCAC,0,1,7
ISL,2,3,4,,2,1,1,SCAC,0,1,14
ISL,2,3,5,,2,1,1,SCAC,0,1,34
ISL,2,3,7,,2,1,1,SCAC,0,1,2
ISL,2,3,9,,1,1,1,SCAC,0,1,9
ISL,1,1,2,,3,99,1,SCAC,1,1,1
ISL,1,1,3,,3,99,1,SCAC,1,1,2
ISL,1,1,5,,2,99,1,SCAC,1,1,4
ISL,1,1,7,,2,99,1,SCAC,1,1,1
ISL,1,1,8,,2,99,1,SCAC,1,1,13
ISL,1,1,9,,1,99,1,SCAC,1,1,5
ISL,1,2,1,,3,99,1,SCAC,1,1,1
ISL,1,2,2,,3,99,1,SCAC,1,1,1
ISL,1,2,5,,2,99,1,SCAC,1,1,3
ISL,1,2,7,,2,99,1,SCAC,1,1,11
ISL,1,2,8,,2,99,1,SCAC,1,1,3
ISL,1,2,9,,1,99,1,SCAC,1,1,2
ISL,1,3,2,,3,0,1,SCAC,1,1,10
ISL,1,3,4,,2,1,1,SCAC,1,1,1
ISL,1,3,5,,2,1,1,SCAC,1,1,3
ISL,1,3,6,,2,1,1,SCAC,1,1,1
ISL,1,3,7,,2,1,1,SCAC,1,1,2
ISL,1,3,9,,1,1,1,SCAC,1,1,2
ISL,2,1,1,,3,99,1,SCAC,1,1,1
ISL,2,1,3,,3,99,1,SCAC,1,1,5
ISL,2,1,5,,2,99,1,SCAC,1,1,9
ISL,2,1,7,,2,99,1,SCAC,1,1,1
ISL,2,1,9,,1,99,1,SCAC,1,1,1
ISL,2,2,3,,3,99,1,SCAC,1,1,2
ISL,2,2,5,,2,99,1,SCAC,1,1,2
ISL,2,2,9,,1,99,1,SCAC,1,1,1
ISL,2,3,2,,3,0,1,SCAC,1,1,10
ISL,2,3,4,,2,1,1,SCAC,1,1,12
ISL,2,3,5,,2,1,1,SCAC,1,1,1
ISL,2,3,9,,1,1,1,SCAC,1,1,1
ISL,1,1,3,,3,99,1,UNK,0,99,1
ISL,1,1,5,,2,99,1,UNK,0,99,2
ISL,1,1,7,,2,99,1,UNK,0,99,2
ISL,1,1,8,,2,99,1,UNK,0,99,1
ISL,1,1,9,,1,99,1,UNK,0,99,7
ISL,1,2,2,,3,99,1,UNK,0,99,1
ISL,1,2,5,,2,99,1,UNK,0,99,4
ISL,1,2,7,,2,99,1,UNK,0,99,2
ISL,1,2,8,,2,99,1,UNK,0,99,1
ISL,1,2,9,,1,99,1,UNK,0,99,7
ISL,1,3,2,,3,0,1,UNK,0,99,1
ISL,1,3,3,,3,0,1,UNK,0,99,1
ISL,1,3,5,,2,1,1,UNK,0,99,1
ISL,1,3,9,,1,1,1,UNK,0,99,4
ISL,2,1,5,,2,99,1,UNK,0,99,2
ISL,2,1,9,,1,99,1,UNK,0,99,4
ISL,2,2,5,,2,99,1,UNK,0,99,4
ISL,2,2,7,,2,99,1,UNK,0,99,1
ISL,2,2,9,,1,99,1,UNK,0,99,4
ISL,2,3,5,,2,1,1,UNK,0,99,4
ISL,2,3,7,,2,1,1,UNK,0,99,1
ISL,2,3,9,,1,1,1,UNK,0,99,3
ISR,1,1,1,,3,99,1,AFRI,0,1,792
ISR,1,1,2,,3,99,1,AFRI,0,1,168
ISR,1,1,3,,3,99,1,AFRI,0,1,715
ISR,1,1,4,,2,99,1,AFRI,0,1,343
ISR,1,1,5,,2,99,1,AFRI,0,1,3265
ISR,1,1,6,,2,99,1,AFRI,0,1,431
ISR,1,1,7,,2,99,1,AFRI,0,1,3538
ISR,1,1,8,,2,99,1,AFRI,0,1,2701
ISR,1,1,9,,1,99,1,AFRI,0,1,6958
ISR,1,2,1,,3,99,1,AFRI,0,1,1945
ISR,1,2,2,,3,99,1,AFRI,0,1,700
ISR,1,2,3,,3,99,1,AFRI,0,1,3510
ISR,1,2,4,,2,99,1,AFRI,0,1,1801
ISR,1,2,5,,2,99,1,AFRI,0,1,7180
ISR,1,2,6,,2,99,1,AFRI,0,1,659
ISR,1,2,7,,2,99,1,AFRI,0,1,6241
ISR,1,2,8,,2,99,1,AFRI,0,1,5585
ISR,1,2,9,,1,99,1,AFRI,0,1,6539
ISR,1,3,1,,3,0,1,AFRI,0,1,3958
ISR,1,3,2,,3,0,1,AFRI,0,1,8618
ISR,1,3,3,,3,0,1,AFRI,0,1,3387
ISR,1,3,4,,2,1,1,AFRI,0,1,604
ISR,1,3,5,,2,1,1,AFRI,0,1,2048
ISR,1,3,6,,2,1,1,AFRI,0,1,414
ISR,1,3,7,,2,1,1,AFRI,0,1,1923
ISR,1,3,8,,2,1,1,AFRI,0,1,775
ISR,1,3,9,,1,1,1,AFRI,0,1,1146
ISR,1,99,9,,1,99,1,AFRI,0,1,117
ISR,2,1,1,,3,99,1,AFRI,0,1,387
ISR,2,1,2,,3,99,1,AFRI,0,1,114
ISR,2,1,3,,3,99,1,AFRI,0,1,595
ISR,2,1,4,,2,99,1,AFRI,0,1,377
ISR,2,1,5,,2,99,1,AFRI,0,1,5588
ISR,2,1,6,,2,99,1,AFRI,0,1,75
ISR,2,1,7,,2,99,1,AFRI,0,1,697
ISR,2,1,8,,2,99,1,AFRI,0,1,497
ISR,2,1,9,,1,99,1,AFRI,0,1,8366
ISR,2,2,1,,3,99,1,AFRI,0,1,898
ISR,2,2,2,,3,99,1,AFRI,0,1,861
ISR,2,2,3,,3,99,1,AFRI,0,1,3785
ISR,2,2,4,,2,99,1,AFRI,0,1,2954
ISR,2,2,5,,2,99,1,AFRI,0,1,10394
ISR,2,2,6,,2,99,1,AFRI,0,1,192
ISR,2,2,7,,2,99,1,AFRI,0,1,889
ISR,2,2,8,,2,99,1,AFRI,0,1,149
ISR,2,2,9,,1,99,1,AFRI,0,1,4709
ISR,2,3,1,,3,0,1,AFRI,0,1,2372
ISR,2,3,2,,3,0,1,AFRI,0,1,8902
ISR,2,3,3,,3,0,1,AFRI,0,1,3402
ISR,2,3,4,,2,1,1,AFRI,0,1,1551
ISR,2,3,5,,2,1,1,AFRI,0,1,2717
ISR,2,3,7,,2,1,1,AFRI,0,1,141
ISR,2,3,8,,2,1,1,AFRI,0,1,428
ISR,2,3,9,,1,1,1,AFRI,0,1,447
ISR,1,1,1,,3,99,1,ASIA,0,1,496
ISR,1,1,3,,3,99,1,ASIA,0,1,649
ISR,1,1,4,,2,99,1,ASIA,0,1,458
ISR,1,1,5,,2,99,1,ASIA,0,1,5106
ISR,1,1,6,,2,99,1,ASIA,0,1,1003
ISR,1,1,7,,2,99,1,ASIA,0,1,4162
ISR,1,1,8,,2,99,1,ASIA,0,1,3076
ISR,1,1,9,,1,99,1,ASIA,0,1,2035
ISR,1,2,1,,3,99,1,ASIA,0,1,1844
ISR,1,2,2,,3,99,1,ASIA,0,1,693
ISR,1,2,3,,3,99,1,ASIA,0,1,3516
ISR,1,2,4,,2,99,1,ASIA,0,1,2049
ISR,1,2,5,,2,99,1,ASIA,0,1,10056
ISR,1,2,6,,2,99,1,ASIA,0,1,454
ISR,1,2,7,,2,99,1,ASIA,0,1,7132
ISR,1,2,8,,2,99,1,ASIA,0,1,6848
ISR,1,2,9,,1,99,1,ASIA,0,1,4803
ISR,1,3,1,,3,0,1,ASIA,0,1,3472
ISR,1,3,2,,3,0,1,ASIA,0,1,9470
ISR,1,3,3,,3,0,1,ASIA,0,1,5564
ISR,1,3,4,,2,1,1,ASIA,0,1,1489
ISR,1,3,5,,2,1,1,ASIA,0,1,5402
ISR,1,3,6,,2,1,1,ASIA,0,1,34
ISR,1,3,7,,2,1,1,ASIA,0,1,4920
ISR,1,3,8,,2,1,1,ASIA,0,1,3003
ISR,1,3,9,,1,1,1,ASIA,0,1,2832
ISR,1,99,5,,2,99,1,ASIA,0,1,187
ISR,2,1,1,,3,99,1,ASIA,0,1,144
ISR,2,1,2,,3,99,1,ASIA,0,1,26
ISR,2,1,3,,3,99,1,ASIA,0,1,469
ISR,2,1,4,,2,99,1,ASIA,0,1,221
ISR,2,1,5,,2,99,1,ASIA,0,1,10914
ISR,2,1,6,,2,99,1,ASIA,0,1,157
ISR,2,1,7,,2,99,1,ASIA,0,1,283
ISR,2,1,8,,2,99,1,ASIA,0,1,250
ISR,2,1,9,,1,99,1,ASIA,0,1,2696
ISR,2,2,1,,3,99,1,ASIA,0,1,916
ISR,2,2,2,,3,99,1,ASIA,0,1,762
ISR,2,2,3,,3,99,1,ASIA,0,1,4483
ISR,2,2,4,,2,99,1,ASIA,0,1,3695
ISR,2,2,5,,2,99,1,ASIA,0,1,21299
ISR,2,2,7,,2,99,1,ASIA,0,1,1233
ISR,2,2,8,,2,99,1,ASIA,0,1,644
ISR,2,2,9,,1,99,1,ASIA,0,1,5523
ISR,2,3,1,,3,0,1,ASIA,0,1,2387
ISR,2,3,2,,3,0,1,ASIA,0,1,13825
ISR,2,3,3,,3,0,1,ASIA,0,1,7563
ISR,2,3,4,,2,1,1,ASIA,0,1,2421
ISR,2,3,5,,2,1,1,ASIA,0,1,15603
ISR,2,3,7,,2,1,1,ASIA,0,1,521
ISR,2,3,8,,2,1,1,ASIA,0,1,984
ISR,2,3,9,,1,1,1,ASIA,0,1,3660
ISR,2,99,5,,2,99,1,ASIA,0,1,743
ISR,2,99,9,,1,99,1,ASIA,0,1,27
ISR,1,1,1,,3,99,1,ASIA,1,0,7791
ISR,1,1,2,,3,99,1,ASIA,1,0,1515
ISR,1,1,3,,3,99,1,ASIA,1,0,7234
ISR,1,1,4,,2,99,1,ASIA,1,0,6876
ISR,1,1,5,,2,99,1,ASIA,1,0,32020
ISR,1,1,6,,2,99,1,ASIA,1,0,5355
ISR,1,1,7,,2,99,1,ASIA,1,0,50460
ISR,1,1,8,,2,99,1,ASIA,1,0,32558
ISR,1,1,9,,1,99,1,ASIA,1,0,41541
ISR,1,2,1,,3,99,1,ASIA,1,0,72791
ISR,1,2,2,,3,99,1,ASIA,1,0,40862
ISR,1,2,3,,3,99,1,ASIA,1,0,76990
ISR,1,2,4,,2,99,1,ASIA,1,0,34645
ISR,1,2,5,,2,99,1,ASIA,1,0,127739
ISR,1,2,6,,2,99,1,ASIA,1,0,13821
ISR,1,2,7,,2,99,1,ASIA,1,0,105982
ISR,1,2,8,,2,99,1,ASIA,1,0,85645
ISR,1,2,9,,1,99,1,ASIA,1,0,151042
ISR,1,3,1,,3,0,1,ASIA,1,0,131999
ISR,1,3,2,,3,0,1,ASIA,1,0,255008
ISR,1,3,3,,3,0,1,ASIA,1,0,81566
ISR,1,3,4,,2,1,1,ASIA,1,0,16345
ISR,1,3,5,,2,1,1,ASIA,1,0,35533
ISR,1,3,6,,2,1,1,ASIA,1,0,6044
ISR,1,3,7,,2,1,1,ASIA,1,0,39360
ISR,1,3,8,,2,1,1,ASIA,1,0,12799
ISR,1,3,9,,1,1,1,ASIA,1,0,25857
ISR,1,99,1,,3,99,1,ASIA,1,0,25
ISR,1,99,2,,3,99,1,ASIA,1,0,3
ISR,1,99,7,,2,99,1,ASIA,1,0,55
ISR,1,99,8,,2,99,1,ASIA,1,0,35
ISR,1,99,9,,1,99,1,ASIA,1,0,81
ISR,2,1,1,,3,99,1,ASIA,1,0,1234
ISR,2,1,2,,3,99,1,ASIA,1,0,2086
ISR,2,1,3,,3,99,1,ASIA,1,0,4111
ISR,2,1,4,,2,99,1,ASIA,1,0,4739
ISR,2,1,5,,2,99,1,ASIA,1,0,36564
ISR,2,1,6,,2,99,1,ASIA,1,0,291
ISR,2,1,7,,2,99,1,ASIA,1,0,1824
ISR,2,1,8,,2,99,1,ASIA,1,0,1284
ISR,2,1,9,,1,99,1,ASIA,1,0,18648
ISR,2,2,1,,3,99,1,ASIA,1,0,31155
ISR,2,2,2,,3,99,1,ASIA,1,0,36138
ISR,2,2,3,,3,99,1,ASIA,1,0,84792
ISR,2,2,4,,2,99,1,ASIA,1,0,86944
ISR,2,2,5,,2,99,1,ASIA,1,0,176423
ISR,2,2,6,,2,99,1,ASIA,1,0,906
ISR,2,2,7,,2,99,1,ASIA,1,0,6344
ISR,2,2,8,,2,99,1,ASIA,1,0,5202
ISR,2,2,9,,1,99,1,ASIA,1,0,89888
ISR,2,3,1,,3,0,1,ASIA,1,0,75496
ISR,2,3,2,,3,0,1,ASIA,1,0,370017
ISR,2,3,3,,3,0,1,ASIA,1,0,108849
ISR,2,3,4,,2,1,1,ASIA,1,0,51710
ISR,2,3,5,,2,1,1,ASIA,1,0,53722
ISR,2,3,6,,2,1,1,ASIA,1,0,567
ISR,2,3,7,,2,1,1,ASIA,1,0,3259
ISR,2,3,8,,2,1,1,ASIA,1,0,1095
ISR,2,3,9,,1,1,1,ASIA,1,0,12030
ISR,2,99,1,,3,99,1,ASIA,1,0,20
ISR,2,99,2,,3,99,1,ASIA,1,0,112
ISR,2,99,5,,2,99,1,ASIA,1,0,35
ISR,2,99,7,,2,99,1,ASIA,1,0,43
ISR,2,99,8,,2,99,1,ASIA,1,0,39
ISR,2,99,9,,1,99,1,ASIA,1,0,121
ISR,1,2,9,,1,99,1,ASIA,1,1,66
ISR,1,3,1,,3,0,1,ASIA,1,1,13
ISR,1,3,2,,3,0,1,ASIA,1,1,88
ISR,1,3,3,,3,0,1,ASIA,1,1,85
ISR,2,2,3,,3,99,1,ASIA,1,1,27
ISR,2,3,2,,3,0,1,ASIA,1,1,167
ISR,1,1,1,,3,99,1,EURO,0,1,443
ISR,1,1,2,,3,99,1,EURO,0,1,169
ISR,1,1,3,,3,99,1,EURO,0,1,193
ISR,1,1,4,,2,99,1,EURO,0,1,260
ISR,1,1,5,,2,99,1,EURO,0,1,2072
ISR,1,1,6,,2,99,1,EURO,0,1,68
ISR,1,1,7,,2,99,1,EURO,0,1,2573
ISR,1,1,8,,2,99,1,EURO,0,1,2118
ISR,1,1,9,,1,99,1,EURO,0,1,2479
ISR,1,2,1,,3,99,1,EURO,0,1,4569
ISR,1,2,2,,3,99,1,EURO,0,1,2247
ISR,1,2,3,,3,99,1,EURO,0,1,6312
ISR,1,2,4,,2,99,1,EURO,0,1,2095
ISR,1,2,5,,2,99,1,EURO,0,1,11728
ISR,1,2,6,,2,99,1,EURO,0,1,468
ISR,1,2,7,,2,99,1,EURO,0,1,13138
ISR,1,2,8,,2,99,1,EURO,0,1,9753
ISR,1,2,9,,1,99,1,EURO,0,1,10216
ISR,1,3,1,,3,0,1,EURO,0,1,15866
ISR,1,3,2,,3,0,1,EURO,0,1,48232
ISR,1,3,3,,3,0,1,EURO,0,1,16743
ISR,1,3,4,,2,1,1,EURO,0,1,3565
ISR,1,3,5,,2,1,1,EURO,0,1,10608
ISR,1,3,6,,2,1,1,EURO,0,1,210
ISR,1,3,7,,2,1,1,EURO,0,1,21106
ISR,1,3,8,,2,1,1,EURO,0,1,12695
ISR,1,3,9,,1,1,1,EURO,0,1,8953
ISR,2,1,1,,3,99,1,EURO,0,1,210
ISR,2,1,2,,3,99,1,EURO,0,1,213
ISR,2,1,3,,3,99,1,EURO,0,1,569
ISR,2,1,4,,2,99,1,EURO,0,1,462
ISR,2,1,5,,2,99,1,EURO,0,1,5194
ISR,2,1,7,,2,99,1,EURO,0,1,318
ISR,2,1,8,,2,99,1,EURO,0,1,251
ISR,2,1,9,,1,99,1,EURO,0,1,2455
ISR,2,2,1,,3,99,1,EURO,0,1,2049
ISR,2,2,2,,3,99,1,EURO,0,1,1984
ISR,2,2,3,,3,99,1,EURO,0,1,9423
ISR,2,2,4,,2,99,1,EURO,0,1,6660
ISR,2,2,5,,2,99,1,EURO,0,1,24466
ISR,2,2,6,,2,99,1,EURO,0,1,88
ISR,2,2,7,,2,99,1,EURO,0,1,2191
ISR,2,2,8,,2,99,1,EURO,0,1,2849
ISR,2,2,9,,1,99,1,EURO,0,1,10232
ISR,2,3,1,,3,0,1,EURO,0,1,10441
ISR,2,3,2,,3,0,1,EURO,0,1,62250
ISR,2,3,3,,3,0,1,EURO,0,1,26521
ISR,2,3,4,,2,1,1,EURO,0,1,11076
ISR,2,3,5,,2,1,1,EURO,0,1,35516
ISR,2,3,6,,2,1,1,EURO,0,1,93
ISR,2,3,7,,2,1,1,EURO,0,1,4556
ISR,2,3,8,,2,1,1,EURO,0,1,4853
ISR,2,3,9,,1,1,1,EURO,0,1,12119
ISR,2,99,5,,2,99,1,EURO,0,1,31
ISR,2,99,8,,2,99,1,EURO,0,1,23
ISR,1,1,1,,3,99,1,EURO,1,1,278
ISR,1,1,2,,3,99,1,EURO,1,1,25
ISR,1,1,3,,3,99,1,EURO,1,1,192
ISR,1,1,4,,2,99,1,EURO,1,1,225
ISR,1,1,5,,2,99,1,EURO,1,1,714
ISR,1,1,6,,2,99,1,EURO,1,1,46
ISR,1,1,7,,2,99,1,EURO,1,1,461
ISR,1,1,8,,2,99,1,EURO,1,1,596
ISR,1,1,9,,1,99,1,EURO,1,1,436
ISR,1,2,1,,3,99,1,EURO,1,1,1802
ISR,1,2,2,,3,99,1,EURO,1,1,1763
ISR,1,2,3,,3,99,1,EURO,1,1,1911
ISR,1,2,4,,2,99,1,EURO,1,1,982
ISR,1,2,5,,2,99,1,EURO,1,1,1711
ISR,1,2,6,,2,99,1,EURO,1,1,433
ISR,1,2,7,,2,99,1,EURO,1,1,2055
ISR,1,2,8,,2,99,1,EURO,1,1,1872
ISR,1,2,9,,1,99,1,EURO,1,1,2577
ISR,1,3,1,,3,0,1,EURO,1,1,5591
ISR,1,3,2,,3,0,1,EURO,1,1,11585
ISR,1,3,3,,3,0,1,EURO,1,1,4167
ISR,1,3,4,,2,1,1,EURO,1,1,1212
ISR,1,3,5,,2,1,1,EURO,1,1,2447
ISR,1,3,6,,2,1,1,EURO,1,1,291
ISR,1,3,7,,2,1,1,EURO,1,1,1585
ISR,1,3,8,,2,1,1,EURO,1,1,353
ISR,1,3,9,,1,1,1,EURO,1,1,603
ISR,1,99,9,,1,99,1,EURO,1,1,23
ISR,2,1,3,,3,99,1,EURO,1,1,419
ISR,2,1,4,,2,99,1,EURO,1,1,355
ISR,2,1,5,,2,99,1,EURO,1,1,885
ISR,2,1,7,,2,99,1,EURO,1,1,117
ISR,2,1,9,,1,99,1,EURO,1,1,295
ISR,2,2,1,,3,99,1,EURO,1,1,918
ISR,2,2,2,,3,99,1,EURO,1,1,830
ISR,2,2,3,,3,99,1,EURO,1,1,2447
ISR,2,2,4,,2,99,1,EURO,1,1,2267
ISR,2,2,5,,2,99,1,EURO,1,1,4478
ISR,2,2,6,,2,99,1,EURO,1,1,259
ISR,2,2,7,,2,99,1,EURO,1,1,401
ISR,2,2,8,,2,99,1,EURO,1,1,17
ISR,2,2,9,,1,99,1,EURO,1,1,1599
ISR,2,3,1,,3,0,1,EURO,1,1,3054
ISR,2,3,2,,3,0,1,EURO,1,1,15846
ISR,2,3,3,,3,0,1,EURO,1,1,5000
ISR,2,3,4,,2,1,1,EURO,1,1,2644
ISR,2,3,5,,2,1,1,EURO,1,1,3718
ISR,2,3,6,,2,1,1,EURO,1,1,36
ISR,2,3,7,,2,1,1,EURO,1,1,20
ISR,2,3,8,,2,1,1,EURO,1,1,128
ISR,2,3,9,,1,1,1,EURO,1,1,403
ISR,1,1,1,,3,99,1,NOAM,1,1,216
ISR,1,1,2,,3,99,1,NOAM,1,1,51
ISR,1,1,3,,3,99,1,NOAM,1,1,31
ISR,1,1,4,,2,99,1,NOAM,1,1,59
ISR,1,1,5,,2,99,1,NOAM,1,1,119
ISR,1,1,6,,2,99,1,NOAM,1,1,97
ISR,1,1,7,,2,99,1,NOAM,1,1,28
ISR,1,1,9,,1,99,1,NOAM,1,1,315
ISR,1,2,1,,3,99,1,NOAM,1,1,507
ISR,1,2,2,,3,99,1,NOAM,1,1,1225
ISR,1,2,3,,3,99,1,NOAM,1,1,811
ISR,1,2,4,,2,99,1,NOAM,1,1,872
ISR,1,2,5,,2,99,1,NOAM,1,1,827
ISR,1,2,6,,2,99,1,NOAM,1,1,154
ISR,1,2,7,,2,99,1,NOAM,1,1,176
ISR,1,2,8,,2,99,1,NOAM,1,1,112
ISR,1,2,9,,1,99,1,NOAM,1,1,1494
ISR,1,3,1,,3,0,1,NOAM,1,1,3043
ISR,1,3,2,,3,0,1,NOAM,1,1,12778
ISR,1,3,3,,3,0,1,NOAM,1,1,1260
ISR,1,3,4,,2,1,1,NOAM,1,1,628
ISR,1,3,5,,2,1,1,NOAM,1,1,617
ISR,1,3,6,,2,1,1,NOAM,1,1,29
ISR,1,3,7,,2,1,1,NOAM,1,1,433
ISR,1,3,9,,1,1,1,NOAM,1,1,388
ISR,2,1,2,,3,99,1,NOAM,1,1,28
ISR,2,1,5,,2,99,1,NOAM,1,1,346
ISR,2,1,6,,2,99,1,NOAM,1,1,6
ISR,2,1,9,,1,99,1,NOAM,1,1,117
ISR,2,2,1,,3,99,1,NOAM,1,1,224
ISR,2,2,2,,3,99,1,NOAM,1,1,1137
ISR,2,2,3,,3,99,1,NOAM,1,1,1197
ISR,2,2,4,,2,99,1,NOAM,1,1,617
ISR,2,2,5,,2,99,1,NOAM,1,1,1935
ISR,2,2,6,,2,99,1,NOAM,1,1,73
ISR,2,2,7,,2,99,1,NOAM,1,1,163
ISR,2,2,8,,2,99,1,NOAM,1,1,82
ISR,2,2,9,,1,99,1,NOAM,1,1,663
ISR,2,3,1,,3,0,1,NOAM,1,1,1969
ISR,2,3,2,,3,0,1,NOAM,1,1,11931
ISR,2,3,3,,3,0,1,NOAM,1,1,2956
ISR,2,3,4,,2,1,1,NOAM,1,1,1221
ISR,2,3,5,,2,1,1,NOAM,1,1,1504
ISR,2,3,7,,2,1,1,NOAM,1,1,88
ISR,2,3,9,,1,1,1,NOAM,1,1,689
ISR,1,2,2,,3,99,1,OCEA,1,1,72
ISR,1,2,4,,2,99,1,OCEA,1,1,119
ISR,1,2,5,,2,99,1,OCEA,1,1,126
ISR,1,2,9,,1,99,1,OCEA,1,1,109
ISR,1,3,1,,3,0,1,OCEA,1,1,149
ISR,1,3,2,,3,0,1,OCEA,1,1,594
ISR,1,3,3,,3,0,1,OCEA,1,1,44
ISR,2,1,5,,2,99,1,OCEA,1,1,22
ISR,2,1,9,,1,99,1,OCEA,1,1,9
ISR,2,2,2,,3,99,1,OCEA,1,1,145
ISR,2,2,3,,3,99,1,OCEA,1,1,117
ISR,2,2,5,,2,99,1,OCEA,1,1,87
ISR,2,2,9,,1,99,1,OCEA,1,1,109
ISR,2,3,1,,3,0,1,OCEA,1,1,86
ISR,2,3,2,,3,0,1,OCEA,1,1,238
ISR,2,3,3,,3,0,1,OCEA,1,1,123
ISR,2,3,4,,2,1,1,OCEA,1,1,84
ISR,2,3,8,,2,1,1,OCEA,1,1,134
ISR,1,1,1,,3,99,1,SCAC,0,1,99
ISR,1,1,3,,3,99,1,SCAC,0,1,88
ISR,1,1,5,,2,99,1,SCAC,0,1,204
ISR,1,1,6,,2,99,1,SCAC,0,1,94
ISR,1,1,7,,2,99,1,SCAC,0,1,180
ISR,1,1,8,,2,99,1,SCAC,0,1,152
ISR,1,1,9,,1,99,1,SCAC,0,1,82
ISR,1,2,1,,3,99,1,SCAC,0,1,897
ISR,1,2,2,,3,99,1,SCAC,0,1,259
ISR,1,2,3,,3,99,1,SCAC,0,1,1085
ISR,1,2,4,,2,99,1,SCAC,0,1,396
ISR,1,2,5,,2,99,1,SCAC,0,1,1235
ISR,1,2,6,,2,99,1,SCAC,0,1,123
ISR,1,2,7,,2,99,1,SCAC,0,1,767
ISR,1,2,8,,2,99,1,SCAC,0,1,740
ISR,1,2,9,,1,99,1,SCAC,0,1,785
ISR,1,3,1,,3,0,1,SCAC,0,1,2148
ISR,1,3,2,,3,0,1,SCAC,0,1,5355
ISR,1,3,3,,3,0,1,SCAC,0,1,1903
ISR,1,3,4,,2,1,1,SCAC,0,1,255
ISR,1,3,5,,2,1,1,SCAC,0,1,1084
ISR,1,3,6,,2,1,1,SCAC,0,1,46
ISR,1,3,7,,2,1,1,SCAC,0,1,1171
ISR,1,3,8,,2,1,1,SCAC,0,1,138
ISR,1,3,9,,1,1,1,SCAC,0,1,414
ISR,2,1,1,,3,99,1,SCAC,0,1,40
ISR,2,1,2,,3,99,1,SCAC,0,1,31
ISR,2,1,5,,2,99,1,SCAC,0,1,487
ISR,2,1,7,,2,99,1,SCAC,0,1,99
ISR,2,1,9,,1,99,1,SCAC,0,1,99
ISR,2,2,1,,3,99,1,SCAC,0,1,161
ISR,2,2,2,,3,99,1,SCAC,0,1,372
ISR,2,2,3,,3,99,1,SCAC,0,1,1057
ISR,2,2,4,,2,99,1,SCAC,0,1,737
ISR,2,2,5,,2,99,1,SCAC,0,1,2259
ISR,2,2,6,,2,99,1,SCAC,0,1,77
ISR,2,2,7,,2,99,1,SCAC,0,1,156
ISR,2,2,8,,2,99,1,SCAC,0,1,79
ISR,2,2,9,,1,99,1,SCAC,0,1,616
ISR,2,3,1,,3,0,1,SCAC,0,1,722
ISR,2,3,2,,3,0,1,SCAC,0,1,8230
ISR,2,3,3,,3,0,1,SCAC,0,1,1441
ISR,2,3,4,,2,1,1,SCAC,0,1,835
ISR,2,3,5,,2,1,1,SCAC,0,1,2288
ISR,2,3,7,,2,1,1,SCAC,0,1,288
ISR,2,3,9,,1,1,1,SCAC,0,1,480
ISR,1,2,1,,3,99,1,SCAC,1,1,30
ISR,1,2,2,,3,99,1,SCAC,1,1,252
ISR,1,2,3,,3,99,1,SCAC,1,1,145
ISR,1,2,4,,2,99,1,SCAC,1,1,70
ISR,1,2,5,,2,99,1,SCAC,1,1,301
ISR,1,2,8,,2,99,1,SCAC,1,1,27
ISR,1,2,9,,1,99,1,SCAC,1,1,91
ISR,1,3,1,,3,0,1,SCAC,1,1,218
ISR,1,3,2,,3,0,1,SCAC,1,1,685
ISR,1,3,3,,3,0,1,SCAC,1,1,256
ISR,1,3,4,,2,1,1,SCAC,1,1,98
ISR,1,3,5,,2,1,1,SCAC,1,1,82
ISR,2,1,5,,2,99,1,SCAC,1,1,31
ISR,2,1,8,,2,99,1,SCAC,1,1,5
ISR,2,1,9,,1,99,1,SCAC,1,1,106
ISR,2,2,2,,3,99,1,SCAC,1,1,96
ISR,2,2,3,,3,99,1,SCAC,1,1,17
ISR,2,2,4,,2,99,1,SCAC,1,1,83
ISR,2,2,5,,2,99,1,SCAC,1,1,127
ISR,2,2,9,,1,99,1,SCAC,1,1,409
ISR,2,3,1,,3,0,1,SCAC,1,1,293
ISR,2,3,2,,3,0,1,SCAC,1,1,673
ISR,2,3,3,,3,0,1,SCAC,1,1,114
ISR,2,3,4,,2,1,1,SCAC,1,1,447
ISR,2,3,5,,2,1,1,SCAC,1,1,387
ISR,2,3,9,,1,1,1,SCAC,1,1,21
ISR,1,1,5,,2,99,1,UNK,0,99,165
ISR,1,1,6,,2,99,1,UNK,0,99,209
ISR,1,1,7,,2,99,1,UNK,0,99,60
ISR,1,1,9,,1,99,1,UNK,0,99,5
ISR,1,2,1,,3,99,1,UNK,0,99,34
ISR,1,2,5,,2,99,1,UNK,0,99,100
ISR,1,2,7,,2,99,1,UNK,0,99,114
ISR,1,2,9,,1,99,1,UNK,0,99,130
ISR,1,3,2,,3,0,1,UNK,0,99,120
ISR,1,3,4,,2,1,1,UNK,0,99,13
ISR,1,3,7,,2,1,1,UNK,0,99,25
ISR,1,3,8,,2,1,1,UNK,0,99,31
ISR,1,3,9,,1,1,1,UNK,0,99,28
ISR,1,99,5,,2,99,1,UNK,0,99,26
ISR,2,1,5,,2,99,1,UNK,0,99,440
ISR,2,1,9,,1,99,1,UNK,0,99,35
ISR,2,2,1,,3,99,1,UNK,0,99,8
ISR,2,2,3,,3,99,1,UNK,0,99,48
ISR,2,2,4,,2,99,1,UNK,0,99,120
ISR,2,2,5,,2,99,1,UNK,0,99,373
ISR,2,2,9,,1,99,1,UNK,0,99,29
ISR,2,3,2,,3,0,1,UNK,0,99,176
ISR,2,3,5,,2,1,1,UNK,0,99,58
ISR,2,99,5,,2,99,1,UNK,0,99,72
ITA,1,1,0,,99,99,1,AFRI,0,1,108
ITA,1,1,1,,3,99,1,AFRI,0,1,922
ITA,1,1,3,,3,99,1,AFRI,0,1,4938
ITA,1,1,4,,2,99,1,AFRI,0,1,2160
ITA,1,1,5,,2,99,1,AFRI,0,1,18317
ITA,1,1,6,,2,99,1,AFRI,0,1,4554
ITA,1,1,7,,2,99,1,AFRI,0,1,63539
ITA,1,1,8,,2,99,1,AFRI,0,1,29651
ITA,1,1,9,,1,99,1,AFRI,0,1,103999
ITA,1,2,0,,99,99,1,AFRI,0,1,116
ITA,1,2,1,,3,99,1,AFRI,0,1,3171
ITA,1,2,2,,3,99,1,AFRI,0,1,1101
ITA,1,2,3,,3,99,1,AFRI,0,1,7524
ITA,1,2,4,,2,99,1,AFRI,0,1,4686
ITA,1,2,5,,2,99,1,AFRI,0,1,14038
ITA,1,2,6,,2,99,1,AFRI,0,1,1621
ITA,1,2,7,,2,99,1,AFRI,0,1,26529
ITA,1,2,8,,2,99,1,AFRI,0,1,9620
ITA,1,2,9,,1,99,1,AFRI,0,1,27186
ITA,1,3,0,,99,99,1,AFRI,0,1,186
ITA,1,3,1,,3,0,1,AFRI,0,1,3103
ITA,1,3,2,,3,0,1,AFRI,0,1,7975
ITA,1,3,3,,3,0,1,AFRI,0,1,1619
ITA,1,3,4,,2,1,1,AFRI,0,1,906
ITA,1,3,5,,2,1,1,AFRI,0,1,2784
ITA,1,3,6,,2,1,1,AFRI,0,1,580
ITA,1,3,7,,2,1,1,AFRI,0,1,3673
ITA,1,3,8,,2,1,1,AFRI,0,1,2898
ITA,1,3,9,,1,1,1,AFRI,0,1,5466
ITA,2,1,1,,3,99,1,AFRI,0,1,745
ITA,2,1,2,,3,99,1,AFRI,0,1,203
ITA,2,1,3,,3,99,1,AFRI,0,1,1436
ITA,2,1,4,,2,99,1,AFRI,0,1,1485
ITA,2,1,5,,2,99,1,AFRI,0,1,19565
ITA,2,1,6,,2,99,1,AFRI,0,1,704
ITA,2,1,7,,2,99,1,AFRI,0,1,3113
ITA,2,1,8,,2,99,1,AFRI,0,1,4880
ITA,2,1,9,,1,99,1,AFRI,0,1,30259
ITA,2,2,1,,3,99,1,AFRI,0,1,420
ITA,2,2,2,,3,99,1,AFRI,0,1,965
ITA,2,2,3,,3,99,1,AFRI,0,1,2170
ITA,2,2,4,,2,99,1,AFRI,0,1,4487
ITA,2,2,5,,2,99,1,AFRI,0,1,10152
ITA,2,2,7,,2,99,1,AFRI,0,1,949
ITA,2,2,8,,2,99,1,AFRI,0,1,1338
ITA,2,2,9,,1,99,1,AFRI,0,1,9459
ITA,2,3,1,,3,0,1,AFRI,0,1,403
ITA,2,3,2,,3,0,1,AFRI,0,1,1384
ITA,2,3,3,,3,0,1,AFRI,0,1,1649
ITA,2,3,4,,2,1,1,AFRI,0,1,513
ITA,2,3,5,,2,1,1,AFRI,0,1,2031
ITA,2,3,7,,2,1,1,AFRI,0,1,416
ITA,2,3,8,,2,1,1,AFRI,0,1,342
ITA,2,3,9,,1,1,1,AFRI,0,1,1761
ITA,1,1,1,,3,99,1,ASIA,0,1,8217
ITA,1,1,2,,3,99,1,ASIA,0,1,74
ITA,1,1,3,,3,99,1,ASIA,0,1,2904
ITA,1,1,4,,2,99,1,ASIA,0,1,3029
ITA,1,1,5,,2,99,1,ASIA,0,1,43373
ITA,1,1,6,,2,99,1,ASIA,0,1,4953
ITA,1,1,7,,2,99,1,ASIA,0,1,32667
ITA,1,1,8,,2,99,1,ASIA,0,1,22392
ITA,1,1,9,,1,99,1,ASIA,0,1,105579
ITA,1,2,1,,3,99,1,ASIA,0,1,2443
ITA,1,2,2,,3,99,1,ASIA,0,1,166
ITA,1,2,3,,3,99,1,ASIA,0,1,2998
ITA,1,2,4,,2,99,1,ASIA,0,1,2962
ITA,1,2,5,,2,99,1,ASIA,0,1,19283
ITA,1,2,6,,2,99,1,ASIA,0,1,1663
ITA,1,2,7,,2,99,1,ASIA,0,1,11091
ITA,1,2,8,,2,99,1,ASIA,0,1,5994
ITA,1,2,9,,1,99,1,ASIA,0,1,39029
ITA,1,3,1,,3,0,1,ASIA,0,1,1165
ITA,1,3,2,,3,0,1,ASIA,0,1,6205
ITA,1,3,3,,3,0,1,ASIA,0,1,2492
ITA,1,3,4,,2,1,1,ASIA,0,1,766
ITA,1,3,5,,2,1,1,ASIA,0,1,4107
ITA,1,3,6,,2,1,1,ASIA,0,1,156
ITA,1,3,7,,2,1,1,ASIA,0,1,2192
ITA,1,3,8,,2,1,1,ASIA,0,1,1321
ITA,1,3,9,,1,1,1,ASIA,0,1,5834
ITA,2,1,1,,3,99,1,ASIA,0,1,2585
ITA,2,1,2,,3,99,1,ASIA,0,1,46
ITA,2,1,3,,3,99,1,ASIA,0,1,185
ITA,2,1,4,,2,99,1,ASIA,0,1,667
ITA,2,1,5,,2,99,1,ASIA,0,1,31419
ITA,2,1,6,,2,99,1,ASIA,0,1,1058
ITA,2,1,7,,2,99,1,ASIA,0,1,4634
ITA,2,1,8,,2,99,1,ASIA,0,1,3871
ITA,2,1,9,,1,99,1,ASIA,0,1,44328
ITA,2,2,1,,3,99,1,ASIA,0,1,404
ITA,2,2,2,,3,99,1,ASIA,0,1,644
ITA,2,2,3,,3,99,1,ASIA,0,1,1794
ITA,2,2,4,,2,99,1,ASIA,0,1,1448
ITA,2,2,5,,2,99,1,ASIA,0,1,16608
ITA,2,2,7,,2,99,1,ASIA,0,1,701
ITA,2,2,8,,2,99,1,ASIA,0,1,1003
ITA,2,2,9,,1,99,1,ASIA,0,1,29009
ITA,2,3,1,,3,0,1,ASIA,0,1,15
ITA,2,3,2,,3,0,1,ASIA,0,1,1981
ITA,2,3,3,,3,0,1,ASIA,0,1,2289
ITA,2,3,4,,2,1,1,ASIA,0,1,1644
ITA,2,3,5,,2,1,1,ASIA,0,1,6129
ITA,2,3,7,,2,1,1,ASIA,0,1,59
ITA,2,3,8,,2,1,1,ASIA,0,1,166
ITA,2,3,9,,1,1,1,ASIA,0,1,8441
ITA,1,2,1,,3,99,1,ASIA,1,1,105
ITA,1,2,3,,3,99,1,ASIA,1,1,55
ITA,1,2,6,,2,99,1,ASIA,1,1,681
ITA,1,2,7,,2,99,1,ASIA,1,1,202
ITA,1,2,9,,1,99,1,ASIA,1,1,51
ITA,1,3,1,,3,0,1,ASIA,1,1,146
ITA,1,3,2,,3,0,1,ASIA,1,1,1577
ITA,1,3,3,,3,0,1,ASIA,1,1,45
ITA,1,3,4,,2,1,1,ASIA,1,1,155
ITA,1,3,5,,2,1,1,ASIA,1,1,73
ITA,1,3,7,,2,1,1,ASIA,1,1,117
ITA,2,1,1,,3,99,1,ASIA,1,1,6
ITA,2,1,7,,2,99,1,ASIA,1,1,52
ITA,2,2,7,,2,99,1,ASIA,1,1,263
ITA,2,2,9,,1,99,1,ASIA,1,1,70
ITA,2,3,2,,3,0,1,ASIA,1,1,1202
ITA,2,3,3,,3,0,1,ASIA,1,1,506
ITA,2,3,5,,2,1,1,ASIA,1,1,266
ITA,1,1,1,,3,99,1,EURO,0,1,1944
ITA,1,1,2,,3,99,1,EURO,0,1,46
ITA,1,1,3,,3,99,1,EURO,0,1,4793
ITA,1,1,4,,2,99,1,EURO,0,1,2232
ITA,1,1,5,,2,99,1,EURO,0,1,15435
ITA,1,1,6,,2,99,1,EURO,0,1,17396
ITA,1,1,7,,2,99,1,EURO,0,1,129828
ITA,1,1,8,,2,99,1,EURO,0,1,32907
ITA,1,1,9,,1,99,1,EURO,0,1,65316
ITA,1,2,1,,3,99,1,EURO,0,1,2150
ITA,1,2,2,,3,99,1,EURO,0,1,1502
ITA,1,2,3,,3,99,1,EURO,0,1,10168
ITA,1,2,4,,2,99,1,EURO,0,1,5400
ITA,1,2,5,,2,99,1,EURO,0,1,23946
ITA,1,2,6,,2,99,1,EURO,0,1,11370
ITA,1,2,7,,2,99,1,EURO,0,1,154759
ITA,1,2,8,,2,99,1,EURO,0,1,57188
ITA,1,2,9,,1,99,1,EURO,0,1,59459
ITA,1,3,1,,3,0,1,EURO,0,1,1131
ITA,1,3,2,,3,0,1,EURO,0,1,3584
ITA,1,3,3,,3,0,1,EURO,0,1,6356
ITA,1,3,4,,2,1,1,EURO,0,1,3464
ITA,1,3,5,,2,1,1,EURO,0,1,5084
ITA,1,3,6,,2,1,1,EURO,0,1,760
ITA,1,3,7,,2,1,1,EURO,0,1,8924
ITA,1,3,8,,2,1,1,EURO,0,1,4670
ITA,1,3,9,,1,1,1,EURO,0,1,4498
ITA,2,1,1,,3,99,1,EURO,0,1,1087
ITA,2,1,2,,3,99,1,EURO,0,1,626
ITA,2,1,3,,3,99,1,EURO,0,1,2477
ITA,2,1,4,,2,99,1,EURO,0,1,1626
ITA,2,1,5,,2,99,1,EURO,0,1,101461
ITA,2,1,6,,2,99,1,EURO,0,1,3104
ITA,2,1,7,,2,99,1,EURO,0,1,9320
ITA,2,1,8,,2,99,1,EURO,0,1,6495
ITA,2,1,9,,1,99,1,EURO,0,1,92862
ITA,2,2,1,,3,99,1,EURO,0,1,3444
ITA,2,2,2,,3,99,1,EURO,0,1,1369
ITA,2,2,3,,3,99,1,EURO,0,1,8040
ITA,2,2,4,,2,99,1,EURO,0,1,9594
ITA,2,2,5,,2,99,1,EURO,0,1,168614
ITA,2,2,6,,2,99,1,EURO,0,1,1508
ITA,2,2,7,,2,99,1,EURO,0,1,14269
ITA,2,2,8,,2,99,1,EURO,0,1,19793
ITA,2,2,9,,1,99,1,EURO,0,1,138113
ITA,2,3,1,,3,0,1,EURO,0,1,1540
ITA,2,3,2,,3,0,1,EURO,0,1,8695
ITA,2,3,3,,3,0,1,EURO,0,1,20343
ITA,2,3,4,,2,1,1,EURO,0,1,10921
ITA,2,3,5,,2,1,1,EURO,0,1,39243
ITA,2,3,6,,2,1,1,EURO,0,1,93
ITA,2,3,7,,2,1,1,EURO,0,1,1614
ITA,2,3,8,,2,1,1,EURO,0,1,4054
ITA,2,3,9,,1,1,1,EURO,0,1,34118
ITA,1,1,0,,99,99,1,EURO,1,0,44492
ITA,1,1,1,,3,99,1,EURO,1,0,166562
ITA,1,1,2,,3,99,1,EURO,1,0,20981
ITA,1,1,3,,3,99,1,EURO,1,0,259108
ITA,1,1,4,,2,99,1,EURO,1,0,173147
ITA,1,1,5,,2,99,1,EURO,1,0,549964
ITA,1,1,6,,2,99,1,EURO,1,0,221774
ITA,1,1,7,,2,99,1,EURO,1,0,1314383
ITA,1,1,8,,2,99,1,EURO,1,0,650789
ITA,1,1,9,,1,99,1,EURO,1,0,563745
ITA,1,2,0,,99,99,1,EURO,1,0,145574
ITA,1,2,1,,3,99,1,EURO,1,0,274286
ITA,1,2,2,,3,99,1,EURO,1,0,273594
ITA,1,2,3,,3,99,1,EURO,1,0,1592437
ITA,1,2,4,,2,99,1,EURO,1,0,618024
ITA,1,2,5,,2,99,1,EURO,1,0,752887
ITA,1,2,6,,2,99,1,EURO,1,0,138761
ITA,1,2,7,,2,99,1,EURO,1,0,892975
ITA,1,2,8,,2,99,1,EURO,1,0,403173
ITA,1,2,9,,1,99,1,EURO,1,0,311041
ITA,1,3,0,,99,99,1,EURO,1,0,39459
ITA,1,3,1,,3,0,1,EURO,1,0,142168
ITA,1,3,2,,3,0,1,EURO,1,0,1156690
ITA,1,3,3,,3,0,1,EURO,1,0,485846
ITA,1,3,4,,2,1,1,EURO,1,0,128841
ITA,1,3,5,,2,1,1,EURO,1,0,70973
ITA,1,3,6,,2,1,1,EURO,1,0,15218
ITA,1,3,7,,2,1,1,EURO,1,0,13362
ITA,1,3,8,,2,1,1,EURO,1,0,9503
ITA,1,3,9,,1,1,1,EURO,1,0,8815
ITA,2,1,0,,99,99,1,EURO,1,0,179
ITA,2,1,1,,3,99,1,EURO,1,0,56797
ITA,2,1,2,,3,99,1,EURO,1,0,7179
ITA,2,1,3,,3,99,1,EURO,1,0,89481
ITA,2,1,4,,2,99,1,EURO,1,0,168542
ITA,2,1,5,,2,99,1,EURO,1,0,676184
ITA,2,1,6,,2,99,1,EURO,1,0,66382
ITA,2,1,7,,2,99,1,EURO,1,0,152571
ITA,2,1,8,,2,99,1,EURO,1,0,154704
ITA,2,1,9,,1,99,1,EURO,1,0,470904
ITA,2,2,0,,99,99,1,EURO,1,0,2813
ITA,2,2,1,,3,99,1,EURO,1,0,95719
ITA,2,2,2,,3,99,1,EURO,1,0,450367
ITA,2,2,3,,3,99,1,EURO,1,0,766583
ITA,2,2,4,,2,99,1,EURO,1,0,1193884
ITA,2,2,5,,2,99,1,EURO,1,0,1008953
ITA,2,2,6,,2,99,1,EURO,1,0,38256
ITA,2,2,7,,2,99,1,EURO,1,0,74777
ITA,2,2,8,,2,99,1,EURO,1,0,77233
ITA,2,2,9,,1,99,1,EURO,1,0,187996
ITA,2,3,0,,99,99,1,EURO,1,0,1226
ITA,2,3,1,,3,0,1,EURO,1,0,62510
ITA,2,3,2,,3,0,1,EURO,1,0,1221983
ITA,2,3,3,,3,0,1,EURO,1,0,572704
ITA,2,3,4,,2,1,1,EURO,1,0,298813
ITA,2,3,5,,2,1,1,EURO,1,0,119471
ITA,2,3,6,,2,1,1,EURO,1,0,6081
ITA,2,3,7,,2,1,1,EURO,1,0,4974
ITA,2,3,8,,2,1,1,EURO,1,0,2765
ITA,2,3,9,,1,1,1,EURO,1,0,7411
ITA,1,1,0,,99,99,1,EURO,1,1,1612
ITA,1,1,1,,3,99,1,EURO,1,1,2406
ITA,1,1,2,,3,99,1,EURO,1,1,351
ITA,1,1,3,,3,99,1,EURO,1,1,4719
ITA,1,1,4,,2,99,1,EURO,1,1,3340
ITA,1,1,5,,2,99,1,EURO,1,1,13255
ITA,1,1,6,,2,99,1,EURO,1,1,2401
ITA,1,1,7,,2,99,1,EURO,1,1,21140
ITA,1,1,8,,2,99,1,EURO,1,1,10416
ITA,1,1,9,,1,99,1,EURO,1,1,10043
ITA,1,2,0,,99,99,1,EURO,1,1,3165
ITA,1,2,1,,3,99,1,EURO,1,1,4777
ITA,1,2,2,,3,99,1,EURO,1,1,6775
ITA,1,2,3,,3,99,1,EURO,1,1,23680
ITA,1,2,4,,2,99,1,EURO,1,1,7369
ITA,1,2,5,,2,99,1,EURO,1,1,15847
ITA,1,2,6,,2,99,1,EURO,1,1,1419
ITA,1,2,7,,2,99,1,EURO,1,1,23451
ITA,1,2,8,,2,99,1,EURO,1,1,10126
ITA,1,2,9,,1,99,1,EURO,1,1,8301
ITA,1,3,0,,99,99,1,EURO,1,1,478
ITA,1,3,1,,3,0,1,EURO,1,1,2792
ITA,1,3,2,,3,0,1,EURO,1,1,21173
ITA,1,3,3,,3,0,1,EURO,1,1,11119
ITA,1,3,4,,2,1,1,EURO,1,1,3721
ITA,1,3,5,,2,1,1,EURO,1,1,2070
ITA,1,3,6,,2,1,1,EURO,1,1,332
ITA,1,3,7,,2,1,1,EURO,1,1,493
ITA,1,3,8,,2,1,1,EURO,1,1,259
ITA,1,3,9,,1,1,1,EURO,1,1,393
ITA,2,1,1,,3,99,1,EURO,1,1,1307
ITA,2,1,2,,3,99,1,EURO,1,1,251
ITA,2,1,3,,3,99,1,EURO,1,1,1880
ITA,2,1,4,,2,99,1,EURO,1,1,2893
ITA,2,1,5,,2,99,1,EURO,1,1,20860
ITA,2,1,6,,2,99,1,EURO,1,1,730
ITA,2,1,7,,2,99,1,EURO,1,1,5500
ITA,2,1,8,,2,99,1,EURO,1,1,1444
ITA,2,1,9,,1,99,1,EURO,1,1,16726
ITA,2,2,0,,99,99,1,EURO,1,1,52
ITA,2,2,1,,3,99,1,EURO,1,1,3089
ITA,2,2,2,,3,99,1,EURO,1,1,10531
ITA,2,2,3,,3,99,1,EURO,1,1,17063
ITA,2,2,4,,2,99,1,EURO,1,1,21433
ITA,2,2,5,,2,99,1,EURO,1,1,33032
ITA,2,2,6,,2,99,1,EURO,1,1,1807
ITA,2,2,7,,2,99,1,EURO,1,1,3095
ITA,2,2,8,,2,99,1,EURO,1,1,2912
ITA,2,2,9,,1,99,1,EURO,1,1,19293
ITA,2,3,1,,3,0,1,EURO,1,1,1924
ITA,2,3,2,,3,0,1,EURO,1,1,29404
ITA,2,3,3,,3,0,1,EURO,1,1,18129
ITA,2,3,4,,2,1,1,EURO,1,1,8081
ITA,2,3,5,,2,1,1,EURO,1,1,6456
ITA,2,3,6,,2,1,1,EURO,1,1,425
ITA,2,3,7,,2,1,1,EURO,1,1,544
ITA,2,3,8,,2,1,1,EURO,1,1,227
ITA,2,3,9,,1,1,1,EURO,1,1,1847
ITA,1,1,0,,99,99,1,NOAM,1,1,136
ITA,1,1,1,,3,99,1,NOAM,1,1,21
ITA,1,1,2,,3,99,1,NOAM,1,1,30
ITA,1,1,5,,2,99,1,NOAM,1,1,1584
ITA,1,1,6,,2,99,1,NOAM,1,1,247
ITA,1,1,7,,2,99,1,NOAM,1,1,1461
ITA,1,1,8,,2,99,1,NOAM,1,1,2822
ITA,1,1,9,,1,99,1,NOAM,1,1,469
ITA,1,2,0,,99,99,1,NOAM,1,1,530
ITA,1,2,1,,3,99,1,NOAM,1,1,578
ITA,1,2,2,,3,99,1,NOAM,1,1,1086
ITA,1,2,3,,3,99,1,NOAM,1,1,2903
ITA,1,2,4,,2,99,1,NOAM,1,1,736
ITA,1,2,5,,2,99,1,NOAM,1,1,997
ITA,1,2,6,,2,99,1,NOAM,1,1,180
ITA,1,2,7,,2,99,1,NOAM,1,1,1258
ITA,1,2,8,,2,99,1,NOAM,1,1,933
ITA,1,2,9,,1,99,1,NOAM,1,1,551
ITA,1,3,0,,99,99,1,NOAM,1,1,73
ITA,1,3,1,,3,0,1,NOAM,1,1,1466
ITA,1,3,2,,3,0,1,NOAM,1,1,3871
ITA,1,3,3,,3,0,1,NOAM,1,1,3481
ITA,1,3,4,,2,1,1,NOAM,1,1,407
ITA,1,3,7,,2,1,1,NOAM,1,1,65
ITA,1,3,9,,1,1,1,NOAM,1,1,43
ITA,2,1,1,,3,99,1,NOAM,1,1,27
ITA,2,1,4,,2,99,1,NOAM,1,1,724
ITA,2,1,5,,2,99,1,NOAM,1,1,342
ITA,2,1,7,,2,99,1,NOAM,1,1,829
ITA,2,1,9,,1,99,1,NOAM,1,1,585
ITA,2,2,1,,3,99,1,NOAM,1,1,53
ITA,2,2,2,,3,99,1,NOAM,1,1,679
ITA,2,2,3,,3,99,1,NOAM,1,1,699
ITA,2,2,4,,2,99,1,NOAM,1,1,695
ITA,2,2,5,,2,99,1,NOAM,1,1,2177
ITA,2,2,6,,2,99,1,NOAM,1,1,30
ITA,2,2,7,,2,99,1,NOAM,1,1,177
ITA,2,2,8,,2,99,1,NOAM,1,1,352
ITA,2,2,9,,1,99,1,NOAM,1,1,126
ITA,2,3,1,,3,0,1,NOAM,1,1,211
ITA,2,3,2,,3,0,1,NOAM,1,1,5376
ITA,2,3,3,,3,0,1,NOAM,1,1,1491
ITA,2,3,4,,2,1,1,NOAM,1,1,1233
ITA,2,3,5,,2,1,1,NOAM,1,1,384
ITA,2,3,9,,1,1,1,NOAM,1,1,115
ITA,1,1,7,,2,99,1,OCEA,0,1,250
ITA,1,3,2,,3,0,1,OCEA,0,1,31
ITA,2,2,1,,3,99,1,OCEA,0,1,261
ITA,2,3,3,,3,0,1,OCEA,0,1,114
ITA,1,1,0,,99,99,1,OCEA,1,1,83
ITA,1,1,3,,3,99,1,OCEA,1,1,99
ITA,1,1,5,,2,99,1,OCEA,1,1,89
ITA,1,1,7,,2,99,1,OCEA,1,1,697
ITA,1,1,8,,2,99,1,OCEA,1,1,543
ITA,1,1,9,,1,99,1,OCEA,1,1,48
ITA,1,2,0,,99,99,1,OCEA,1,1,80
ITA,1,2,3,,3,99,1,OCEA,1,1,501
ITA,1,2,4,,2,99,1,OCEA,1,1,480
ITA,1,2,5,,2,99,1,OCEA,1,1,266
ITA,1,2,7,,2,99,1,OCEA,1,1,406
ITA,1,2,8,,2,99,1,OCEA,1,1,138
ITA,1,3,2,,3,0,1,OCEA,1,1,905
ITA,1,3,3,,3,0,1,OCEA,1,1,259
ITA,1,3,4,,2,1,1,OCEA,1,1,682
ITA,1,3,7,,2,1,1,OCEA,1,1,26
ITA,2,1,3,,3,99,1,OCEA,1,1,173
ITA,2,1,4,,2,99,1,OCEA,1,1,459
ITA,2,1,5,,2,99,1,OCEA,1,1,610
ITA,2,1,9,,1,99,1,OCEA,1,1,906
ITA,2,2,2,,3,99,1,OCEA,1,1,427
ITA,2,2,3,,3,99,1,OCEA,1,1,203
ITA,2,2,4,,2,99,1,OCEA,1,1,1764
ITA,2,2,5,,2,99,1,OCEA,1,1,901
ITA,2,2,6,,2,99,1,OCEA,1,1,251
ITA,2,3,2,,3,0,1,OCEA,1,1,859
ITA,2,3,3,,3,0,1,OCEA,1,1,330
ITA,2,3,5,,2,1,1,OCEA,1,1,139
ITA,1,1,1,,3,99,1,SCAC,0,1,888
ITA,1,1,2,,3,99,1,SCAC,0,1,622
ITA,1,1,3,,3,99,1,SCAC,0,1,2255
ITA,1,1,4,,2,99,1,SCAC,0,1,505
ITA,1,1,5,,2,99,1,SCAC,0,1,9640
ITA,1,1,6,,2,99,1,SCAC,0,1,974
ITA,1,1,7,,2,99,1,SCAC,0,1,12317
ITA,1,1,8,,2,99,1,SCAC,0,1,5386
ITA,1,1,9,,1,99,1,SCAC,0,1,19990
ITA,1,2,1,,3,99,1,SCAC,0,1,458
ITA,1,2,2,,3,99,1,SCAC,0,1,1619
ITA,1,2,3,,3,99,1,SCAC,0,1,11492
ITA,1,2,4,,2,99,1,SCAC,0,1,3846
ITA,1,2,5,,2,99,1,SCAC,0,1,11655
ITA,1,2,6,,2,99,1,SCAC,0,1,671
ITA,1,2,7,,2,99,1,SCAC,0,1,13278
ITA,1,2,8,,2,99,1,SCAC,0,1,7814
ITA,1,2,9,,1,99,1,SCAC,0,1,16344
ITA,1,3,0,,99,99,1,SCAC,0,1,70
ITA,1,3,1,,3,0,1,SCAC,0,1,1431
ITA,1,3,2,,3,0,1,SCAC,0,1,9178
ITA,1,3,3,,3,0,1,SCAC,0,1,4251
ITA,1,3,4,,2,1,1,SCAC,0,1,1276
ITA,1,3,5,,2,1,1,SCAC,0,1,3549
ITA,1,3,7,,2,1,1,SCAC,0,1,1813
ITA,1,3,8,,2,1,1,SCAC,0,1,933
ITA,1,3,9,,1,1,1,SCAC,0,1,1377
ITA,2,1,1,,3,99,1,SCAC,0,1,142
ITA,2,1,3,,3,99,1,SCAC,0,1,1356
ITA,2,1,4,,2,99,1,SCAC,0,1,238
ITA,2,1,5,,2,99,1,SCAC,0,1,30277
ITA,2,1,6,,2,99,1,SCAC,0,1,129
ITA,2,1,7,,2,99,1,SCAC,0,1,1871
ITA,2,1,8,,2,99,1,SCAC,0,1,2292
ITA,2,1,9,,1,99,1,SCAC,0,1,31828
ITA,2,2,1,,3,99,1,SCAC,0,1,2107
ITA,2,2,2,,3,99,1,SCAC,0,1,1308
ITA,2,2,3,,3,99,1,SCAC,0,1,5289
ITA,2,2,4,,2,99,1,SCAC,0,1,5699
ITA,2,2,5,,2,99,1,SCAC,0,1,36054
ITA,2,2,6,,2,99,1,SCAC,0,1,177
ITA,2,2,7,,2,99,1,SCAC,0,1,2810
ITA,2,2,8,,2,99,1,SCAC,0,1,2693
ITA,2,2,9,,1,99,1,SCAC,0,1,31289
ITA,2,3,1,,3,0,1,SCAC,0,1,1300
ITA,2,3,2,,3,0,1,SCAC,0,1,5454
ITA,2,3,3,,3,0,1,SCAC,0,1,7336
ITA,2,3,4,,2,1,1,SCAC,0,1,2317
ITA,2,3,5,,2,1,1,SCAC,0,1,7798
ITA,2,3,6,,2,1,1,SCAC,0,1,118
ITA,2,3,7,,2,1,1,SCAC,0,1,256
ITA,2,3,8,,2,1,1,SCAC,0,1,314
ITA,2,3,9,,1,1,1,SCAC,0,1,5726
ITA,1,1,2,,3,99,1,SCAC,1,1,96
ITA,1,1,3,,3,99,1,SCAC,1,1,15
ITA,1,1,4,,2,99,1,SCAC,1,1,92
ITA,1,1,5,,2,99,1,SCAC,1,1,288
ITA,1,1,6,,2,99,1,SCAC,1,1,60
ITA,1,1,7,,2,99,1,SCAC,1,1,367
ITA,1,1,8,,2,99,1,SCAC,1,1,38
ITA,1,2,3,,3,99,1,SCAC,1,1,812
ITA,1,2,4,,2,99,1,SCAC,1,1,38
ITA,1,2,5,,2,99,1,SCAC,1,1,358
ITA,1,2,7,,2,99,1,SCAC,1,1,307
ITA,1,2,8,,2,99,1,SCAC,1,1,500
ITA,1,2,9,,1,99,1,SCAC,1,1,245
ITA,1,3,1,,3,0,1,SCAC,1,1,170
ITA,1,3,2,,3,0,1,SCAC,1,1,840
ITA,2,1,5,,2,99,1,SCAC,1,1,1057
ITA,2,1,9,,1,99,1,SCAC,1,1,158
ITA,2,2,1,,3,99,1,SCAC,1,1,67
ITA,2,2,2,,3,99,1,SCAC,1,1,136
ITA,2,2,3,,3,99,1,SCAC,1,1,611
ITA,2,2,4,,2,99,1,SCAC,1,1,148
ITA,2,2,5,,2,99,1,SCAC,1,1,1402
ITA,2,2,9,,1,99,1,SCAC,1,1,506
ITA,2,3,2,,3,0,1,SCAC,1,1,265
ITA,2,3,3,,3,0,1,SCAC,1,1,47
ITA,2,3,4,,2,1,1,SCAC,1,1,609
ITA,2,3,5,,2,1,1,SCAC,1,1,412
JPN,1,99,,JPN_A,3,99,1,AFRI,0,1,1321
JPN,1,99,,JPN_B,3,99,1,AFRI,0,1,8
JPN,1,99,,JPN_C,3,99,1,AFRI,0,1,1188
JPN,1,99,,JPN_D,2,99,1,AFRI,0,1,439
JPN,1,99,,JPN_E,2,99,1,AFRI,0,1,122
JPN,1,99,,JPN_F,2,99,1,AFRI,0,1,1629
JPN,1,99,,JPN_G,2,99,1,AFRI,0,1,2
JPN,1,99,,JPN_H,2,99,1,AFRI,0,1,69
JPN,1,99,,JPN_I,2,99,1,AFRI,0,1,1239
JPN,1,99,,JPN_J,2,99,1,AFRI,0,1,74
JPN,1,99,,JPN_K,2,99,1,AFRI,0,1,318
JPN,1,99,,JPN_L,99,99,1,AFRI,0,1,95
JPN,2,99,,JPN_B,3,99,1,AFRI,0,1,221
JPN,2,99,,JPN_C,3,99,1,AFRI,0,1,10
JPN,2,99,,JPN_D,2,99,1,AFRI,0,1,29
JPN,2,99,,JPN_E,2,99,1,AFRI,0,1,37
JPN,2,99,,JPN_H,2,99,1,AFRI,0,1,95
JPN,2,99,,JPN_L,99,99,1,AFRI,0,1,43
JPN,1,99,,JPN_A,3,99,1,ASIA,0,1,15784
JPN,1,99,,JPN_B,3,99,1,ASIA,0,1,21737
JPN,1,99,,JPN_C,3,99,1,ASIA,0,1,10956
JPN,1,99,,JPN_D,2,99,1,ASIA,0,1,8764
JPN,1,99,,JPN_E,2,99,1,ASIA,0,1,13063
JPN,1,99,,JPN_F,2,99,1,ASIA,0,1,238
JPN,1,99,,JPN_G,2,99,1,ASIA,0,1,8451
JPN,1,99,,JPN_H,2,99,1,ASIA,0,1,62969
JPN,1,99,,JPN_I,2,99,1,ASIA,0,1,6063
JPN,1,99,,JPN_J,2,99,1,ASIA,0,1,10846
JPN,1,99,,JPN_K,2,99,1,ASIA,0,1,7692
JPN,1,99,,JPN_L,99,99,1,ASIA,0,1,8196
JPN,2,99,,JPN_A,3,99,1,ASIA,0,1,119
JPN,2,99,,JPN_B,3,99,1,ASIA,0,1,15410
JPN,2,99,,JPN_C,3,99,1,ASIA,0,1,15050
JPN,2,99,,JPN_D,2,99,1,ASIA,0,1,12531
JPN,2,99,,JPN_E,2,99,1,ASIA,0,1,30131
JPN,2,99,,JPN_F,2,99,1,ASIA,0,1,56
JPN,2,99,,JPN_G,2,99,1,ASIA,0,1,9206
JPN,2,99,,JPN_H,2,99,1,ASIA,0,1,97752
JPN,2,99,,JPN_I,2,99,1,ASIA,0,1,208
JPN,2,99,,JPN_J,2,99,1,ASIA,0,1,439
JPN,2,99,,JPN_K,2,99,1,ASIA,0,1,21617
JPN,2,99,,JPN_L,99,99,1,ASIA,0,1,11218
JPN,1,99,,JPN_A,3,99,1,ASIA,1,0,221038
JPN,1,99,,JPN_B,3,99,1,ASIA,1,0,3889893
JPN,1,99,,JPN_C,3,99,1,ASIA,1,0,4269346
JPN,1,99,,JPN_D,2,99,1,ASIA,1,0,3344612
JPN,1,99,,JPN_E,2,99,1,ASIA,1,0,1617871
JPN,1,99,,JPN_F,2,99,1,ASIA,1,0,1003764
JPN,1,99,,JPN_G,2,99,1,ASIA,1,0,264876
JPN,1,99,,JPN_H,2,99,1,ASIA,1,0,4684324
JPN,1,99,,JPN_I,2,99,1,ASIA,1,0,1790047
JPN,1,99,,JPN_J,2,99,1,ASIA,1,0,1635949
JPN,1,99,,JPN_K,2,99,1,ASIA,1,0,1795522
JPN,1,99,,JPN_L,99,99,1,ASIA,1,0,344561
JPN,2,99,,JPN_A,3,99,1,ASIA,1,0,23475
JPN,2,99,,JPN_B,3,99,1,ASIA,1,0,4077530
JPN,2,99,,JPN_C,3,99,1,ASIA,1,0,6042136
JPN,2,99,,JPN_D,2,99,1,ASIA,1,0,2811521
JPN,2,99,,JPN_E,2,99,1,ASIA,1,0,3984214
JPN,2,99,,JPN_F,2,99,1,ASIA,1,0,67208
JPN,2,99,,JPN_G,2,99,1,ASIA,1,0,118186
JPN,2,99,,JPN_H,2,99,1,ASIA,1,0,1915893
JPN,2,99,,JPN_I,2,99,1,ASIA,1,0,61234
JPN,2,99,,JPN_J,2,99,1,ASIA,1,0,33144
JPN,2,99,,JPN_K,2,99,1,ASIA,1,0,1665664
JPN,2,99,,JPN_L,99,99,1,ASIA,1,0,326047
JPN,1,99,,JPN_A,3,99,1,ASIA,1,1,802
JPN,1,99,,JPN_B,3,99,1,ASIA,1,1,9018
JPN,1,99,,JPN_C,3,99,1,ASIA,1,1,6410
JPN,1,99,,JPN_D,2,99,1,ASIA,1,1,7262
JPN,1,99,,JPN_E,2,99,1,ASIA,1,1,5821
JPN,1,99,,JPN_F,2,99,1,ASIA,1,1,905
JPN,1,99,,JPN_G,2,99,1,ASIA,1,1,198
JPN,1,99,,JPN_H,2,99,1,ASIA,1,1,7756
JPN,1,99,,JPN_I,2,99,1,ASIA,1,1,6101
JPN,1,99,,JPN_J,2,99,1,ASIA,1,1,4212
JPN,1,99,,JPN_K,2,99,1,ASIA,1,1,4576
JPN,1,99,,JPN_L,99,99,1,ASIA,1,1,2078
JPN,2,99,,JPN_A,3,99,1,ASIA,1,1,86
JPN,2,99,,JPN_B,3,99,1,ASIA,1,1,7832
JPN,2,99,,JPN_C,3,99,1,ASIA,1,1,13255
JPN,2,99,,JPN_D,2,99,1,ASIA,1,1,8202
JPN,2,99,,JPN_E,2,99,1,ASIA,1,1,13454
JPN,2,99,,JPN_F,2,99,1,ASIA,1,1,64
JPN,2,99,,JPN_G,2,99,1,ASIA,1,1,141
JPN,2,99,,JPN_H,2,99,1,ASIA,1,1,5305
JPN,2,99,,JPN_I,2,99,1,ASIA,1,1,208
JPN,2,99,,JPN_J,2,99,1,ASIA,1,1,100
JPN,2,99,,JPN_K,2,99,1,ASIA,1,1,5655
JPN,2,99,,JPN_L,99,99,1,ASIA,1,1,2391
JPN,1,99,,JPN_A,3,99,1,EURO,0,1,3117
JPN,1,99,,JPN_B,3,99,1,EURO,0,1,9
JPN,1,99,,JPN_C,3,99,1,EURO,0,1,544
JPN,1,99,,JPN_D,2,99,1,EURO,0,1,49
JPN,1,99,,JPN_E,2,99,1,EURO,0,1,35
JPN,1,99,,JPN_F,2,99,1,EURO,0,1,461
JPN,1,99,,JPN_H,2,99,1,EURO,0,1,9
JPN,1,99,,JPN_I,2,99,1,EURO,0,1,597
JPN,1,99,,JPN_J,2,99,1,EURO,0,1,6
JPN,1,99,,JPN_K,2,99,1,EURO,0,1,9
JPN,1,99,,JPN_L,99,99,1,EURO,0,1,33
JPN,2,99,,JPN_A,3,99,1,EURO,0,1,12
JPN,2,99,,JPN_B,3,99,1,EURO,0,1,584
JPN,2,99,,JPN_C,3,99,1,EURO,0,1,350
JPN,2,99,,JPN_D,2,99,1,EURO,0,1,174
JPN,2,99,,JPN_E,2,99,1,EURO,0,1,390
JPN,2,99,,JPN_F,2,99,1,EURO,0,1,7
JPN,2,99,,JPN_H,2,99,1,EURO,0,1,141
JPN,2,99,,JPN_K,2,99,1,EURO,0,1,165
JPN,2,99,,JPN_L,99,99,1,EURO,0,1,195
JPN,1,99,,JPN_A,3,99,1,EURO,1,1,13907
JPN,1,99,,JPN_B,3,99,1,EURO,1,1,3572
JPN,1,99,,JPN_C,3,99,1,EURO,1,1,3774
JPN,1,99,,JPN_D,2,99,1,EURO,1,1,586
JPN,1,99,,JPN_E,2,99,1,EURO,1,1,410
JPN,1,99,,JPN_F,2,99,1,EURO,1,1,323
JPN,1,99,,JPN_G,2,99,1,EURO,1,1,18
JPN,1,99,,JPN_H,2,99,1,EURO,1,1,136
JPN,1,99,,JPN_I,2,99,1,EURO,1,1,1311
JPN,1,99,,JPN_J,2,99,1,EURO,1,1,131
JPN,1,99,,JPN_K,2,99,1,EURO,1,1,154
JPN,1,99,,JPN_L,99,99,1,EURO,1,1,450
JPN,2,99,,JPN_A,3,99,1,EURO,1,1,15
JPN,2,99,,JPN_B,3,99,1,EURO,1,1,1991
JPN,2,99,,JPN_C,3,99,1,EURO,1,1,568
JPN,2,99,,JPN_D,2,99,1,EURO,1,1,216
JPN,2,99,,JPN_E,2,99,1,EURO,1,1,307
JPN,2,99,,JPN_F,2,99,1,EURO,1,1,1
JPN,2,99,,JPN_G,2,99,1,EURO,1,1,16
JPN,2,99,,JPN_H,2,99,1,EURO,1,1,62
JPN,2,99,,JPN_J,2,99,1,EURO,1,1,17
JPN,2,99,,JPN_K,2,99,1,EURO,1,1,64
JPN,2,99,,JPN_L,99,99,1,EURO,1,1,202
JPN,1,99,,JPN_A,3,99,1,NOAM,1,1,2490
JPN,1,99,,JPN_B,3,99,1,NOAM,1,1,9297
JPN,1,99,,JPN_C,3,99,1,NOAM,1,1,2305
JPN,1,99,,JPN_D,2,99,1,NOAM,1,1,592
JPN,1,99,,JPN_E,2,99,1,NOAM,1,1,377
JPN,1,99,,JPN_F,2,99,1,NOAM,1,1,73
JPN,1,99,,JPN_G,2,99,1,NOAM,1,1,31
JPN,1,99,,JPN_H,2,99,1,NOAM,1,1,437
JPN,1,99,,JPN_I,2,99,1,NOAM,1,1,118
JPN,1,99,,JPN_J,2,99,1,NOAM,1,1,129
JPN,1,99,,JPN_K,2,99,1,NOAM,1,1,161
JPN,1,99,,JPN_L,99,99,1,NOAM,1,1,573
JPN,2,99,,JPN_A,3,99,1,NOAM,1,1,12
JPN,2,99,,JPN_B,3,99,1,NOAM,1,1,4381
JPN,2,99,,JPN_C,3,99,1,NOAM,1,1,538
JPN,2,99,,JPN_D,2,99,1,NOAM,1,1,137
JPN,2,99,,JPN_E,2,99,1,NOAM,1,1,242
JPN,2,99,,JPN_F,2,99,1,NOAM,1,1,3
JPN,2,99,,JPN_G,2,99,1,NOAM,1,1,6
JPN,2,99,,JPN_H,2,99,1,NOAM,1,1,117
JPN,2,99,,JPN_I,2,99,1,NOAM,1,1,7
JPN,2,99,,JPN_J,2,99,1,NOAM,1,1,2
JPN,2,99,,JPN_K,2,99,1,NOAM,1,1,72
JPN,2,99,,JPN_L,99,99,1,NOAM,1,1,161
JPN,1,99,,JPN_C,3,99,1,OCEA,0,1,44
JPN,1,99,,JPN_H,2,99,1,OCEA,0,1,2
JPN,1,99,,JPN_J,2,99,1,OCEA,0,1,1
JPN,1,99,,JPN_K,2,99,1,OCEA,0,1,24
JPN,1,99,,JPN_L,99,99,1,OCEA,0,1,1
JPN,2,99,,JPN_B,3,99,1,OCEA,0,1,26
JPN,2,99,,JPN_C,3,99,1,OCEA,0,1,11
JPN,2,99,,JPN_H,2,99,1,OCEA,0,1,23
JPN,2,99,,JPN_K,2,99,1,OCEA,0,1,17
JPN,1,99,,JPN_A,3,99,1,OCEA,1,1,2000
JPN,1,99,,JPN_B,3,99,1,OCEA,1,1,50
JPN,1,99,,JPN_C,3,99,1,OCEA,1,1,1079
JPN,1,99,,JPN_D,2,99,1,OCEA,1,1,125
JPN,1,99,,JPN_E,2,99,1,OCEA,1,1,105
JPN,1,99,,JPN_G,2,99,1,OCEA,1,1,2
JPN,1,99,,JPN_H,2,99,1,OCEA,1,1,9
JPN,1,99,,JPN_I,2,99,1,OCEA,1,1,377
JPN,1,99,,JPN_J,2,99,1,OCEA,1,1,20
JPN,1,99,,JPN_K,2,99,1,OCEA,1,1,24
JPN,1,99,,JPN_L,99,99,1,OCEA,1,1,85
JPN,2,99,,JPN_A,3,99,1,OCEA,1,1,3
JPN,2,99,,JPN_B,3,99,1,OCEA,1,1,604
JPN,2,99,,JPN_C,3,99,1,OCEA,1,1,117
JPN,2,99,,JPN_E,2,99,1,OCEA,1,1,14
JPN,2,99,,JPN_H,2,99,1,OCEA,1,1,11
JPN,2,99,,JPN_L,99,99,1,OCEA,1,1,55
JPN,1,99,,JPN_A,3,99,1,SCAC,0,1,397
JPN,1,99,,JPN_B,3,99,1,SCAC,0,1,1178
JPN,1,99,,JPN_C,3,99,1,SCAC,0,1,1705
JPN,1,99,,JPN_D,2,99,1,SCAC,0,1,964
JPN,1,99,,JPN_E,2,99,1,SCAC,0,1,913
JPN,1,99,,JPN_F,2,99,1,SCAC,0,1,2367
JPN,1,99,,JPN_G,2,99,1,SCAC,0,1,221
JPN,1,99,,JPN_H,2,99,1,SCAC,0,1,31429
JPN,1,99,,JPN_I,2,99,1,SCAC,0,1,3150
JPN,1,99,,JPN_J,2,99,1,SCAC,0,1,1555
JPN,1,99,,JPN_K,2,99,1,SCAC,0,1,3214
JPN,1,99,,JPN_L,99,99,1,SCAC,0,1,2308
JPN,2,99,,JPN_A,3,99,1,SCAC,0,1,5
JPN,2,99,,JPN_B,3,99,1,SCAC,0,1,1635
JPN,2,99,,JPN_C,3,99,1,SCAC,0,1,1382
JPN,2,99,,JPN_D,2,99,1,SCAC,0,1,1149
JPN,2,99,,JPN_E,2,99,1,SCAC,0,1,2643
JPN,2,99,,JPN_F,2,99,1,SCAC,0,1,14
JPN,2,99,,JPN_G,2,99,1,SCAC,0,1,147
JPN,2,99,,JPN_H,2,99,1,SCAC,0,1,21700
JPN,2,99,,JPN_I,2,99,1,SCAC,0,1,131
JPN,2,99,,JPN_J,2,99,1,SCAC,0,1,82
JPN,2,99,,JPN_K,2,99,1,SCAC,0,1,2912
JPN,2,99,,JPN_L,99,99,1,SCAC,0,1,1748
JPN,1,99,,JPN_B,3,99,1,SCAC,1,1,4
JPN,1,99,,JPN_C,3,99,1,SCAC,1,1,133
JPN,1,99,,JPN_D,2,99,1,SCAC,1,1,18
JPN,1,99,,JPN_E,2,99,1,SCAC,1,1,25
JPN,1,99,,JPN_G,2,99,1,SCAC,1,1,2
JPN,1,99,,JPN_H,2,99,1,SCAC,1,1,16
JPN,1,99,,JPN_J,2,99,1,SCAC,1,1,10
JPN,1,99,,JPN_K,2,99,1,SCAC,1,1,17
JPN,1,99,,JPN_L,99,99,1,SCAC,1,1,4
JPN,2,99,,JPN_A,3,99,1,SCAC,1,1,2
JPN,2,99,,JPN_B,3,99,1,SCAC,1,1,84
JPN,2,99,,JPN_C,3,99,1,SCAC,1,1,49
JPN,2,99,,JPN_E,2,99,1,SCAC,1,1,69
JPN,2,99,,JPN_F,2,99,1,SCAC,1,1,5
JPN,2,99,,JPN_H,2,99,1,SCAC,1,1,17
JPN,2,99,,JPN_K,2,99,1,SCAC,1,1,44
JPN,2,99,,JPN_L,99,99,1,SCAC,1,1,1
KOR,1,99,0,,99,99,1,ASIA,1,0,100810
KOR,1,99,1,,3,99,1,ASIA,1,0,284196
KOR,1,99,2,,3,99,1,ASIA,1,0,2542586
KOR,1,99,3,,3,99,1,ASIA,1,0,2222337
KOR,1,99,4,,2,99,1,ASIA,1,0,939665
KOR,1,99,5,,2,99,1,ASIA,1,0,1456171
KOR,1,99,6,,2,99,1,ASIA,1,0,700247
KOR,1,99,7,,2,99,1,ASIA,1,0,1854823
KOR,1,99,8,,2,99,1,ASIA,1,0,2405449
KOR,1,99,9,,1,99,1,ASIA,1,0,1537884
KOR,2,99,0,,99,99,1,ASIA,1,0,5560
KOR,2,99,1,,3,99,1,ASIA,1,0,67797
KOR,2,99,2,,3,99,1,ASIA,1,0,2425044
KOR,2,99,3,,3,99,1,ASIA,1,0,1894599
KOR,2,99,4,,2,99,1,ASIA,1,0,1590319
KOR,2,99,5,,2,99,1,ASIA,1,0,1345099
KOR,2,99,6,,2,99,1,ASIA,1,0,533048
KOR,2,99,7,,2,99,1,ASIA,1,0,353629
KOR,2,99,8,,2,99,1,ASIA,1,0,528535
KOR,2,99,9,,1,99,1,ASIA,1,0,1082224
KOR,1,99,1,,3,99,1,UNK,0,1,1957
KOR,1,99,2,,3,99,1,UNK,0,1,39324
KOR,1,99,3,,3,99,1,UNK,0,1,17249
KOR,1,99,4,,2,99,1,UNK,0,1,21219
KOR,1,99,5,,2,99,1,UNK,0,1,11725
KOR,1,99,6,,2,99,1,UNK,0,1,19073
KOR,1,99,7,,2,99,1,UNK,0,1,128266
KOR,1,99,8,,2,99,1,UNK,0,1,199620
KOR,1,99,9,,1,99,1,UNK,0,1,112347
KOR,1,99,99,,99,99,1,UNK,0,1,166
KOR,2,99,1,,3,99,1,UNK,0,1,569
KOR,2,99,2,,3,99,1,UNK,0,1,23397
KOR,2,99,3,,3,99,1,UNK,0,1,12468
KOR,2,99,4,,2,99,1,UNK,0,1,61592
KOR,2,99,5,,2,99,1,UNK,0,1,16636
KOR,2,99,6,,2,99,1,UNK,0,1,9544
KOR,2,99,7,,2,99,1,UNK,0,1,16751
KOR,2,99,8,,2,99,1,UNK,0,1,52578
KOR,2,99,9,,1,99,1,UNK,0,1,69391
KOR,2,99,99,,99,99,1,UNK,0,1,8
LUX,1,1,4,,2,99,1,AFRI,0,1,91
LUX,1,1,5,,2,99,1,AFRI,0,1,141
LUX,1,1,9,,1,99,1,AFRI,0,1,500
LUX,1,2,3,,3,99,1,AFRI,0,1,145
LUX,1,2,4,,2,99,1,AFRI,0,1,32
LUX,1,2,5,,2,99,1,AFRI,0,1,224
LUX,1,2,9,,1,99,1,AFRI,0,1,324
LUX,1,3,2,,3,0,1,AFRI,0,1,549
LUX,1,3,3,,3,0,1,AFRI,0,1,105
LUX,1,3,4,,2,1,1,AFRI,0,1,39
LUX,1,3,5,,2,1,1,AFRI,0,1,31
LUX,1,3,8,,2,1,1,AFRI,0,1,44
LUX,1,3,9,,1,1,1,AFRI,0,1,28
LUX,1,99,2,,3,99,1,AFRI,0,1,43
LUX,1,99,3,,3,99,1,AFRI,0,1,51
LUX,1,99,5,,2,99,1,AFRI,0,1,176
LUX,1,99,9,,1,99,1,AFRI,0,1,149
LUX,2,1,3,,3,99,1,AFRI,0,1,32
LUX,2,1,5,,2,99,1,AFRI,0,1,203
LUX,2,1,7,,2,99,1,AFRI,0,1,173
LUX,2,1,8,,2,99,1,AFRI,0,1,211
LUX,2,1,9,,1,99,1,AFRI,0,1,338
LUX,2,2,3,,3,99,1,AFRI,0,1,342
LUX,2,2,4,,2,99,1,AFRI,0,1,159
LUX,2,2,5,,2,99,1,AFRI,0,1,111
LUX,2,2,7,,2,99,1,AFRI,0,1,309
LUX,2,2,8,,2,99,1,AFRI,0,1,218
LUX,2,2,9,,1,99,1,AFRI,0,1,138
LUX,2,3,1,,3,0,1,AFRI,0,1,140
LUX,2,3,2,,3,0,1,AFRI,0,1,921
LUX,2,3,3,,3,0,1,AFRI,0,1,125
LUX,2,3,5,,2,1,1,AFRI,0,1,71
LUX,2,3,8,,2,1,1,AFRI,0,1,63
LUX,2,3,9,,1,1,1,AFRI,0,1,48
LUX,2,99,2,,3,99,1,AFRI,0,1,74
LUX,2,99,3,,3,99,1,AFRI,0,1,32
LUX,2,99,4,,2,99,1,AFRI,0,1,39
LUX,2,99,7,,2,99,1,AFRI,0,1,28
LUX,2,99,8,,2,99,1,AFRI,0,1,78
LUX,2,99,9,,1,99,1,AFRI,0,1,167
LUX,1,1,2,,3,99,1,ASIA,0,1,18
LUX,1,1,4,,2,99,1,ASIA,0,1,64
LUX,1,1,5,,2,99,1,ASIA,0,1,115
LUX,1,2,3,,3,99,1,ASIA,0,1,64
LUX,1,2,4,,2,99,1,ASIA,0,1,29
LUX,1,2,5,,2,99,1,ASIA,0,1,111
LUX,1,2,9,,1,99,1,ASIA,0,1,156
LUX,1,3,2,,3,0,1,ASIA,0,1,937
LUX,1,3,3,,3,0,1,ASIA,0,1,48
LUX,1,99,2,,3,99,1,ASIA,0,1,24
LUX,1,99,5,,2,99,1,ASIA,0,1,175
LUX,1,99,9,,1,99,1,ASIA,0,1,86
LUX,2,1,5,,2,99,1,ASIA,0,1,207
LUX,2,1,7,,2,99,1,ASIA,0,1,28
LUX,2,1,8,,2,99,1,ASIA,0,1,63
LUX,2,2,2,,3,99,1,ASIA,0,1,39
LUX,2,2,3,,3,99,1,ASIA,0,1,180
LUX,2,2,4,,2,99,1,ASIA,0,1,48
LUX,2,2,5,,2,99,1,ASIA,0,1,120
LUX,2,3,1,,3,0,1,ASIA,0,1,12
LUX,2,3,2,,3,0,1,ASIA,0,1,695
LUX,2,3,3,,3,0,1,ASIA,0,1,164
LUX,2,3,4,,2,1,1,ASIA,0,1,81
LUX,2,3,5,,2,1,1,ASIA,0,1,32
LUX,2,3,9,,1,1,1,ASIA,0,1,33
LUX,2,99,2,,3,99,1,ASIA,0,1,106
LUX,2,99,5,,2,99,1,ASIA,0,1,33
LUX,2,99,7,,2,99,1,ASIA,0,1,28
LUX,1,1,4,,2,99,1,ASIA,1,1,56
LUX,1,1,9,,1,99,1,ASIA,1,1,28
LUX,1,2,2,,3,99,1,ASIA,1,1,29
LUX,1,3,2,,3,0,1,ASIA,1,1,63
LUX,2,3,1,,3,0,1,ASIA,1,1,32
LUX,2,3,2,,3,0,1,ASIA,1,1,258
LUX,2,3,3,,3,0,1,ASIA,1,1,32
LUX,2,3,9,,1,1,1,ASIA,1,1,33
LUX,1,1,5,,2,99,1,EURO,0,1,184
LUX,1,1,9,,1,99,1,EURO,0,1,342
LUX,1,2,2,,3,99,1,EURO,0,1,113
LUX,1,2,3,,3,99,1,EURO,0,1,306
LUX,1,2,4,,2,99,1,EURO,0,1,24
LUX,1,2,5,,2,99,1,EURO,0,1,352
LUX,1,2,8,,2,99,1,EURO,0,1,22
LUX,1,2,9,,1,99,1,EURO,0,1,229
LUX,1,3,1,,3,0,1,EURO,0,1,32
LUX,1,3,2,,3,0,1,EURO,0,1,2204
LUX,1,3,3,,3,0,1,EURO,0,1,595
LUX,1,3,4,,2,1,1,EURO,0,1,29
LUX,1,3,9,,1,1,1,EURO,0,1,31
LUX,1,99,2,,3,99,1,EURO,0,1,95
LUX,1,99,3,,3,99,1,EURO,0,1,52
LUX,1,99,4,,2,99,1,EURO,0,1,32
LUX,1,99,5,,2,99,1,EURO,0,1,245
LUX,1,99,9,,1,99,1,EURO,0,1,172
LUX,2,1,4,,2,99,1,EURO,0,1,59
LUX,2,1,5,,2,99,1,EURO,0,1,96
LUX,2,1,6,,2,99,1,EURO,0,1,61
LUX,2,1,7,,2,99,1,EURO,0,1,88
LUX,2,1,8,,2,99,1,EURO,0,1,89
LUX,2,1,9,,1,99,1,EURO,0,1,329
LUX,2,2,3,,3,99,1,EURO,0,1,60
LUX,2,2,4,,2,99,1,EURO,0,1,19
LUX,2,2,5,,2,99,1,EURO,0,1,39
LUX,2,2,6,,2,99,1,EURO,0,1,32
LUX,2,2,7,,2,99,1,EURO,0,1,210
LUX,2,2,8,,2,99,1,EURO,0,1,163
LUX,2,2,9,,1,99,1,EURO,0,1,330
LUX,2,3,2,,3,0,1,EURO,0,1,1802
LUX,2,3,3,,3,0,1,EURO,0,1,33
LUX,2,3,4,,2,1,1,EURO,0,1,80
LUX,2,3,6,,2,1,1,EURO,0,1,30
LUX,2,3,7,,2,1,1,EURO,0,1,60
LUX,2,3,9,,1,1,1,EURO,0,1,81
LUX,2,99,2,,3,99,1,EURO,0,1,407
LUX,2,99,3,,3,99,1,EURO,0,1,98
LUX,2,99,4,,2,99,1,EURO,0,1,110
LUX,2,99,5,,2,99,1,EURO,0,1,81
LUX,2,99,7,,2,99,1,EURO,0,1,393
LUX,2,99,8,,2,99,1,EURO,0,1,93
LUX,2,99,9,,1,99,1,EURO,0,1,137
LUX,1,1,2,,3,99,1,EURO,1,0,37
LUX,1,1,3,,3,99,1,EURO,1,0,737
LUX,1,1,4,,2,99,1,EURO,1,0,2705
LUX,1,1,5,,2,99,1,EURO,1,0,2051
LUX,1,1,6,,2,99,1,EURO,1,0,127
LUX,1,1,7,,2,99,1,EURO,1,0,22
LUX,1,1,8,,2,99,1,EURO,1,0,135
LUX,1,1,9,,1,99,1,EURO,1,0,1579
LUX,1,2,1,,3,99,1,EURO,1,0,103
LUX,1,2,2,,3,99,1,EURO,1,0,998
LUX,1,2,3,,3,99,1,EURO,1,0,9495
LUX,1,2,4,,2,99,1,EURO,1,0,5238
LUX,1,2,5,,2,99,1,EURO,1,0,4591
LUX,1,2,6,,2,99,1,EURO,1,0,246
LUX,1,2,7,,2,99,1,EURO,1,0,111
LUX,1,2,8,,2,99,1,EURO,1,0,90
LUX,1,2,9,,1,99,1,EURO,1,0,1489
LUX,1,3,1,,3,0,1,EURO,1,0,351
LUX,1,3,2,,3,0,1,EURO,1,0,15198
LUX,1,3,3,,3,0,1,EURO,1,0,2413
LUX,1,3,4,,2,1,1,EURO,1,0,342
LUX,1,3,5,,2,1,1,EURO,1,0,172
LUX,1,3,9,,1,1,1,EURO,1,0,704
LUX,1,99,1,,3,99,1,EURO,1,0,17
LUX,1,99,2,,3,99,1,EURO,1,0,1203
LUX,1,99,3,,3,99,1,EURO,1,0,1435
LUX,1,99,4,,2,99,1,EURO,1,0,538
LUX,1,99,5,,2,99,1,EURO,1,0,610
LUX,1,99,6,,2,99,1,EURO,1,0,22
LUX,1,99,7,,2,99,1,EURO,1,0,37
LUX,1,99,8,,2,99,1,EURO,1,0,29
LUX,1,99,9,,1,99,1,EURO,1,0,885
LUX,2,1,0,,99,99,1,EURO,1,0,85
LUX,2,1,1,,3,99,1,EURO,1,0,164
LUX,2,1,2,,3,99,1,EURO,1,0,45
LUX,2,1,3,,3,99,1,EURO,1,0,872
LUX,2,1,4,,2,99,1,EURO,1,0,2185
LUX,2,1,5,,2,99,1,EURO,1,0,1832
LUX,2,1,6,,2,99,1,EURO,1,0,310
LUX,2,1,7,,2,99,1,EURO,1,0,953
LUX,2,1,8,,2,99,1,EURO,1,0,1598
LUX,2,1,9,,1,99,1,EURO,1,0,2116
LUX,2,2,0,,99,99,1,EURO,1,0,87
LUX,2,2,1,,3,99,1,EURO,1,0,543
LUX,2,2,2,,3,99,1,EURO,1,0,1128
LUX,2,2,3,,3,99,1,EURO,1,0,10713
LUX,2,2,4,,2,99,1,EURO,1,0,3411
LUX,2,2,5,,2,99,1,EURO,1,0,3811
LUX,2,2,6,,2,99,1,EURO,1,0,1707
LUX,2,2,7,,2,99,1,EURO,1,0,4262
LUX,2,2,8,,2,99,1,EURO,1,0,2188
LUX,2,2,9,,1,99,1,EURO,1,0,1874
LUX,2,3,0,,99,99,1,EURO,1,0,28
LUX,2,3,1,,3,0,1,EURO,1,0,1185
LUX,2,3,2,,3,0,1,EURO,1,0,14699
LUX,2,3,3,,3,0,1,EURO,1,0,1846
LUX,2,3,4,,2,1,1,EURO,1,0,258
LUX,2,3,5,,2,1,1,EURO,1,0,301
LUX,2,3,6,,2,1,1,EURO,1,0,28
LUX,2,3,7,,2,1,1,EURO,1,0,132
LUX,2,3,8,,2,1,1,EURO,1,0,96
LUX,2,3,9,,1,1,1,EURO,1,0,686
LUX,2,99,1,,3,99,1,EURO,1,0,103
LUX,2,99,2,,3,99,1,EURO,1,0,735
LUX,2,99,3,,3,99,1,EURO,1,0,1418
LUX,2,99,4,,2,99,1,EURO,1,0,259
LUX,2,99,5,,2,99,1,EURO,1,0,567
LUX,2,99,6,,2,99,1,EURO,1,0,116
LUX,2,99,7,,2,99,1,EURO,1,0,141
LUX,2,99,8,,2,99,1,EURO,1,0,269
LUX,2,99,9,,1,99,1,EURO,1,0,1058
LUX,1,1,1,,3,99,1,EURO,1,1,28
LUX,1,1,3,,3,99,1,EURO,1,1,124
LUX,1,1,4,,2,99,1,EURO,1,1,940
LUX,1,1,5,,2,99,1,EURO,1,1,1588
LUX,1,1,7,,2,99,1,EURO,1,1,131
LUX,1,1,8,,2,99,1,EURO,1,1,284
LUX,1,1,9,,1,99,1,EURO,1,1,5296
LUX,1,2,1,,3,99,1,EURO,1,1,170
LUX,1,2,2,,3,99,1,EURO,1,1,28
LUX,1,2,3,,3,99,1,EURO,1,1,2825
LUX,1,2,4,,2,99,1,EURO,1,1,1870
LUX,1,2,5,,2,99,1,EURO,1,1,3006
LUX,1,2,6,,2,99,1,EURO,1,1,31
LUX,1,2,7,,2,99,1,EURO,1,1,19
LUX,1,2,8,,2,99,1,EURO,1,1,216
LUX,1,2,9,,1,99,1,EURO,1,1,2753
LUX,1,3,1,,3,0,1,EURO,1,1,505
LUX,1,3,2,,3,0,1,EURO,1,1,18009
LUX,1,3,3,,3,0,1,EURO,1,1,4314
LUX,1,3,4,,2,1,1,EURO,1,1,526
LUX,1,3,5,,2,1,1,EURO,1,1,676
LUX,1,3,8,,2,1,1,EURO,1,1,32
LUX,1,3,9,,1,1,1,EURO,1,1,997
LUX,1,99,1,,3,99,1,EURO,1,1,50
LUX,1,99,2,,3,99,1,EURO,1,1,1832
LUX,1,99,3,,3,99,1,EURO,1,1,1898
LUX,1,99,4,,2,99,1,EURO,1,1,406
LUX,1,99,5,,2,99,1,EURO,1,1,686
LUX,1,99,7,,2,99,1,EURO,1,1,44
LUX,1,99,8,,2,99,1,EURO,1,1,76
LUX,1,99,9,,1,99,1,EURO,1,1,1858
LUX,2,1,0,,99,99,1,EURO,1,1,56
LUX,2,1,1,,3,99,1,EURO,1,1,120
LUX,2,1,3,,3,99,1,EURO,1,1,843
LUX,2,1,4,,2,99,1,EURO,1,1,717
LUX,2,1,5,,2,99,1,EURO,1,1,913
LUX,2,1,6,,2,99,1,EURO,1,1,207
LUX,2,1,7,,2,99,1,EURO,1,1,3850
LUX,2,1,8,,2,99,1,EURO,1,1,2393
LUX,2,1,9,,1,99,1,EURO,1,1,2700
LUX,2,2,1,,3,99,1,EURO,1,1,341
LUX,2,2,2,,3,99,1,EURO,1,1,211
LUX,2,2,3,,3,99,1,EURO,1,1,3010
LUX,2,2,4,,2,99,1,EURO,1,1,1449
LUX,2,2,5,,2,99,1,EURO,1,1,2637
LUX,2,2,6,,2,99,1,EURO,1,1,339
LUX,2,2,7,,2,99,1,EURO,1,1,3046
LUX,2,2,8,,2,99,1,EURO,1,1,1170
LUX,2,2,9,,1,99,1,EURO,1,1,1162
LUX,2,3,1,,3,0,1,EURO,1,1,2427
LUX,2,3,2,,3,0,1,EURO,1,1,25736
LUX,2,3,3,,3,0,1,EURO,1,1,2673
LUX,2,3,4,,2,1,1,EURO,1,1,199
LUX,2,3,5,,2,1,1,EURO,1,1,578
LUX,2,3,6,,2,1,1,EURO,1,1,33
LUX,2,3,7,,2,1,1,EURO,1,1,33
LUX,2,3,8,,2,1,1,EURO,1,1,66
LUX,2,3,9,,1,1,1,EURO,1,1,797
LUX,2,99,1,,3,99,1,EURO,1,1,484
LUX,2,99,2,,3,99,1,EURO,1,1,2134
LUX,2,99,3,,3,99,1,EURO,1,1,1667
LUX,2,99,4,,2,99,1,EURO,1,1,510
LUX,2,99,5,,2,99,1,EURO,1,1,450
LUX,2,99,6,,2,99,1,EURO,1,1,108
LUX,2,99,7,,2,99,1,EURO,1,1,490
LUX,2,99,8,,2,99,1,EURO,1,1,557
LUX,2,99,9,,1,99,1,EURO,1,1,845
LUX,1,2,3,,3,99,1,NOAM,1,1,114
LUX,1,2,4,,2,99,1,NOAM,1,1,123
LUX,1,3,2,,3,0,1,NOAM,1,1,458
LUX,1,3,5,,2,1,1,NOAM,1,1,31
LUX,1,3,9,,1,1,1,NOAM,1,1,154
LUX,2,2,2,,3,99,1,NOAM,1,1,42
LUX,2,2,4,,2,99,1,NOAM,1,1,60
LUX,2,2,9,,1,99,1,NOAM,1,1,32
LUX,2,3,1,,3,0,1,NOAM,1,1,104
LUX,2,3,2,,3,0,1,NOAM,1,1,304
LUX,2,99,2,,3,99,1,NOAM,1,1,56
LUX,2,99,3,,3,99,1,NOAM,1,1,42
LUX,2,3,2,,3,0,1,OCEA,1,1,129
LUX,1,1,4,,2,99,1,SCAC,0,1,19
LUX,1,1,5,,2,99,1,SCAC,0,1,44
LUX,1,1,9,,1,99,1,SCAC,0,1,167
LUX,1,2,5,,2,99,1,SCAC,0,1,29
LUX,1,2,9,,1,99,1,SCAC,0,1,159
LUX,1,3,2,,3,0,1,SCAC,0,1,96
LUX,1,3,3,,3,0,1,SCAC,0,1,53
LUX,1,3,5,,2,1,1,SCAC,0,1,50
LUX,1,3,9,,1,1,1,SCAC,0,1,64
LUX,1,99,2,,3,99,1,SCAC,0,1,39
LUX,1,99,3,,3,99,1,SCAC,0,1,51
LUX,1,99,4,,2,99,1,SCAC,0,1,26
LUX,1,99,5,,2,99,1,SCAC,0,1,21
LUX,1,99,9,,1,99,1,SCAC,0,1,122
LUX,2,1,8,,2,99,1,SCAC,0,1,28
LUX,2,1,9,,1,99,1,SCAC,0,1,76
LUX,2,2,1,,3,99,1,SCAC,0,1,32
LUX,2,2,3,,3,99,1,SCAC,0,1,36
LUX,2,2,5,,2,99,1,SCAC,0,1,63
LUX,2,2,7,,2,99,1,SCAC,0,1,48
LUX,2,2,8,,2,99,1,SCAC,0,1,76
LUX,2,3,2,,3,0,1,SCAC,0,1,268
LUX,2,3,3,,3,0,1,SCAC,0,1,33
LUX,2,3,5,,2,1,1,SCAC,0,1,32
LUX,2,3,8,,2,1,1,SCAC,0,1,48
LUX,2,3,9,,1,1,1,SCAC,0,1,39
LUX,2,99,4,,2,99,1,SCAC,0,1,56
LUX,1,2,3,,3,99,1,SCAC,1,1,19
LUX,1,3,2,,3,0,1,SCAC,1,1,21
LUX,1,99,5,,2,99,1,SCAC,1,1,19
LUX,2,3,2,,3,0,1,SCAC,1,1,81
LUX,1,1,5,,2,99,1,UNK,0,99,96
LUX,1,1,9,,1,99,1,UNK,0,99,72
LUX,1,2,5,,2,99,1,UNK,0,99,31
LUX,1,3,2,,3,0,1,UNK,0,99,266
LUX,1,3,3,,3,0,1,UNK,0,99,56
LUX,1,3,9,,1,1,1,UNK,0,99,68
LUX,1,99,2,,3,99,1,UNK,0,99,62
LUX,1,99,3,,3,99,1,UNK,0,99,72
LUX,1,99,5,,2,99,1,UNK,0,99,19
LUX,1,99,9,,1,99,1,UNK,0,99,271
LUX,2,1,5,,2,99,1,UNK,0,99,97
LUX,2,1,7,,2,99,1,UNK,0,99,72
LUX,2,1,9,,1,99,1,UNK,0,99,28
LUX,2,2,7,,2,99,1,UNK,0,99,39
LUX,2,2,9,,1,99,1,UNK,0,99,42
LUX,2,3,1,,3,0,1,UNK,0,99,44
LUX,2,3,2,,3,0,1,UNK,0,99,308
LUX,2,3,3,,3,0,1,UNK,0,99,32
LUX,2,3,9,,1,1,1,UNK,0,99,70
LUX,2,99,2,,3,99,1,UNK,0,99,125
LUX,2,99,7,,2,99,1,UNK,0,99,135
LUX,2,99,9,,1,99,1,UNK,0,99,278
LVA,1,2,2,,3,99,1,AFRI,0,1,81
LVA,1,1,6,,2,99,1,ASIA,0,1,52
LVA,1,1,7,,2,99,1,ASIA,0,1,23
LVA,1,1,8,,2,99,1,ASIA,0,1,29
LVA,1,1,9,,1,99,1,ASIA,0,1,104
LVA,1,2,1,,3,99,1,ASIA,0,1,50
LVA,1,2,2,,3,99,1,ASIA,0,1,157
LVA,1,2,3,,3,99,1,ASIA,0,1,17
LVA,1,2,5,,2,99,1,ASIA,0,1,56
LVA,1,2,7,,2,99,1,ASIA,0,1,758
LVA,1,2,8,,2,99,1,ASIA,0,1,303
LVA,1,2,9,,1,99,1,ASIA,0,1,259
LVA,1,3,1,,3,0,1,ASIA,0,1,110
LVA,1,3,2,,3,0,1,ASIA,0,1,188
LVA,1,3,3,,3,0,1,ASIA,0,1,32
LVA,1,3,7,,2,1,1,ASIA,0,1,370
LVA,1,3,8,,2,1,1,ASIA,0,1,115
LVA,2,1,6,,2,99,1,ASIA,0,1,34
LVA,2,2,1,,3,99,1,ASIA,0,1,94
LVA,2,2,3,,3,99,1,ASIA,0,1,105
LVA,2,2,4,,2,99,1,ASIA,0,1,510
LVA,2,2,5,,2,99,1,ASIA,0,1,695
LVA,2,2,7,,2,99,1,ASIA,0,1,170
LVA,2,2,9,,1,99,1,ASIA,0,1,129
LVA,2,3,1,,3,0,1,ASIA,0,1,269
LVA,2,3,2,,3,0,1,ASIA,0,1,1207
LVA,2,3,3,,3,0,1,ASIA,0,1,176
LVA,2,3,5,,2,1,1,ASIA,0,1,128
LVA,2,3,9,,1,1,1,ASIA,0,1,164
LVA,1,1,5,,2,99,1,EURO,0,1,246
LVA,1,1,6,,2,99,1,EURO,0,1,66
LVA,1,1,7,,2,99,1,EURO,0,1,273
LVA,1,1,8,,2,99,1,EURO,0,1,81
LVA,1,1,9,,1,99,1,EURO,0,1,479
LVA,1,2,1,,3,99,1,EURO,0,1,1951
LVA,1,2,2,,3,99,1,EURO,0,1,269
LVA,1,2,3,,3,99,1,EURO,0,1,1087
LVA,1,2,4,,2,99,1,EURO,0,1,718
LVA,1,2,5,,2,99,1,EURO,0,1,650
LVA,1,2,6,,2,99,1,EURO,0,1,299
LVA,1,2,7,,2,99,1,EURO,0,1,6013
LVA,1,2,8,,2,99,1,EURO,0,1,5466
LVA,1,2,9,,1,99,1,EURO,0,1,2726
LVA,1,3,1,,3,0,1,EURO,0,1,2560
LVA,1,3,2,,3,0,1,EURO,0,1,4088
LVA,1,3,3,,3,0,1,EURO,0,1,1269
LVA,1,3,4,,2,1,1,EURO,0,1,164
LVA,1,3,5,,2,1,1,EURO,0,1,378
LVA,1,3,7,,2,1,1,EURO,0,1,486
LVA,1,3,8,,2,1,1,EURO,0,1,1206
LVA,1,3,9,,1,1,1,EURO,0,1,419
LVA,1,99,3,,3,99,1,EURO,0,1,28
LVA,1,99,8,,2,99,1,EURO,0,1,33
LVA,2,1,5,,2,99,1,EURO,0,1,440
LVA,2,1,6,,2,99,1,EURO,0,1,91
LVA,2,1,7,,2,99,1,EURO,0,1,184
LVA,2,1,9,,1,99,1,EURO,0,1,786
LVA,2,2,1,,3,99,1,EURO,0,1,426
LVA,2,2,2,,3,99,1,EURO,0,1,683
LVA,2,2,3,,3,99,1,EURO,0,1,2445
LVA,2,2,4,,2,99,1,EURO,0,1,1790
LVA,2,2,5,,2,99,1,EURO,0,1,5632
LVA,2,2,6,,2,99,1,EURO,0,1,604
LVA,2,2,7,,2,99,1,EURO,0,1,2422
LVA,2,2,8,,2,99,1,EURO,0,1,953
LVA,2,2,9,,1,99,1,EURO,0,1,6674
LVA,2,3,1,,3,0,1,EURO,0,1,1874
LVA,2,3,2,,3,0,1,EURO,0,1,6638
LVA,2,3,3,,3,0,1,EURO,0,1,3435
LVA,2,3,4,,2,1,1,EURO,0,1,717
LVA,2,3,5,,2,1,1,EURO,0,1,1321
LVA,2,3,7,,2,1,1,EURO,0,1,347
LVA,2,3,8,,2,1,1,EURO,0,1,45
LVA,2,3,9,,1,1,1,EURO,0,1,389
LVA,1,1,1,,3,99,1,EURO,1,0,588
LVA,1,1,3,,3,99,1,EURO,1,0,817
LVA,1,1,4,,2,99,1,EURO,1,0,747
LVA,1,1,5,,2,99,1,EURO,1,0,1961
LVA,1,1,6,,2,99,1,EURO,1,0,5843
LVA,1,1,7,,2,99,1,EURO,1,0,11837
LVA,1,1,8,,2,99,1,EURO,1,0,8490
LVA,1,1,9,,1,99,1,EURO,1,0,12739
LVA,1,2,0,,99,99,1,EURO,1,0,2262
LVA,1,2,1,,3,99,1,EURO,1,0,18813
LVA,1,2,2,,3,99,1,EURO,1,0,8536
LVA,1,2,3,,3,99,1,EURO,1,0,22038
LVA,1,2,4,,2,99,1,EURO,1,0,7764
LVA,1,2,5,,2,99,1,EURO,1,0,22656
LVA,1,2,6,,2,99,1,EURO,1,0,16263
LVA,1,2,7,,2,99,1,EURO,1,0,62746
LVA,1,2,8,,2,99,1,EURO,1,0,54552
LVA,1,2,9,,1,99,1,EURO,1,0,36812
LVA,1,3,0,,99,99,1,EURO,1,0,688
LVA,1,3,1,,3,0,1,EURO,1,0,19704
LVA,1,3,2,,3,0,1,EURO,1,0,35830
LVA,1,3,3,,3,0,1,EURO,1,0,22822
LVA,1,3,4,,2,1,1,EURO,1,0,3061
LVA,1,3,5,,2,1,1,EURO,1,0,5574
LVA,1,3,6,,2,1,1,EURO,1,0,1351
LVA,1,3,7,,2,1,1,EURO,1,0,5149
LVA,1,3,8,,2,1,1,EURO,1,0,3783
LVA,1,3,9,,1,1,1,EURO,1,0,3959
LVA,1,99,0,,99,99,1,EURO,1,0,190
LVA,1,99,2,,3,99,1,EURO,1,0,81
LVA,1,99,3,,3,99,1,EURO,1,0,451
LVA,1,99,5,,2,99,1,EURO,1,0,54
LVA,1,99,7,,2,99,1,EURO,1,0,198
LVA,1,99,8,,2,99,1,EURO,1,0,72
LVA,2,1,1,,3,99,1,EURO,1,0,202
LVA,2,1,2,,3,99,1,EURO,1,0,47
LVA,2,1,3,,3,99,1,EURO,1,0,606
LVA,2,1,4,,2,99,1,EURO,1,0,1240
LVA,2,1,5,,2,99,1,EURO,1,0,6383
LVA,2,1,6,,2,99,1,EURO,1,0,1965
LVA,2,1,7,,2,99,1,EURO,1,0,2090
LVA,2,1,8,,2,99,1,EURO,1,0,573
LVA,2,1,9,,1,99,1,EURO,1,0,8007
LVA,2,2,0,,99,99,1,EURO,1,0,208
LVA,2,2,1,,3,99,1,EURO,1,0,6783
LVA,2,2,2,,3,99,1,EURO,1,0,9146
LVA,2,2,3,,3,99,1,EURO,1,0,24090
LVA,2,2,4,,2,99,1,EURO,1,0,19894
LVA,2,2,5,,2,99,1,EURO,1,0,67499
LVA,2,2,6,,2,99,1,EURO,1,0,9186
LVA,2,2,7,,2,99,1,EURO,1,0,15098
LVA,2,2,8,,2,99,1,EURO,1,0,3878
LVA,2,2,9,,1,99,1,EURO,1,0,34085
LVA,2,3,0,,99,99,1,EURO,1,0,163
LVA,2,3,1,,3,0,1,EURO,1,0,29291
LVA,2,3,2,,3,0,1,EURO,1,0,90211
LVA,2,3,3,,3,0,1,EURO,1,0,45758
LVA,2,3,4,,2,1,1,EURO,1,0,12666
LVA,2,3,5,,2,1,1,EURO,1,0,12196
LVA,2,3,6,,2,1,1,EURO,1,0,1928
LVA,2,3,7,,2,1,1,EURO,1,0,1077
LVA,2,3,8,,2,1,1,EURO,1,0,251
LVA,2,3,9,,1,1,1,EURO,1,0,2912
LVA,2,99,1,,3,99,1,EURO,1,0,25
LVA,2,99,3,,3,99,1,EURO,1,0,131
LVA,2,99,4,,2,99,1,EURO,1,0,247
LVA,2,99,5,,2,99,1,EURO,1,0,26
LVA,2,99,7,,2,99,1,EURO,1,0,28
LVA,2,99,9,,1,99,1,EURO,1,0,151
LVA,1,1,6,,2,99,1,EURO,1,1,32
LVA,1,1,7,,2,99,1,EURO,1,1,178
LVA,1,1,8,,2,99,1,EURO,1,1,230
LVA,1,1,9,,1,99,1,EURO,1,1,362
LVA,1,2,1,,3,99,1,EURO,1,1,124
LVA,1,2,2,,3,99,1,EURO,1,1,23
LVA,1,2,3,,3,99,1,EURO,1,1,362
LVA,1,2,5,,2,99,1,EURO,1,1,49
LVA,1,2,6,,2,99,1,EURO,1,1,340
LVA,1,2,7,,2,99,1,EURO,1,1,624
LVA,1,2,8,,2,99,1,EURO,1,1,901
LVA,1,2,9,,1,99,1,EURO,1,1,143
LVA,1,3,1,,3,0,1,EURO,1,1,188
LVA,1,3,2,,3,0,1,EURO,1,1,872
LVA,1,3,3,,3,0,1,EURO,1,1,591
LVA,1,3,4,,2,1,1,EURO,1,1,469
LVA,1,3,6,,2,1,1,EURO,1,1,110
LVA,1,3,9,,1,1,1,EURO,1,1,74
LVA,2,1,6,,2,99,1,EURO,1,1,32
LVA,2,1,9,,1,99,1,EURO,1,1,97
LVA,2,2,2,,3,99,1,EURO,1,1,153
LVA,2,2,3,,3,99,1,EURO,1,1,296
LVA,2,2,4,,2,99,1,EURO,1,1,112
LVA,2,2,5,,2,99,1,EURO,1,1,926
LVA,2,2,6,,2,99,1,EURO,1,1,64
LVA,2,2,7,,2,99,1,EURO,1,1,435
LVA,2,2,8,,2,99,1,EURO,1,1,59
LVA,2,2,9,,1,99,1,EURO,1,1,954
LVA,2,3,1,,3,0,1,EURO,1,1,523
LVA,2,3,2,,3,0,1,EURO,1,1,922
LVA,2,3,3,,3,0,1,EURO,1,1,565
LVA,2,3,5,,2,1,1,EURO,1,1,239
LVA,2,3,6,,2,1,1,EURO,1,1,54
LVA,1,3,2,,3,0,1,NOAM,1,1,51
LVA,2,3,2,,3,0,1,NOAM,1,1,27
LVA,1,2,2,,3,99,1,OCEA,1,1,120
LVA,1,3,5,,2,1,1,SCAC,0,1,266
MEX,1,1,2,,3,99,1,AFRI,0,1,22
MEX,1,2,2,,3,99,1,AFRI,0,1,2
MEX,1,2,3,,3,99,1,AFRI,0,1,10
MEX,1,2,5,,2,99,1,AFRI,0,1,82
MEX,1,2,6,,2,99,1,AFRI,0,1,2
MEX,1,2,7,,2,99,1,AFRI,0,1,6
MEX,1,3,1,,3,0,1,AFRI,0,1,66
MEX,1,3,2,,3,0,1,AFRI,0,1,610
MEX,1,3,3,,3,0,1,AFRI,0,1,78
MEX,1,3,4,,2,1,1,AFRI,0,1,2
MEX,1,3,5,,2,1,1,AFRI,0,1,22
MEX,1,3,7,,2,1,1,AFRI,0,1,18
MEX,1,3,9,,1,1,1,AFRI,0,1,6
MEX,1,3,99,,99,99,1,AFRI,0,1,2
MEX,2,2,2,,3,99,1,AFRI,0,1,16
MEX,2,2,3,,3,99,1,AFRI,0,1,22
MEX,2,2,9,,1,99,1,AFRI,0,1,14
MEX,2,3,1,,3,0,1,AFRI,0,1,2
MEX,2,3,2,,3,0,1,AFRI,0,1,58
MEX,2,3,5,,2,1,1,AFRI,0,1,28
MEX,1,1,1,,3,99,1,ASIA,0,1,54
MEX,1,1,4,,2,99,1,ASIA,0,1,74
MEX,1,1,5,,2,99,1,ASIA,0,1,1514
MEX,1,1,7,,2,99,1,ASIA,0,1,16
MEX,1,1,9,,1,99,1,ASIA,0,1,48
MEX,1,2,1,,3,99,1,ASIA,0,1,288
MEX,1,2,2,,3,99,1,ASIA,0,1,128
MEX,1,2,3,,3,99,1,ASIA,0,1,18
MEX,1,2,4,,2,99,1,ASIA,0,1,32
MEX,1,2,5,,2,99,1,ASIA,0,1,1344
MEX,1,2,7,,2,99,1,ASIA,0,1,26
MEX,1,2,8,,2,99,1,ASIA,0,1,116
MEX,1,2,9,,1,99,1,ASIA,0,1,538
MEX,1,3,1,,3,0,1,ASIA,0,1,466
MEX,1,3,2,,3,0,1,ASIA,0,1,1320
MEX,1,3,3,,3,0,1,ASIA,0,1,54
MEX,1,3,4,,2,1,1,ASIA,0,1,26
MEX,1,3,5,,2,1,1,ASIA,0,1,528
MEX,1,3,6,,2,1,1,ASIA,0,1,18
MEX,1,3,7,,2,1,1,ASIA,0,1,120
MEX,1,3,8,,2,1,1,ASIA,0,1,144
MEX,1,3,9,,1,1,1,ASIA,0,1,14
MEX,1,3,99,,99,99,1,ASIA,0,1,4
MEX,1,99,5,,2,99,1,ASIA,0,1,22
MEX,2,1,1,,3,99,1,ASIA,0,1,34
MEX,2,1,4,,2,99,1,ASIA,0,1,126
MEX,2,1,5,,2,99,1,ASIA,0,1,442
MEX,2,1,7,,2,99,1,ASIA,0,1,34
MEX,2,1,9,,1,99,1,ASIA,0,1,62
MEX,2,2,1,,3,99,1,ASIA,0,1,48
MEX,2,2,2,,3,99,1,ASIA,0,1,40
MEX,2,2,3,,3,99,1,ASIA,0,1,54
MEX,2,2,4,,2,99,1,ASIA,0,1,32
MEX,2,2,5,,2,99,1,ASIA,0,1,670
MEX,2,2,9,,1,99,1,ASIA,0,1,124
MEX,2,3,1,,3,0,1,ASIA,0,1,36
MEX,2,3,2,,3,0,1,ASIA,0,1,362
MEX,2,3,3,,3,0,1,ASIA,0,1,68
MEX,2,3,4,,2,1,1,ASIA,0,1,14
MEX,2,3,5,,2,1,1,ASIA,0,1,124
MEX,2,3,7,,2,1,1,ASIA,0,1,16
MEX,2,99,5,,2,99,1,ASIA,0,1,6
MEX,1,1,2,,3,99,1,ASIA,1,1,22
MEX,1,1,5,,2,99,1,ASIA,1,1,76
MEX,1,2,1,,3,99,1,ASIA,1,1,108
MEX,1,2,2,,3,99,1,ASIA,1,1,64
MEX,1,2,3,,3,99,1,ASIA,1,1,80
MEX,1,2,5,,2,99,1,ASIA,1,1,882
MEX,1,2,7,,2,99,1,ASIA,1,1,4
MEX,1,2,8,,2,99,1,ASIA,1,1,78
MEX,1,2,99,,99,99,1,ASIA,1,1,8
MEX,1,3,1,,3,0,1,ASIA,1,1,732
MEX,1,3,2,,3,0,1,ASIA,1,1,1026
MEX,1,3,3,,3,0,1,ASIA,1,1,292
MEX,1,3,4,,2,1,1,ASIA,1,1,62
MEX,1,3,5,,2,1,1,ASIA,1,1,784
MEX,1,3,6,,2,1,1,ASIA,1,1,8
MEX,1,3,7,,2,1,1,ASIA,1,1,66
MEX,1,3,8,,2,1,1,ASIA,1,1,190
MEX,1,3,9,,1,1,1,ASIA,1,1,12
MEX,1,99,5,,2,99,1,ASIA,1,1,10
MEX,2,1,5,,2,99,1,ASIA,1,1,38
MEX,2,2,2,,3,99,1,ASIA,1,1,18
MEX,2,2,3,,3,99,1,ASIA,1,1,18
MEX,2,2,4,,2,99,1,ASIA,1,1,8
MEX,2,2,5,,2,99,1,ASIA,1,1,188
MEX,2,2,7,,2,99,1,ASIA,1,1,6
MEX,2,2,9,,1,99,1,ASIA,1,1,54
MEX,2,3,1,,3,0,1,ASIA,1,1,184
MEX,2,3,2,,3,0,1,ASIA,1,1,384
MEX,2,3,3,,3,0,1,ASIA,1,1,94
MEX,2,3,4,,2,1,1,ASIA,1,1,138
MEX,2,3,5,,2,1,1,ASIA,1,1,142
MEX,2,3,99,,99,99,1,ASIA,1,1,38
MEX,1,1,5,,2,99,1,EURO,0,1,2
MEX,1,1,8,,2,99,1,EURO,0,1,8
MEX,1,2,1,,3,99,1,EURO,0,1,4
MEX,1,2,2,,3,99,1,EURO,0,1,28
MEX,1,2,3,,3,99,1,EURO,0,1,46
MEX,1,2,4,,2,99,1,EURO,0,1,18
MEX,1,2,5,,2,99,1,EURO,0,1,92
MEX,1,2,7,,2,99,1,EURO,0,1,46
MEX,1,2,8,,2,99,1,EURO,0,1,42
MEX,1,3,1,,3,0,1,EURO,0,1,262
MEX,1,3,2,,3,0,1,EURO,0,1,544
MEX,1,3,4,,2,1,1,EURO,0,1,34
MEX,1,3,5,,2,1,1,EURO,0,1,274
MEX,1,3,7,,2,1,1,EURO,0,1,48
MEX,1,3,8,,2,1,1,EURO,0,1,2
MEX,1,3,99,,99,99,1,EURO,0,1,34
MEX,1,99,3,,3,99,1,EURO,0,1,38
MEX,2,1,2,,3,99,1,EURO,0,1,4
MEX,2,2,1,,3,99,1,EURO,0,1,2
MEX,2,2,2,,3,99,1,EURO,0,1,44
MEX,2,2,3,,3,99,1,EURO,0,1,8
MEX,2,2,5,,2,99,1,EURO,0,1,32
MEX,2,2,7,,2,99,1,EURO,0,1,78
MEX,2,3,1,,3,0,1,EURO,0,1,114
MEX,2,3,2,,3,0,1,EURO,0,1,520
MEX,2,3,3,,3,0,1,EURO,0,1,140
MEX,2,3,4,,2,1,1,EURO,0,1,80
MEX,2,3,5,,2,1,1,EURO,0,1,124
MEX,2,3,7,,2,1,1,EURO,0,1,20
MEX,2,3,8,,2,1,1,EURO,0,1,2
MEX,1,1,1,,3,99,1,EURO,1,1,106
MEX,1,1,2,,3,99,1,EURO,1,1,66
MEX,1,1,3,,3,99,1,EURO,1,1,28
MEX,1,1,4,,2,99,1,EURO,1,1,84
MEX,1,1,5,,2,99,1,EURO,1,1,364
MEX,1,1,6,,2,99,1,EURO,1,1,14
MEX,1,1,7,,2,99,1,EURO,1,1,192
MEX,1,1,8,,2,99,1,EURO,1,1,92
MEX,1,1,9,,1,99,1,EURO,1,1,100
MEX,1,1,99,,99,99,1,EURO,1,1,4
MEX,1,2,1,,3,99,1,EURO,1,1,866
MEX,1,2,2,,3,99,1,EURO,1,1,568
MEX,1,2,3,,3,99,1,EURO,1,1,438
MEX,1,2,4,,2,99,1,EURO,1,1,96
MEX,1,2,5,,2,99,1,EURO,1,1,1114
MEX,1,2,6,,2,99,1,EURO,1,1,42
MEX,1,2,7,,2,99,1,EURO,1,1,290
MEX,1,2,8,,2,99,1,EURO,1,1,114
MEX,1,2,9,,1,99,1,EURO,1,1,80
MEX,1,2,99,,99,99,1,EURO,1,1,44
MEX,1,3,1,,3,0,1,EURO,1,1,3112
MEX,1,3,2,,3,0,1,EURO,1,1,6122
MEX,1,3,3,,3,0,1,EURO,1,1,974
MEX,1,3,4,,2,1,1,EURO,1,1,470
MEX,1,3,5,,2,1,1,EURO,1,1,2460
MEX,1,3,6,,2,1,1,EURO,1,1,34
MEX,1,3,7,,2,1,1,EURO,1,1,1290
MEX,1,3,8,,2,1,1,EURO,1,1,440
MEX,1,3,9,,1,1,1,EURO,1,1,68
MEX,1,3,99,,99,99,1,EURO,1,1,350
MEX,1,99,99,,99,99,1,EURO,1,1,20
MEX,2,1,3,,3,99,1,EURO,1,1,36
MEX,2,1,5,,2,99,1,EURO,1,1,144
MEX,2,1,7,,2,99,1,EURO,1,1,6
MEX,2,1,9,,1,99,1,EURO,1,1,6
MEX,2,2,1,,3,99,1,EURO,1,1,280
MEX,2,2,2,,3,99,1,EURO,1,1,254
MEX,2,2,3,,3,99,1,EURO,1,1,318
MEX,2,2,4,,2,99,1,EURO,1,1,158
MEX,2,2,5,,2,99,1,EURO,1,1,524
MEX,2,2,7,,2,99,1,EURO,1,1,86
MEX,2,2,9,,1,99,1,EURO,1,1,16
MEX,2,2,99,,99,99,1,EURO,1,1,18
MEX,2,3,1,,3,0,1,EURO,1,1,1372
MEX,2,3,2,,3,0,1,EURO,1,1,2928
MEX,2,3,3,,3,0,1,EURO,1,1,1302
MEX,2,3,4,,2,1,1,EURO,1,1,128
MEX,2,3,5,,2,1,1,EURO,1,1,1020
MEX,2,3,6,,2,1,1,EURO,1,1,18
MEX,2,3,7,,2,1,1,EURO,1,1,126
MEX,2,3,8,,2,1,1,EURO,1,1,10
MEX,2,3,9,,1,1,1,EURO,1,1,92
MEX,2,99,1,,3,99,1,EURO,1,1,12
MEX,1,1,0,,99,99,1,NOAM,1,1,58
MEX,1,1,1,,3,99,1,NOAM,1,1,134
MEX,1,1,2,,3,99,1,NOAM,1,1,110
MEX,1,1,3,,3,99,1,NOAM,1,1,426
MEX,1,1,4,,2,99,1,NOAM,1,1,548
MEX,1,1,5,,2,99,1,NOAM,1,1,4116
MEX,1,1,6,,2,99,1,NOAM,1,1,2912
MEX,1,1,7,,2,99,1,NOAM,1,1,5254
MEX,1,1,8,,2,99,1,NOAM,1,1,2590
MEX,1,1,9,,1,99,1,NOAM,1,1,4304
MEX,1,1,99,,99,99,1,NOAM,1,1,476
MEX,1,2,0,,99,99,1,NOAM,1,1,84
MEX,1,2,1,,3,99,1,NOAM,1,1,1120
MEX,1,2,2,,3,99,1,NOAM,1,1,1160
MEX,1,2,3,,3,99,1,NOAM,1,1,1562
MEX,1,2,4,,2,99,1,NOAM,1,1,1576
MEX,1,2,5,,2,99,1,NOAM,1,1,5700
MEX,1,2,6,,2,99,1,NOAM,1,1,1532
MEX,1,2,7,,2,99,1,NOAM,1,1,6502
MEX,1,2,8,,2,99,1,NOAM,1,1,2488
MEX,1,2,9,,1,99,1,NOAM,1,1,2002
MEX,1,2,99,,99,99,1,NOAM,1,1,394
MEX,1,3,0,,99,99,1,NOAM,1,1,26
MEX,1,3,1,,3,0,1,NOAM,1,1,2214
MEX,1,3,2,,3,0,1,NOAM,1,1,5842
MEX,1,3,3,,3,0,1,NOAM,1,1,1504
MEX,1,3,4,,2,1,1,NOAM,1,1,478
MEX,1,3,5,,2,1,1,NOAM,1,1,2318
MEX,1,3,6,,2,1,1,NOAM,1,1,116
MEX,1,3,7,,2,1,1,NOAM,1,1,1066
MEX,1,3,8,,2,1,1,NOAM,1,1,508
MEX,1,3,9,,1,1,1,NOAM,1,1,272
MEX,1,3,99,,99,99,1,NOAM,1,1,146
MEX,1,99,1,,3,99,1,NOAM,1,1,44
MEX,1,99,3,,3,99,1,NOAM,1,1,18
MEX,1,99,5,,2,99,1,NOAM,1,1,10
MEX,1,99,6,,2,99,1,NOAM,1,1,8
MEX,1,99,7,,2,99,1,NOAM,1,1,64
MEX,1,99,8,,2,99,1,NOAM,1,1,4
MEX,1,99,99,,99,99,1,NOAM,1,1,86
MEX,2,1,1,,3,99,1,NOAM,1,1,154
MEX,2,1,2,,3,99,1,NOAM,1,1,38
MEX,2,1,3,,3,99,1,NOAM,1,1,528
MEX,2,1,4,,2,99,1,NOAM,1,1,1156
MEX,2,1,5,,2,99,1,NOAM,1,1,3200
MEX,2,1,6,,2,99,1,NOAM,1,1,542
MEX,2,1,7,,2,99,1,NOAM,1,1,494
MEX,2,1,8,,2,99,1,NOAM,1,1,654
MEX,2,1,9,,1,99,1,NOAM,1,1,1690
MEX,2,1,99,,99,99,1,NOAM,1,1,242
MEX,2,2,0,,99,99,1,NOAM,1,1,8
MEX,2,2,1,,3,99,1,NOAM,1,1,520
MEX,2,2,2,,3,99,1,NOAM,1,1,740
MEX,2,2,3,,3,99,1,NOAM,1,1,2760
MEX,2,2,4,,2,99,1,NOAM,1,1,2644
MEX,2,2,5,,2,99,1,NOAM,1,1,4986
MEX,2,2,6,,2,99,1,NOAM,1,1,220
MEX,2,2,7,,2,99,1,NOAM,1,1,426
MEX,2,2,8,,2,99,1,NOAM,1,1,330
MEX,2,2,9,,1,99,1,NOAM,1,1,1126
MEX,2,2,99,,99,99,1,NOAM,1,1,136
MEX,2,3,1,,3,0,1,NOAM,1,1,1322
MEX,2,3,2,,3,0,1,NOAM,1,1,4652
MEX,2,3,3,,3,0,1,NOAM,1,1,2078
MEX,2,3,4,,2,1,1,NOAM,1,1,790
MEX,2,3,5,,2,1,1,NOAM,1,1,2034
MEX,2,3,6,,2,1,1,NOAM,1,1,6
MEX,2,3,7,,2,1,1,NOAM,1,1,442
MEX,2,3,8,,2,1,1,NOAM,1,1,278
MEX,2,3,9,,1,1,1,NOAM,1,1,86
MEX,2,3,99,,99,99,1,NOAM,1,1,92
MEX,2,99,3,,3,99,1,NOAM,1,1,24
MEX,2,99,4,,2,99,1,NOAM,1,1,32
MEX,2,99,5,,2,99,1,NOAM,1,1,26
MEX,2,99,99,,99,99,1,NOAM,1,1,4
MEX,1,2,1,,3,99,1,OCEA,0,1,10
MEX,1,2,5,,2,99,1,OCEA,0,1,18
MEX,1,3,1,,3,0,1,OCEA,0,1,34
MEX,1,3,2,,3,0,1,OCEA,0,1,76
MEX,1,3,4,,2,1,1,OCEA,0,1,30
MEX,1,3,5,,2,1,1,OCEA,0,1,10
MEX,1,3,8,,2,1,1,OCEA,0,1,14
MEX,2,2,4,,2,99,1,OCEA,0,1,12
MEX,1,1,1,,3,99,1,SCAC,0,1,186
MEX,1,1,2,,3,99,1,SCAC,0,1,338
MEX,1,1,3,,3,99,1,SCAC,0,1,506
MEX,1,1,4,,2,99,1,SCAC,0,1,188
MEX,1,1,5,,2,99,1,SCAC,0,1,3444
MEX,1,1,6,,2,99,1,SCAC,0,1,6250
MEX,1,1,7,,2,99,1,SCAC,0,1,5310
MEX,1,1,8,,2,99,1,SCAC,0,1,1194
MEX,1,1,9,,1,99,1,SCAC,0,1,6172
MEX,1,1,99,,99,99,1,SCAC,0,1,56
MEX,1,2,1,,3,99,1,SCAC,0,1,1128
MEX,1,2,2,,3,99,1,SCAC,0,1,1072
MEX,1,2,3,,3,99,1,SCAC,0,1,1240
MEX,1,2,4,,2,99,1,SCAC,0,1,440
MEX,1,2,5,,2,99,1,SCAC,0,1,3280
MEX,1,2,6,,2,99,1,SCAC,0,1,152
MEX,1,2,7,,2,99,1,SCAC,0,1,2352
MEX,1,2,8,,2,99,1,SCAC,0,1,636
MEX,1,2,9,,1,99,1,SCAC,0,1,1046
MEX,1,2,99,,99,99,1,SCAC,0,1,56
MEX,1,3,1,,3,0,1,SCAC,0,1,4090
MEX,1,3,2,,3,0,1,SCAC,0,1,10282
MEX,1,3,3,,3,0,1,SCAC,0,1,2136
MEX,1,3,4,,2,1,1,SCAC,0,1,536
MEX,1,3,5,,2,1,1,SCAC,0,1,2580
MEX,1,3,6,,2,1,1,SCAC,0,1,116
MEX,1,3,7,,2,1,1,SCAC,0,1,1474
MEX,1,3,8,,2,1,1,SCAC,0,1,500
MEX,1,3,9,,1,1,1,SCAC,0,1,132
MEX,1,3,99,,99,99,1,SCAC,0,1,148
MEX,1,99,1,,3,99,1,SCAC,0,1,6
MEX,1,99,2,,3,99,1,SCAC,0,1,12
MEX,1,99,3,,3,99,1,SCAC,0,1,108
MEX,1,99,4,,2,99,1,SCAC,0,1,16
MEX,1,99,6,,2,99,1,SCAC,0,1,4
MEX,1,99,7,,2,99,1,SCAC,0,1,54
MEX,1,99,9,,1,99,1,SCAC,0,1,4
MEX,2,1,1,,3,99,1,SCAC,0,1,48
MEX,2,1,2,,3,99,1,SCAC,0,1,82
MEX,2,1,3,,3,99,1,SCAC,0,1,294
MEX,2,1,4,,2,99,1,SCAC,0,1,266
MEX,2,1,5,,2,99,1,SCAC,0,1,3812
MEX,2,1,6,,2,99,1,SCAC,0,1,500
MEX,2,1,7,,2,99,1,SCAC,0,1,432
MEX,2,1,8,,2,99,1,SCAC,0,1,166
MEX,2,1,9,,1,99,1,SCAC,0,1,4756
MEX,2,1,99,,99,99,1,SCAC,0,1,310
MEX,2,2,1,,3,99,1,SCAC,0,1,644
MEX,2,2,2,,3,99,1,SCAC,0,1,974
MEX,2,2,3,,3,99,1,SCAC,0,1,1148
MEX,2,2,4,,2,99,1,SCAC,0,1,940
MEX,2,2,5,,2,99,1,SCAC,0,1,2448
MEX,2,2,6,,2,99,1,SCAC,0,1,100
MEX,2,2,7,,2,99,1,SCAC,0,1,330
MEX,2,2,8,,2,99,1,SCAC,0,1,44
MEX,2,2,9,,1,99,1,SCAC,0,1,974
MEX,2,2,99,,99,99,1,SCAC,0,1,38
MEX,2,3,1,,3,0,1,SCAC,0,1,2354
MEX,2,3,2,,3,0,1,SCAC,0,1,6948
MEX,2,3,3,,3,0,1,SCAC,0,1,1576
MEX,2,3,4,,2,1,1,SCAC,0,1,600
MEX,2,3,5,,2,1,1,SCAC,0,1,2120
MEX,2,3,6,,2,1,1,SCAC,0,1,44
MEX,2,3,7,,2,1,1,SCAC,0,1,414
MEX,2,3,8,,2,1,1,SCAC,0,1,2
MEX,2,3,9,,1,1,1,SCAC,0,1,254
MEX,2,3,99,,99,99,1,SCAC,0,1,194
MEX,2,99,2,,3,99,1,SCAC,0,1,6
MEX,2,99,3,,3,99,1,SCAC,0,1,2
MEX,2,99,5,,2,99,1,SCAC,0,1,66
MEX,2,99,9,,1,99,1,SCAC,0,1,32
MEX,1,1,0,,99,99,1,SCAC,1,0,41800
MEX,1,1,1,,3,99,1,SCAC,1,0,100334
MEX,1,1,2,,3,99,1,SCAC,1,0,107444
MEX,1,1,3,,3,99,1,SCAC,1,0,216876
MEX,1,1,4,,2,99,1,SCAC,1,0,350878
MEX,1,1,5,,2,99,1,SCAC,1,0,2898554
MEX,1,1,6,,2,99,1,SCAC,1,0,3602444
MEX,1,1,7,,2,99,1,SCAC,1,0,4610442
MEX,1,1,8,,2,99,1,SCAC,1,0,2934110
MEX,1,1,9,,1,99,1,SCAC,1,0,3315850
MEX,1,1,99,,99,99,1,SCAC,1,0,119806
MEX,1,2,0,,99,99,1,SCAC,1,0,33612
MEX,1,2,1,,3,99,1,SCAC,1,0,229972
MEX,1,2,2,,3,99,1,SCAC,1,0,289568
MEX,1,2,3,,3,99,1,SCAC,1,0,500314
MEX,1,2,4,,2,99,1,SCAC,1,0,502936
MEX,1,2,5,,2,99,1,SCAC,1,0,1609970
MEX,1,2,6,,2,99,1,SCAC,1,0,286552
MEX,1,2,7,,2,99,1,SCAC,1,0,1247242
MEX,1,2,8,,2,99,1,SCAC,1,0,979856
MEX,1,2,9,,1,99,1,SCAC,1,0,656536
MEX,1,2,99,,99,99,1,SCAC,1,0,72290
MEX,1,3,0,,99,99,1,SCAC,1,0,5680
MEX,1,3,1,,3,0,1,SCAC,1,0,429902
MEX,1,3,2,,3,0,1,SCAC,1,0,1751166
MEX,1,3,3,,3,0,1,SCAC,1,0,423520
MEX,1,3,4,,2,1,1,SCAC,1,0,269342
MEX,1,3,5,,2,1,1,SCAC,1,0,554166
MEX,1,3,6,,2,1,1,SCAC,1,0,50372
MEX,1,3,7,,2,1,1,SCAC,1,0,336498
MEX,1,3,8,,2,1,1,SCAC,1,0,182660
MEX,1,3,9,,1,1,1,SCAC,1,0,93226
MEX,1,3,99,,99,99,1,SCAC,1,0,50352
MEX,1,99,0,,99,99,1,SCAC,1,0,70
MEX,1,99,1,,3,99,1,SCAC,1,0,996
MEX,1,99,2,,3,99,1,SCAC,1,0,2892
MEX,1,99,3,,3,99,1,SCAC,1,0,9386
MEX,1,99,4,,2,99,1,SCAC,1,0,1960
MEX,1,99,5,,2,99,1,SCAC,1,0,6290
MEX,1,99,6,,2,99,1,SCAC,1,0,6544
MEX,1,99,7,,2,99,1,SCAC,1,0,7900
MEX,1,99,8,,2,99,1,SCAC,1,0,3876
MEX,1,99,9,,1,99,1,SCAC,1,0,6300
MEX,1,99,99,,99,99,1,SCAC,1,0,1576
MEX,2,1,0,,99,99,1,SCAC,1,0,1036
MEX,2,1,1,,3,99,1,SCAC,1,0,52688
MEX,2,1,2,,3,99,1,SCAC,1,0,21092
MEX,2,1,3,,3,99,1,SCAC,1,0,206562
MEX,2,1,4,,2,99,1,SCAC,1,0,407728
MEX,2,1,5,,2,99,1,SCAC,1,0,2766214
MEX,2,1,6,,2,99,1,SCAC,1,0,286686
MEX,2,1,7,,2,99,1,SCAC,1,0,699814
MEX,2,1,8,,2,99,1,SCAC,1,0,754732
MEX,2,1,9,,1,99,1,SCAC,1,0,2810888
MEX,2,1,99,,99,99,1,SCAC,1,0,134878
MEX,2,2,0,,99,99,1,SCAC,1,0,2104
MEX,2,2,1,,3,99,1,SCAC,1,0,137306
MEX,2,2,2,,3,99,1,SCAC,1,0,247040
MEX,2,2,3,,3,99,1,SCAC,1,0,693812
MEX,2,2,4,,2,99,1,SCAC,1,0,904958
MEX,2,2,5,,2,99,1,SCAC,1,0,1411160
MEX,2,2,6,,2,99,1,SCAC,1,0,19750
MEX,2,2,7,,2,99,1,SCAC,1,0,176166
MEX,2,2,8,,2,99,1,SCAC,1,0,218824
MEX,2,2,9,,1,99,1,SCAC,1,0,414520
MEX,2,2,99,,99,99,1,SCAC,1,0,57728
MEX,2,3,0,,99,99,1,SCAC,1,0,662
MEX,2,3,1,,3,0,1,SCAC,1,0,270238
MEX,2,3,2,,3,0,1,SCAC,1,0,1292788
MEX,2,3,3,,3,0,1,SCAC,1,0,702534
MEX,2,3,4,,2,1,1,SCAC,1,0,383714
MEX,2,3,5,,2,1,1,SCAC,1,0,373338
MEX,2,3,6,,2,1,1,SCAC,1,0,4098
MEX,2,3,7,,2,1,1,SCAC,1,0,67608
MEX,2,3,8,,2,1,1,SCAC,1,0,33152
MEX,2,3,9,,1,1,1,SCAC,1,0,46080
MEX,2,3,99,,99,99,1,SCAC,1,0,33388
MEX,2,99,0,,99,99,1,SCAC,1,0,46
MEX,2,99,1,,3,99,1,SCAC,1,0,900
MEX,2,99,2,,3,99,1,SCAC,1,0,2716
MEX,2,99,3,,3,99,1,SCAC,1,0,15586
MEX,2,99,4,,2,99,1,SCAC,1,0,3360
MEX,2,99,5,,2,99,1,SCAC,1,0,7018
MEX,2,99,6,,2,99,1,SCAC,1,0,460
MEX,2,99,7,,2,99,1,SCAC,1,0,1298
MEX,2,99,8,,2,99,1,SCAC,1,0,888
MEX,2,99,9,,1,99,1,SCAC,1,0,5164
MEX,2,99,99,,99,99,1,SCAC,1,0,1344
MEX,1,1,1,,3,99,1,SCAC,1,1,6
MEX,1,1,5,,2,99,1,SCAC,1,1,30
MEX,1,2,1,,3,99,1,SCAC,1,1,12
MEX,1,2,2,,3,99,1,SCAC,1,1,64
MEX,1,2,3,,3,99,1,SCAC,1,1,40
MEX,1,2,4,,2,99,1,SCAC,1,1,38
MEX,1,2,5,,2,99,1,SCAC,1,1,72
MEX,1,2,7,,2,99,1,SCAC,1,1,104
MEX,1,2,8,,2,99,1,SCAC,1,1,6
MEX,1,2,99,,99,99,1,SCAC,1,1,2
MEX,1,3,1,,3,0,1,SCAC,1,1,438
MEX,1,3,2,,3,0,1,SCAC,1,1,754
MEX,1,3,3,,3,0,1,SCAC,1,1,152
MEX,1,3,5,,2,1,1,SCAC,1,1,208
MEX,1,3,6,,2,1,1,SCAC,1,1,2
MEX,1,3,7,,2,1,1,SCAC,1,1,180
MEX,1,3,99,,99,99,1,SCAC,1,1,14
MEX,2,1,5,,2,99,1,SCAC,1,1,26
MEX,2,2,1,,3,99,1,SCAC,1,1,4
MEX,2,2,2,,3,99,1,SCAC,1,1,210
MEX,2,2,5,,2,99,1,SCAC,1,1,60
MEX,2,3,1,,3,0,1,SCAC,1,1,234
MEX,2,3,2,,3,0,1,SCAC,1,1,362
MEX,2,3,3,,3,0,1,SCAC,1,1,48
MEX,2,3,4,,2,1,1,SCAC,1,1,6
MEX,2,3,5,,2,1,1,SCAC,1,1,96
MEX,2,3,7,,2,1,1,SCAC,1,1,22
MEX,2,3,8,,2,1,1,SCAC,1,1,142
MEX,1,1,1,,3,99,1,UNK,0,1,8
MEX,1,1,3,,3,99,1,UNK,0,1,132
MEX,1,1,5,,2,99,1,UNK,0,1,6
MEX,1,1,6,,2,99,1,UNK,0,1,2
MEX,1,1,7,,2,99,1,UNK,0,1,80
MEX,1,1,9,,1,99,1,UNK,0,1,144
MEX,1,2,1,,3,99,1,UNK,0,1,20
MEX,1,2,2,,3,99,1,UNK,0,1,6
MEX,1,2,3,,3,99,1,UNK,0,1,24
MEX,1,2,5,,2,99,1,UNK,0,1,142
MEX,1,2,8,,2,99,1,UNK,0,1,2
MEX,1,2,99,,99,99,1,UNK,0,1,6
MEX,1,3,1,,3,0,1,UNK,0,1,74
MEX,1,3,2,,3,0,1,UNK,0,1,10
MEX,1,3,5,,2,1,1,UNK,0,1,26
MEX,1,3,7,,2,1,1,UNK,0,1,28
MEX,1,3,8,,2,1,1,UNK,0,1,4
MEX,1,99,5,,2,99,1,UNK,0,1,4
MEX,2,1,8,,2,99,1,UNK,0,1,2
MEX,2,1,9,,1,99,1,UNK,0,1,70
MEX,2,2,1,,3,99,1,UNK,0,1,20
MEX,2,2,3,,3,99,1,UNK,0,1,24
MEX,2,3,2,,3,0,1,UNK,0,1,278
MEX,2,3,3,,3,0,1,UNK,0,1,396
MEX,2,3,5,,2,1,1,UNK,0,1,2
MEX,1,1,0,,99,99,1,UNK,0,99,282
MEX,1,1,1,,3,99,1,UNK,0,99,160
MEX,1,1,2,,3,99,1,UNK,0,99,376
MEX,1,1,3,,3,99,1,UNK,0,99,818
MEX,1,1,4,,2,99,1,UNK,0,99,1044
MEX,1,1,5,,2,99,1,UNK,0,99,7928
MEX,1,1,6,,2,99,1,UNK,0,99,7104
MEX,1,1,7,,2,99,1,UNK,0,99,12040
MEX,1,1,8,,2,99,1,UNK,0,99,6860
MEX,1,1,9,,1,99,1,UNK,0,99,8532
MEX,1,1,99,,99,99,1,UNK,0,99,1494
MEX,1,2,0,,99,99,1,UNK,0,99,176
MEX,1,2,1,,3,99,1,UNK,0,99,682
MEX,1,2,2,,3,99,1,UNK,0,99,1162
MEX,1,2,3,,3,99,1,UNK,0,99,1460
MEX,1,2,4,,2,99,1,UNK,0,99,1678
MEX,1,2,5,,2,99,1,UNK,0,99,4750
MEX,1,2,6,,2,99,1,UNK,0,99,404
MEX,1,2,7,,2,99,1,UNK,0,99,3826
MEX,1,2,8,,2,99,1,UNK,0,99,2556
MEX,1,2,9,,1,99,1,UNK,0,99,1802
MEX,1,2,99,,99,99,1,UNK,0,99,1126
MEX,1,3,0,,99,99,1,UNK,0,99,6
MEX,1,3,1,,3,0,1,UNK,0,99,1380
MEX,1,3,2,,3,0,1,UNK,0,99,5080
MEX,1,3,3,,3,0,1,UNK,0,99,1028
MEX,1,3,4,,2,1,1,UNK,0,99,592
MEX,1,3,5,,2,1,1,UNK,0,99,1198
MEX,1,3,6,,2,1,1,UNK,0,99,82
MEX,1,3,7,,2,1,1,UNK,0,99,1190
MEX,1,3,8,,2,1,1,UNK,0,99,560
MEX,1,3,9,,1,1,1,UNK,0,99,230
MEX,1,3,99,,99,99,1,UNK,0,99,740
MEX,1,99,2,,3,99,1,UNK,0,99,146
MEX,1,99,3,,3,99,1,UNK,0,99,352
MEX,1,99,4,,2,99,1,UNK,0,99,68
MEX,1,99,5,,2,99,1,UNK,0,99,164
MEX,1,99,6,,2,99,1,UNK,0,99,100
MEX,1,99,7,,2,99,1,UNK,0,99,400
MEX,1,99,8,,2,99,1,UNK,0,99,68
MEX,1,99,9,,1,99,1,UNK,0,99,90
MEX,1,99,99,,99,99,1,UNK,0,99,1466
MEX,2,1,1,,3,99,1,UNK,0,99,114
MEX,2,1,2,,3,99,1,UNK,0,99,4
MEX,2,1,3,,3,99,1,UNK,0,99,548
MEX,2,1,4,,2,99,1,UNK,0,99,1098
MEX,2,1,5,,2,99,1,UNK,0,99,7844
MEX,2,1,6,,2,99,1,UNK,0,99,690
MEX,2,1,7,,2,99,1,UNK,0,99,1988
MEX,2,1,8,,2,99,1,UNK,0,99,1684
MEX,2,1,9,,1,99,1,UNK,0,99,7738
MEX,2,1,99,,99,99,1,UNK,0,99,1224
MEX,2,2,0,,99,99,1,UNK,0,99,4
MEX,2,2,1,,3,99,1,UNK,0,99,610
MEX,2,2,2,,3,99,1,UNK,0,99,552
MEX,2,2,3,,3,99,1,UNK,0,99,1898
MEX,2,2,4,,2,99,1,UNK,0,99,2502
MEX,2,2,5,,2,99,1,UNK,0,99,4210
MEX,2,2,6,,2,99,1,UNK,0,99,88
MEX,2,2,7,,2,99,1,UNK,0,99,670
MEX,2,2,8,,2,99,1,UNK,0,99,716
MEX,2,2,9,,1,99,1,UNK,0,99,1764
MEX,2,2,99,,99,99,1,UNK,0,99,630
MEX,2,3,1,,3,0,1,UNK,0,99,750
MEX,2,3,2,,3,0,1,UNK,0,99,4014
MEX,2,3,3,,3,0,1,UNK,0,99,1368
MEX,2,3,4,,2,1,1,UNK,0,99,1544
MEX,2,3,5,,2,1,1,UNK,0,99,998
MEX,2,3,7,,2,1,1,UNK,0,99,224
MEX,2,3,8,,2,1,1,UNK,0,99,66
MEX,2,3,9,,1,1,1,UNK,0,99,172
MEX,2,3,99,,99,99,1,UNK,0,99,432
MEX,2,99,3,,3,99,1,UNK,0,99,330
MEX,2,99,4,,2,99,1,UNK,0,99,82
MEX,2,99,5,,2,99,1,UNK,0,99,250
MEX,2,99,6,,2,99,1,UNK,0,99,6
MEX,2,99,7,,2,99,1,UNK,0,99,120
MEX,2,99,8,,2,99,1,UNK,0,99,10
MEX,2,99,9,,1,99,1,UNK,0,99,110
MEX,2,99,99,,99,99,1,UNK,0,99,922
NLD,1,1,1,,3,99,1,AFRI,0,1,657
NLD,1,1,2,,3,99,1,AFRI,0,1,908
NLD,1,1,3,,3,99,1,AFRI,0,1,1023
NLD,1,1,4,,2,99,1,AFRI,0,1,269
NLD,1,1,5,,2,99,1,AFRI,0,1,4171
NLD,1,1,6,,2,99,1,AFRI,0,1,91
NLD,1,1,7,,2,99,1,AFRI,0,1,4212
NLD,1,1,8,,2,99,1,AFRI,0,1,5200
NLD,1,1,9,,1,99,1,AFRI,0,1,10419
NLD,1,2,0,,99,99,1,AFRI,0,1,368
NLD,1,2,1,,3,99,1,AFRI,0,1,1657
NLD,1,2,2,,3,99,1,AFRI,0,1,3684
NLD,1,2,3,,3,99,1,AFRI,0,1,4178
NLD,1,2,4,,2,99,1,AFRI,0,1,3532
NLD,1,2,5,,2,99,1,AFRI,0,1,5475
NLD,1,2,7,,2,99,1,AFRI,0,1,4257
NLD,1,2,8,,2,99,1,AFRI,0,1,5550
NLD,1,2,9,,1,99,1,AFRI,0,1,4393
NLD,1,3,1,,3,0,1,AFRI,0,1,2047
NLD,1,3,2,,3,0,1,AFRI,0,1,10724
NLD,1,3,3,,3,0,1,AFRI,0,1,3288
NLD,1,3,4,,2,1,1,AFRI,0,1,1296
NLD,1,3,5,,2,1,1,AFRI,0,1,2796
NLD,1,3,6,,2,1,1,AFRI,0,1,80
NLD,1,3,7,,2,1,1,AFRI,0,1,218
NLD,1,3,8,,2,1,1,AFRI,0,1,2024
NLD,1,3,9,,1,1,1,AFRI,0,1,1008
NLD,1,99,1,,3,99,1,AFRI,0,1,83
NLD,1,99,2,,3,99,1,AFRI,0,1,257
NLD,1,99,3,,3,99,1,AFRI,0,1,498
NLD,1,99,4,,2,99,1,AFRI,0,1,117
NLD,1,99,5,,2,99,1,AFRI,0,1,944
NLD,1,99,6,,2,99,1,AFRI,0,1,63
NLD,1,99,7,,2,99,1,AFRI,0,1,1536
NLD,1,99,8,,2,99,1,AFRI,0,1,1007
NLD,1,99,9,,1,99,1,AFRI,0,1,2025
NLD,2,1,2,,3,99,1,AFRI,0,1,96
NLD,2,1,3,,3,99,1,AFRI,0,1,417
NLD,2,1,4,,2,99,1,AFRI,0,1,1186
NLD,2,1,5,,2,99,1,AFRI,0,1,5439
NLD,2,1,7,,2,99,1,AFRI,0,1,525
NLD,2,1,8,,2,99,1,AFRI,0,1,362
NLD,2,1,9,,1,99,1,AFRI,0,1,6877
NLD,2,2,1,,3,99,1,AFRI,0,1,146
NLD,2,2,2,,3,99,1,AFRI,0,1,2342
NLD,2,2,3,,3,99,1,AFRI,0,1,5837
NLD,2,2,4,,2,99,1,AFRI,0,1,1816
NLD,2,2,5,,2,99,1,AFRI,0,1,8480
NLD,2,2,7,,2,99,1,AFRI,0,1,76
NLD,2,2,8,,2,99,1,AFRI,0,1,944
NLD,2,2,9,,1,99,1,AFRI,0,1,5968
NLD,2,3,1,,3,0,1,AFRI,0,1,839
NLD,2,3,2,,3,0,1,AFRI,0,1,7402
NLD,2,3,3,,3,0,1,AFRI,0,1,2891
NLD,2,3,4,,2,1,1,AFRI,0,1,1587
NLD,2,3,5,,2,1,1,AFRI,0,1,582
NLD,2,3,7,,2,1,1,AFRI,0,1,34
NLD,2,3,9,,1,1,1,AFRI,0,1,728
NLD,2,99,2,,3,99,1,AFRI,0,1,51
NLD,2,99,3,,3,99,1,AFRI,0,1,35
NLD,2,99,4,,2,99,1,AFRI,0,1,187
NLD,2,99,5,,2,99,1,AFRI,0,1,423
NLD,2,99,7,,2,99,1,AFRI,0,1,61
NLD,2,99,8,,2,99,1,AFRI,0,1,250
NLD,2,99,9,,1,99,1,AFRI,0,1,1959
NLD,1,1,0,,99,99,1,ASIA,0,1,43
NLD,1,1,1,,3,99,1,ASIA,0,1,784
NLD,1,1,2,,3,99,1,ASIA,0,1,1535
NLD,1,1,3,,3,99,1,ASIA,0,1,1269
NLD,1,1,4,,2,99,1,ASIA,0,1,1203
NLD,1,1,5,,2,99,1,ASIA,0,1,5353
NLD,1,1,7,,2,99,1,ASIA,0,1,2070
NLD,1,1,8,,2,99,1,ASIA,0,1,2938
NLD,1,1,9,,1,99,1,ASIA,0,1,4273
NLD,1,2,0,,99,99,1,ASIA,0,1,33
NLD,1,2,1,,3,99,1,ASIA,0,1,1934
NLD,1,2,2,,3,99,1,ASIA,0,1,2150
NLD,1,2,3,,3,99,1,ASIA,0,1,3667
NLD,1,2,4,,2,99,1,ASIA,0,1,3578
NLD,1,2,5,,2,99,1,ASIA,0,1,6362
NLD,1,2,6,,2,99,1,ASIA,0,1,61
NLD,1,2,7,,2,99,1,ASIA,0,1,4551
NLD,1,2,8,,2,99,1,ASIA,0,1,2549
NLD,1,2,9,,1,99,1,ASIA,0,1,3546
NLD,1,3,0,,99,99,1,ASIA,0,1,22
NLD,1,3,1,,3,0,1,ASIA,0,1,2543
NLD,1,3,2,,3,0,1,ASIA,0,1,15206
NLD,1,3,3,,3,0,1,ASIA,0,1,4507
NLD,1,3,4,,2,1,1,ASIA,0,1,1836
NLD,1,3,5,,2,1,1,ASIA,0,1,2759
NLD,1,3,7,,2,1,1,ASIA,0,1,377
NLD,1,3,8,,2,1,1,ASIA,0,1,658
NLD,1,3,9,,1,1,1,ASIA,0,1,2438
NLD,1,99,1,,3,99,1,ASIA,0,1,152
NLD,1,99,2,,3,99,1,ASIA,0,1,613
NLD,1,99,3,,3,99,1,ASIA,0,1,435
NLD,1,99,4,,2,99,1,ASIA,0,1,365
NLD,1,99,5,,2,99,1,ASIA,0,1,887
NLD,1,99,6,,2,99,1,ASIA,0,1,153
NLD,1,99,7,,2,99,1,ASIA,0,1,607
NLD,1,99,8,,2,99,1,ASIA,0,1,523
NLD,1,99,9,,1,99,1,ASIA,0,1,1007
NLD,2,1,1,,3,99,1,ASIA,0,1,88
NLD,2,1,2,,3,99,1,ASIA,0,1,765
NLD,2,1,3,,3,99,1,ASIA,0,1,1984
NLD,2,1,4,,2,99,1,ASIA,0,1,1908
NLD,2,1,5,,2,99,1,ASIA,0,1,7187
NLD,2,1,6,,2,99,1,ASIA,0,1,182
NLD,2,1,7,,2,99,1,ASIA,0,1,451
NLD,2,1,8,,2,99,1,ASIA,0,1,605
NLD,2,1,9,,1,99,1,ASIA,0,1,5880
NLD,2,2,1,,3,99,1,ASIA,0,1,596
NLD,2,2,2,,3,99,1,ASIA,0,1,2492
NLD,2,2,3,,3,99,1,ASIA,0,1,4534
NLD,2,2,4,,2,99,1,ASIA,0,1,2013
NLD,2,2,5,,2,99,1,ASIA,0,1,10304
NLD,2,2,7,,2,99,1,ASIA,0,1,295
NLD,2,2,8,,2,99,1,ASIA,0,1,690
NLD,2,2,9,,1,99,1,ASIA,0,1,4888
NLD,2,3,1,,3,0,1,ASIA,0,1,733
NLD,2,3,2,,3,0,1,ASIA,0,1,11658
NLD,2,3,3,,3,0,1,ASIA,0,1,4673
NLD,2,3,4,,2,1,1,ASIA,0,1,1751
NLD,2,3,5,,2,1,1,ASIA,0,1,2891
NLD,2,3,6,,2,1,1,ASIA,0,1,41
NLD,2,3,7,,2,1,1,ASIA,0,1,55
NLD,2,3,8,,2,1,1,ASIA,0,1,330
NLD,2,3,9,,1,1,1,ASIA,0,1,1110
NLD,2,99,1,,3,99,1,ASIA,0,1,23
NLD,2,99,2,,3,99,1,ASIA,0,1,156
NLD,2,99,3,,3,99,1,ASIA,0,1,287
NLD,2,99,4,,2,99,1,ASIA,0,1,253
NLD,2,99,5,,2,99,1,ASIA,0,1,745
NLD,2,99,7,,2,99,1,ASIA,0,1,87
NLD,2,99,8,,2,99,1,ASIA,0,1,62
NLD,2,99,9,,1,99,1,ASIA,0,1,970
NLD,1,1,1,,3,99,1,ASIA,1,1,94
NLD,1,1,2,,3,99,1,ASIA,1,1,79
NLD,1,1,3,,3,99,1,ASIA,1,1,110
NLD,1,1,4,,2,99,1,ASIA,1,1,55
NLD,1,1,5,,2,99,1,ASIA,1,1,213
NLD,1,1,7,,2,99,1,ASIA,1,1,105
NLD,1,1,9,,1,99,1,ASIA,1,1,48
NLD,1,2,1,,3,99,1,ASIA,1,1,211
NLD,1,2,2,,3,99,1,ASIA,1,1,352
NLD,1,2,3,,3,99,1,ASIA,1,1,388
NLD,1,2,4,,2,99,1,ASIA,1,1,162
NLD,1,2,5,,2,99,1,ASIA,1,1,298
NLD,1,2,7,,2,99,1,ASIA,1,1,22
NLD,1,2,8,,2,99,1,ASIA,1,1,167
NLD,1,2,9,,1,99,1,ASIA,1,1,11
NLD,1,3,1,,3,0,1,ASIA,1,1,520
NLD,1,3,2,,3,0,1,ASIA,1,1,1125
NLD,1,3,3,,3,0,1,ASIA,1,1,287
NLD,1,3,4,,2,1,1,ASIA,1,1,476
NLD,1,3,5,,2,1,1,ASIA,1,1,371
NLD,1,99,2,,3,99,1,ASIA,1,1,60
NLD,1,99,4,,2,99,1,ASIA,1,1,70
NLD,2,1,5,,2,99,1,ASIA,1,1,280
NLD,2,2,2,,3,99,1,ASIA,1,1,212
NLD,2,2,3,,3,99,1,ASIA,1,1,315
NLD,2,2,4,,2,99,1,ASIA,1,1,53
NLD,2,2,5,,2,99,1,ASIA,1,1,751
NLD,2,3,1,,3,0,1,ASIA,1,1,60
NLD,2,3,2,,3,0,1,ASIA,1,1,1513
NLD,2,3,3,,3,0,1,ASIA,1,1,500
NLD,2,3,4,,2,1,1,ASIA,1,1,222
NLD,2,3,5,,2,1,1,ASIA,1,1,186
NLD,2,3,9,,1,1,1,ASIA,1,1,267
NLD,2,99,2,,3,99,1,ASIA,1,1,35
NLD,2,99,4,,2,99,1,ASIA,1,1,36
NLD,2,99,5,,2,99,1,ASIA,1,1,382
NLD,2,99,9,,1,99,1,ASIA,1,1,37
NLD,1,1,1,,3,99,1,EURO,0,1,132
NLD,1,1,2,,3,99,1,EURO,0,1,552
NLD,1,1,3,,3,99,1,EURO,0,1,47
NLD,1,1,4,,2,99,1,EURO,0,1,106
NLD,1,1,5,,2,99,1,EURO,0,1,618
NLD,1,1,7,,2,99,1,EURO,0,1,2001
NLD,1,1,8,,2,99,1,EURO,0,1,767
NLD,1,1,9,,1,99,1,EURO,0,1,900
NLD,1,2,1,,3,99,1,EURO,0,1,123
NLD,1,2,2,,3,99,1,EURO,0,1,1134
NLD,1,2,3,,3,99,1,EURO,0,1,538
NLD,1,2,4,,2,99,1,EURO,0,1,1038
NLD,1,2,5,,2,99,1,EURO,0,1,2684
NLD,1,2,7,,2,99,1,EURO,0,1,3480
NLD,1,2,8,,2,99,1,EURO,0,1,1775
NLD,1,2,9,,1,99,1,EURO,0,1,1540
NLD,1,3,1,,3,0,1,EURO,0,1,803
NLD,1,3,2,,3,0,1,EURO,0,1,5196
NLD,1,3,3,,3,0,1,EURO,0,1,570
NLD,1,3,4,,2,1,1,EURO,0,1,112
NLD,1,3,5,,2,1,1,EURO,0,1,640
NLD,1,3,6,,2,1,1,EURO,0,1,33
NLD,1,3,7,,2,1,1,EURO,0,1,1012
NLD,1,3,9,,1,1,1,EURO,0,1,717
NLD,1,99,1,,3,99,1,EURO,0,1,50
NLD,1,99,2,,3,99,1,EURO,0,1,187
NLD,1,99,5,,2,99,1,EURO,0,1,285
NLD,1,99,7,,2,99,1,EURO,0,1,988
NLD,1,99,8,,2,99,1,EURO,0,1,198
NLD,2,1,2,,3,99,1,EURO,0,1,80
NLD,2,1,3,,3,99,1,EURO,0,1,159
NLD,2,1,4,,2,99,1,EURO,0,1,472
NLD,2,1,5,,2,99,1,EURO,0,1,1445
NLD,2,1,7,,2,99,1,EURO,0,1,140
NLD,2,1,9,,1,99,1,EURO,0,1,1780
NLD,2,2,1,,3,99,1,EURO,0,1,21
NLD,2,2,2,,3,99,1,EURO,0,1,1521
NLD,2,2,3,,3,99,1,EURO,0,1,3008
NLD,2,2,4,,2,99,1,EURO,0,1,1914
NLD,2,2,5,,2,99,1,EURO,0,1,4324
NLD,2,2,7,,2,99,1,EURO,0,1,119
NLD,2,2,9,,1,99,1,EURO,0,1,1793
NLD,2,3,1,,3,0,1,EURO,0,1,664
NLD,2,3,2,,3,0,1,EURO,0,1,8644
NLD,2,3,3,,3,0,1,EURO,0,1,1376
NLD,2,3,4,,2,1,1,EURO,0,1,2385
NLD,2,3,5,,2,1,1,EURO,0,1,724
NLD,2,3,7,,2,1,1,EURO,0,1,335
NLD,2,3,9,,1,1,1,EURO,0,1,652
NLD,2,99,3,,3,99,1,EURO,0,1,99
NLD,2,99,4,,2,99,1,EURO,0,1,204
NLD,2,99,5,,2,99,1,EURO,0,1,604
NLD,2,99,9,,1,99,1,EURO,0,1,384
NLD,1,1,0,,99,99,1,EURO,1,0,3872
NLD,1,1,1,,3,99,1,EURO,1,0,24714
NLD,1,1,2,,3,99,1,EURO,1,0,33153
NLD,1,1,3,,3,99,1,EURO,1,0,68976
NLD,1,1,4,,2,99,1,EURO,1,0,61634
NLD,1,1,5,,2,99,1,EURO,1,0,113055
NLD,1,1,6,,2,99,1,EURO,1,0,46854
NLD,1,1,7,,2,99,1,EURO,1,0,216559
NLD,1,1,8,,2,99,1,EURO,1,0,124648
NLD,1,1,9,,1,99,1,EURO,1,0,207777
NLD,1,2,0,,99,99,1,EURO,1,0,13197
NLD,1,2,1,,3,99,1,EURO,1,0,103659
NLD,1,2,2,,3,99,1,EURO,1,0,213782
NLD,1,2,3,,3,99,1,EURO,1,0,300152
NLD,1,2,4,,2,99,1,EURO,1,0,140179
NLD,1,2,5,,2,99,1,EURO,1,0,253972
NLD,1,2,6,,2,99,1,EURO,1,0,71876
NLD,1,2,7,,2,99,1,EURO,1,0,336849
NLD,1,2,8,,2,99,1,EURO,1,0,133257
NLD,1,2,9,,1,99,1,EURO,1,0,130313
NLD,1,3,0,,99,99,1,EURO,1,0,4530
NLD,1,3,1,,3,0,1,EURO,1,0,197136
NLD,1,3,2,,3,0,1,EURO,1,0,774766
NLD,1,3,3,,3,0,1,EURO,1,0,220307
NLD,1,3,4,,2,1,1,EURO,1,0,60129
NLD,1,3,5,,2,1,1,EURO,1,0,61390
NLD,1,3,6,,2,1,1,EURO,1,0,12587
NLD,1,3,7,,2,1,1,EURO,1,0,21848
NLD,1,3,8,,2,1,1,EURO,1,0,10720
NLD,1,3,9,,1,1,1,EURO,1,0,32280
NLD,1,99,0,,99,99,1,EURO,1,0,241
NLD,1,99,1,,3,99,1,EURO,1,0,2474
NLD,1,99,2,,3,99,1,EURO,1,0,2964
NLD,1,99,3,,3,99,1,EURO,1,0,3762
NLD,1,99,4,,2,99,1,EURO,1,0,1947
NLD,1,99,5,,2,99,1,EURO,1,0,2740
NLD,1,99,6,,2,99,1,EURO,1,0,1470
NLD,1,99,7,,2,99,1,EURO,1,0,6942
NLD,1,99,8,,2,99,1,EURO,1,0,3598
NLD,1,99,9,,1,99,1,EURO,1,0,3730
NLD,2,1,0,,99,99,1,EURO,1,0,70
NLD,2,1,1,,3,99,1,EURO,1,0,8725
NLD,2,1,2,,3,99,1,EURO,1,0,17082
NLD,2,1,3,,3,99,1,EURO,1,0,51353
NLD,2,1,4,,2,99,1,EURO,1,0,85851
NLD,2,1,5,,2,99,1,EURO,1,0,299607
NLD,2,1,6,,2,99,1,EURO,1,0,9607
NLD,2,1,7,,2,99,1,EURO,1,0,16956
NLD,2,1,8,,2,99,1,EURO,1,0,14829
NLD,2,1,9,,1,99,1,EURO,1,0,175819
NLD,2,2,0,,99,99,1,EURO,1,0,927
NLD,2,2,1,,3,99,1,EURO,1,0,26914
NLD,2,2,2,,3,99,1,EURO,1,0,127771
NLD,2,2,3,,3,99,1,EURO,1,0,328234
NLD,2,2,4,,2,99,1,EURO,1,0,237267
NLD,2,2,5,,2,99,1,EURO,1,0,558734
NLD,2,2,6,,2,99,1,EURO,1,0,14784
NLD,2,2,7,,2,99,1,EURO,1,0,23514
NLD,2,2,8,,2,99,1,EURO,1,0,13510
NLD,2,2,9,,1,99,1,EURO,1,0,94525
NLD,2,3,0,,99,99,1,EURO,1,0,712
NLD,2,3,1,,3,0,1,EURO,1,0,74976
NLD,2,3,2,,3,0,1,EURO,1,0,768227
NLD,2,3,3,,3,0,1,EURO,1,0,227332
NLD,2,3,4,,2,1,1,EURO,1,0,85044
NLD,2,3,5,,2,1,1,EURO,1,0,108549
NLD,2,3,6,,2,1,1,EURO,1,0,4346
NLD,2,3,7,,2,1,1,EURO,1,0,5394
NLD,2,3,8,,2,1,1,EURO,1,0,1577
NLD,2,3,9,,1,1,1,EURO,1,0,21463
NLD,2,99,1,,3,99,1,EURO,1,0,725
NLD,2,99,2,,3,99,1,EURO,1,0,1730
NLD,2,99,3,,3,99,1,EURO,1,0,2093
NLD,2,99,4,,2,99,1,EURO,1,0,2799
NLD,2,99,5,,2,99,1,EURO,1,0,5543
NLD,2,99,7,,2,99,1,EURO,1,0,423
NLD,2,99,8,,2,99,1,EURO,1,0,954
NLD,2,99,9,,1,99,1,EURO,1,0,4765
NLD,1,1,1,,3,99,1,EURO,1,1,1228
NLD,1,1,2,,3,99,1,EURO,1,1,820
NLD,1,1,3,,3,99,1,EURO,1,1,1804
NLD,1,1,4,,2,99,1,EURO,1,1,2837
NLD,1,1,5,,2,99,1,EURO,1,1,4270
NLD,1,1,6,,2,99,1,EURO,1,1,826
NLD,1,1,7,,2,99,1,EURO,1,1,12027
NLD,1,1,8,,2,99,1,EURO,1,1,6358
NLD,1,1,9,,1,99,1,EURO,1,1,11088
NLD,1,2,0,,99,99,1,EURO,1,1,62
NLD,1,2,1,,3,99,1,EURO,1,1,3577
NLD,1,2,2,,3,99,1,EURO,1,1,6492
NLD,1,2,3,,3,99,1,EURO,1,1,11436
NLD,1,2,4,,2,99,1,EURO,1,1,4155
NLD,1,2,5,,2,99,1,EURO,1,1,11507
NLD,1,2,6,,2,99,1,EURO,1,1,561
NLD,1,2,7,,2,99,1,EURO,1,1,21327
NLD,1,2,8,,2,99,1,EURO,1,1,8487
NLD,1,2,9,,1,99,1,EURO,1,1,7183
NLD,1,3,0,,99,99,1,EURO,1,1,108
NLD,1,3,1,,3,0,1,EURO,1,1,5612
NLD,1,3,2,,3,0,1,EURO,1,1,26848
NLD,1,3,3,,3,0,1,EURO,1,1,5451
NLD,1,3,4,,2,1,1,EURO,1,1,2243
NLD,1,3,5,,2,1,1,EURO,1,1,3023
NLD,1,3,7,,2,1,1,EURO,1,1,1692
NLD,1,3,8,,2,1,1,EURO,1,1,931
NLD,1,3,9,,1,1,1,EURO,1,1,1737
NLD,1,99,1,,3,99,1,EURO,1,1,601
NLD,1,99,2,,3,99,1,EURO,1,1,1040
NLD,1,99,3,,3,99,1,EURO,1,1,356
NLD,1,99,4,,2,99,1,EURO,1,1,323
NLD,1,99,5,,2,99,1,EURO,1,1,1256
NLD,1,99,6,,2,99,1,EURO,1,1,592
NLD,1,99,7,,2,99,1,EURO,1,1,1800
NLD,1,99,8,,2,99,1,EURO,1,1,1540
NLD,1,99,9,,1,99,1,EURO,1,1,1797
NLD,2,1,1,,3,99,1,EURO,1,1,234
NLD,2,1,2,,3,99,1,EURO,1,1,1036
NLD,2,1,3,,3,99,1,EURO,1,1,1237
NLD,2,1,4,,2,99,1,EURO,1,1,2935
NLD,2,1,5,,2,99,1,EURO,1,1,7514
NLD,2,1,6,,2,99,1,EURO,1,1,1030
NLD,2,1,7,,2,99,1,EURO,1,1,1089
NLD,2,1,8,,2,99,1,EURO,1,1,1669
NLD,2,1,9,,1,99,1,EURO,1,1,11766
NLD,2,2,0,,99,99,1,EURO,1,1,125
NLD,2,2,1,,3,99,1,EURO,1,1,473
NLD,2,2,2,,3,99,1,EURO,1,1,9527
NLD,2,2,3,,3,99,1,EURO,1,1,12360
NLD,2,2,4,,2,99,1,EURO,1,1,11391
NLD,2,2,5,,2,99,1,EURO,1,1,20302
NLD,2,2,6,,2,99,1,EURO,1,1,844
NLD,2,2,7,,2,99,1,EURO,1,1,2025
NLD,2,2,8,,2,99,1,EURO,1,1,2030
NLD,2,2,9,,1,99,1,EURO,1,1,12290
NLD,2,3,1,,3,0,1,EURO,1,1,3787
NLD,2,3,2,,3,0,1,EURO,1,1,32774
NLD,2,3,3,,3,0,1,EURO,1,1,8103
NLD,2,3,4,,2,1,1,EURO,1,1,5500
NLD,2,3,5,,2,1,1,EURO,1,1,3491
NLD,2,3,7,,2,1,1,EURO,1,1,280
NLD,2,3,8,,2,1,1,EURO,1,1,436
NLD,2,3,9,,1,1,1,EURO,1,1,2227
NLD,2,99,2,,3,99,1,EURO,1,1,802
NLD,2,99,3,,3,99,1,EURO,1,1,250
NLD,2,99,4,,2,99,1,EURO,1,1,335
NLD,2,99,5,,2,99,1,EURO,1,1,983
NLD,2,99,6,,2,99,1,EURO,1,1,109
NLD,2,99,7,,2,99,1,EURO,1,1,373
NLD,2,99,9,,1,99,1,EURO,1,1,4511
NLD,1,1,1,,3,99,1,NOAM,1,1,149
NLD,1,1,2,,3,99,1,NOAM,1,1,162
NLD,1,1,5,,2,99,1,NOAM,1,1,181
NLD,1,1,7,,2,99,1,NOAM,1,1,13
NLD,1,1,8,,2,99,1,NOAM,1,1,99
NLD,1,1,9,,1,99,1,NOAM,1,1,219
NLD,1,2,1,,3,99,1,NOAM,1,1,252
NLD,1,2,2,,3,99,1,NOAM,1,1,678
NLD,1,2,3,,3,99,1,NOAM,1,1,261
NLD,1,2,4,,2,99,1,NOAM,1,1,72
NLD,1,2,5,,2,99,1,NOAM,1,1,195
NLD,1,2,6,,2,99,1,NOAM,1,1,35
NLD,1,2,7,,2,99,1,NOAM,1,1,423
NLD,1,2,9,,1,99,1,NOAM,1,1,58
NLD,1,3,0,,99,99,1,NOAM,1,1,19
NLD,1,3,1,,3,0,1,NOAM,1,1,871
NLD,1,3,2,,3,0,1,NOAM,1,1,3292
NLD,1,3,3,,3,0,1,NOAM,1,1,651
NLD,1,3,5,,2,1,1,NOAM,1,1,191
NLD,1,3,9,,1,1,1,NOAM,1,1,93
NLD,1,99,2,,3,99,1,NOAM,1,1,108
NLD,1,99,7,,2,99,1,NOAM,1,1,21
NLD,2,1,2,,3,99,1,NOAM,1,1,24
NLD,2,1,4,,2,99,1,NOAM,1,1,8
NLD,2,1,5,,2,99,1,NOAM,1,1,294
NLD,2,1,7,,2,99,1,NOAM,1,1,217
NLD,2,1,9,,1,99,1,NOAM,1,1,63
NLD,2,2,1,,3,99,1,NOAM,1,1,42
NLD,2,2,2,,3,99,1,NOAM,1,1,508
NLD,2,2,3,,3,99,1,NOAM,1,1,325
NLD,2,2,4,,2,99,1,NOAM,1,1,395
NLD,2,2,5,,2,99,1,NOAM,1,1,686
NLD,2,2,7,,2,99,1,NOAM,1,1,61
NLD,2,2,9,,1,99,1,NOAM,1,1,252
NLD,2,3,1,,3,0,1,NOAM,1,1,77
NLD,2,3,2,,3,0,1,NOAM,1,1,2699
NLD,2,3,3,,3,0,1,NOAM,1,1,830
NLD,2,3,4,,2,1,1,NOAM,1,1,225
NLD,2,3,5,,2,1,1,NOAM,1,1,252
NLD,2,3,9,,1,1,1,NOAM,1,1,120
NLD,2,99,1,,3,99,1,NOAM,1,1,72
NLD,2,99,2,,3,99,1,NOAM,1,1,32
NLD,1,1,9,,1,99,1,OCEA,0,1,94
NLD,1,2,4,,2,99,1,OCEA,0,1,37
NLD,1,2,5,,2,99,1,OCEA,0,1,273
NLD,1,2,7,,2,99,1,OCEA,0,1,42
NLD,1,3,2,,3,0,1,OCEA,0,1,211
NLD,1,3,3,,3,0,1,OCEA,0,1,6
NLD,2,3,2,,3,0,1,OCEA,0,1,100
NLD,1,1,3,,3,99,1,OCEA,1,1,59
NLD,1,1,5,,2,99,1,OCEA,1,1,158
NLD,1,1,8,,2,99,1,OCEA,1,1,147
NLD,1,1,9,,1,99,1,OCEA,1,1,95
NLD,1,2,1,,3,99,1,OCEA,1,1,18
NLD,1,2,2,,3,99,1,OCEA,1,1,1006
NLD,1,2,3,,3,99,1,OCEA,1,1,199
NLD,1,2,4,,2,99,1,OCEA,1,1,118
NLD,1,2,5,,2,99,1,OCEA,1,1,145
NLD,1,2,7,,2,99,1,OCEA,1,1,896
NLD,1,2,8,,2,99,1,OCEA,1,1,169
NLD,1,2,9,,1,99,1,OCEA,1,1,48
NLD,1,3,1,,3,0,1,OCEA,1,1,264
NLD,1,3,2,,3,0,1,OCEA,1,1,1250
NLD,1,3,3,,3,0,1,OCEA,1,1,66
NLD,1,3,4,,2,1,1,OCEA,1,1,259
NLD,1,99,4,,2,99,1,OCEA,1,1,48
NLD,1,99,8,,2,99,1,OCEA,1,1,117
NLD,2,1,4,,2,99,1,OCEA,1,1,32
NLD,2,1,5,,2,99,1,OCEA,1,1,96
NLD,2,1,9,,1,99,1,OCEA,1,1,30
NLD,2,2,2,,3,99,1,OCEA,1,1,205
NLD,2,2,3,,3,99,1,OCEA,1,1,241
NLD,2,2,4,,2,99,1,OCEA,1,1,352
NLD,2,2,5,,2,99,1,OCEA,1,1,157
NLD,2,2,7,,2,99,1,OCEA,1,1,31
NLD,2,3,1,,3,0,1,OCEA,1,1,77
NLD,2,3,2,,3,0,1,OCEA,1,1,664
NLD,2,3,3,,3,0,1,OCEA,1,1,825
NLD,2,3,4,,2,1,1,OCEA,1,1,68
NLD,1,1,0,,99,99,1,SCAC,0,1,108
NLD,1,1,1,,3,99,1,SCAC,0,1,517
NLD,1,1,2,,3,99,1,SCAC,0,1,822
NLD,1,1,3,,3,99,1,SCAC,0,1,1272
NLD,1,1,4,,2,99,1,SCAC,0,1,2093
NLD,1,1,5,,2,99,1,SCAC,0,1,2898
NLD,1,1,6,,2,99,1,SCAC,0,1,261
NLD,1,1,7,,2,99,1,SCAC,0,1,5124
NLD,1,1,8,,2,99,1,SCAC,0,1,2847
NLD,1,1,9,,1,99,1,SCAC,0,1,6704
NLD,1,2,0,,99,99,1,SCAC,0,1,310
NLD,1,2,1,,3,99,1,SCAC,0,1,1740
NLD,1,2,2,,3,99,1,SCAC,0,1,4951
NLD,1,2,3,,3,99,1,SCAC,0,1,4365
NLD,1,2,4,,2,99,1,SCAC,0,1,2312
NLD,1,2,5,,2,99,1,SCAC,0,1,5844
NLD,1,2,6,,2,99,1,SCAC,0,1,177
NLD,1,2,7,,2,99,1,SCAC,0,1,5821
NLD,1,2,8,,2,99,1,SCAC,0,1,2848
NLD,1,2,9,,1,99,1,SCAC,0,1,3262
NLD,1,3,0,,99,99,1,SCAC,0,1,150
NLD,1,3,1,,3,0,1,SCAC,0,1,1975
NLD,1,3,2,,3,0,1,SCAC,0,1,11782
NLD,1,3,3,,3,0,1,SCAC,0,1,2830
NLD,1,3,4,,2,1,1,SCAC,0,1,1524
NLD,1,3,5,,2,1,1,SCAC,0,1,899
NLD,1,3,6,,2,1,1,SCAC,0,1,27
NLD,1,3,7,,2,1,1,SCAC,0,1,394
NLD,1,3,8,,2,1,1,SCAC,0,1,257
NLD,1,3,9,,1,1,1,SCAC,0,1,184
NLD,1,99,1,,3,99,1,SCAC,0,1,194
NLD,1,99,2,,3,99,1,SCAC,0,1,92
NLD,1,99,3,,3,99,1,SCAC,0,1,143
NLD,1,99,4,,2,99,1,SCAC,0,1,106
NLD,1,99,5,,2,99,1,SCAC,0,1,361
NLD,1,99,7,,2,99,1,SCAC,0,1,145
NLD,1,99,8,,2,99,1,SCAC,0,1,353
NLD,1,99,9,,1,99,1,SCAC,0,1,529
NLD,2,1,1,,3,99,1,SCAC,0,1,192
NLD,2,1,2,,3,99,1,SCAC,0,1,395
NLD,2,1,3,,3,99,1,SCAC,0,1,1417
NLD,2,1,4,,2,99,1,SCAC,0,1,2322
NLD,2,1,5,,2,99,1,SCAC,0,1,6073
NLD,2,1,6,,2,99,1,SCAC,0,1,155
NLD,2,1,7,,2,99,1,SCAC,0,1,571
NLD,2,1,8,,2,99,1,SCAC,0,1,784
NLD,2,1,9,,1,99,1,SCAC,0,1,5603
NLD,2,2,0,,99,99,1,SCAC,0,1,48
NLD,2,2,1,,3,99,1,SCAC,0,1,125
NLD,2,2,2,,3,99,1,SCAC,0,1,3007
NLD,2,2,3,,3,99,1,SCAC,0,1,7213
NLD,2,2,4,,2,99,1,SCAC,0,1,9773
NLD,2,2,5,,2,99,1,SCAC,0,1,13182
NLD,2,2,7,,2,99,1,SCAC,0,1,231
NLD,2,2,8,,2,99,1,SCAC,0,1,162
NLD,2,2,9,,1,99,1,SCAC,0,1,4481
NLD,2,3,1,,3,0,1,SCAC,0,1,1362
NLD,2,3,2,,3,0,1,SCAC,0,1,12219
NLD,2,3,3,,3,0,1,SCAC,0,1,4279
NLD,2,3,4,,2,1,1,SCAC,0,1,3000
NLD,2,3,5,,2,1,1,SCAC,0,1,2106
NLD,2,3,7,,2,1,1,SCAC,0,1,19
NLD,2,3,8,,2,1,1,SCAC,0,1,85
NLD,2,3,9,,1,1,1,SCAC,0,1,1053
NLD,2,99,3,,3,99,1,SCAC,0,1,346
NLD,2,99,4,,2,99,1,SCAC,0,1,592
NLD,2,99,5,,2,99,1,SCAC,0,1,1024
NLD,2,99,7,,2,99,1,SCAC,0,1,77
NLD,2,99,8,,2,99,1,SCAC,0,1,122
NLD,2,99,9,,1,99,1,SCAC,0,1,1005
NLD,1,2,2,,3,99,1,SCAC,1,1,103
NLD,1,2,3,,3,99,1,SCAC,1,1,69
NLD,1,2,7,,2,99,1,SCAC,1,1,187
NLD,1,2,8,,2,99,1,SCAC,1,1,166
NLD,1,2,9,,1,99,1,SCAC,1,1,79
NLD,1,3,2,,3,0,1,SCAC,1,1,839
NLD,1,3,3,,3,0,1,SCAC,1,1,216
NLD,2,1,4,,2,99,1,SCAC,1,1,120
NLD,2,2,2,,3,99,1,SCAC,1,1,24
NLD,2,2,3,,3,99,1,SCAC,1,1,39
NLD,2,2,4,,2,99,1,SCAC,1,1,406
NLD,2,2,5,,2,99,1,SCAC,1,1,261
NLD,2,2,9,,1,99,1,SCAC,1,1,147
NLD,2,3,1,,3,0,1,SCAC,1,1,88
NLD,2,3,2,,3,0,1,SCAC,1,1,879
NLD,2,3,3,,3,0,1,SCAC,1,1,350
NLD,2,3,4,,2,1,1,SCAC,1,1,77
NLD,2,3,5,,2,1,1,SCAC,1,1,35
NLD,2,3,9,,1,1,1,SCAC,1,1,65
NLD,1,1,1,,3,99,1,UNK,0,99,27
NLD,1,1,2,,3,99,1,UNK,0,99,165
NLD,1,1,3,,3,99,1,UNK,0,99,405
NLD,1,1,4,,2,99,1,UNK,0,99,333
NLD,1,1,5,,2,99,1,UNK,0,99,1027
NLD,1,1,6,,2,99,1,UNK,0,99,232
NLD,1,1,7,,2,99,1,UNK,0,99,1731
NLD,1,1,8,,2,99,1,UNK,0,99,559
NLD,1,1,9,,1,99,1,UNK,0,99,2929
NLD,1,2,0,,99,99,1,UNK,0,99,163
NLD,1,2,1,,3,99,1,UNK,0,99,314
NLD,1,2,2,,3,99,1,UNK,0,99,1813
NLD,1,2,3,,3,99,1,UNK,0,99,2106
NLD,1,2,4,,2,99,1,UNK,0,99,1377
NLD,1,2,5,,2,99,1,UNK,0,99,3228
NLD,1,2,6,,2,99,1,UNK,0,99,457
NLD,1,2,7,,2,99,1,UNK,0,99,2939
NLD,1,2,8,,2,99,1,UNK,0,99,1404
NLD,1,2,9,,1,99,1,UNK,0,99,1399
NLD,1,3,1,,3,0,1,UNK,0,99,1221
NLD,1,3,2,,3,0,1,UNK,0,99,7558
NLD,1,3,3,,3,0,1,UNK,0,99,2280
NLD,1,3,4,,2,1,1,UNK,0,99,649
NLD,1,3,5,,2,1,1,UNK,0,99,1314
NLD,1,3,7,,2,1,1,UNK,0,99,744
NLD,1,3,8,,2,1,1,UNK,0,99,107
NLD,1,3,9,,1,1,1,UNK,0,99,547
NLD,1,99,1,,3,99,1,UNK,0,99,460
NLD,1,99,2,,3,99,1,UNK,0,99,623
NLD,1,99,3,,3,99,1,UNK,0,99,456
NLD,1,99,4,,2,99,1,UNK,0,99,327
NLD,1,99,5,,2,99,1,UNK,0,99,633
NLD,1,99,6,,2,99,1,UNK,0,99,35
NLD,1,99,7,,2,99,1,UNK,0,99,562
NLD,1,99,8,,2,99,1,UNK,0,99,325
NLD,1,99,9,,1,99,1,UNK,0,99,783
NLD,2,1,1,,3,99,1,UNK,0,99,134
NLD,2,1,2,,3,99,1,UNK,0,99,66
NLD,2,1,3,,3,99,1,UNK,0,99,942
NLD,2,1,4,,2,99,1,UNK,0,99,561
NLD,2,1,5,,2,99,1,UNK,0,99,2314
NLD,2,1,7,,2,99,1,UNK,0,99,121
NLD,2,1,8,,2,99,1,UNK,0,99,238
NLD,2,1,9,,1,99,1,UNK,0,99,1710
NLD,2,2,1,,3,99,1,UNK,0,99,407
NLD,2,2,2,,3,99,1,UNK,0,99,2005
NLD,2,2,3,,3,99,1,UNK,0,99,3673
NLD,2,2,4,,2,99,1,UNK,0,99,2618
NLD,2,2,5,,2,99,1,UNK,0,99,5897
NLD,2,2,7,,2,99,1,UNK,0,99,28
NLD,2,2,9,,1,99,1,UNK,0,99,1444
NLD,2,3,1,,3,0,1,UNK,0,99,613
NLD,2,3,2,,3,0,1,UNK,0,99,9949
NLD,2,3,3,,3,0,1,UNK,0,99,2452
NLD,2,3,4,,2,1,1,UNK,0,99,1923
NLD,2,3,5,,2,1,1,UNK,0,99,1741
NLD,2,3,6,,2,1,1,UNK,0,99,73
NLD,2,3,7,,2,1,1,UNK,0,99,150
NLD,2,3,8,,2,1,1,UNK,0,99,21
NLD,2,3,9,,1,1,1,UNK,0,99,853
NLD,2,99,1,,3,99,1,UNK,0,99,38
NLD,2,99,2,,3,99,1,UNK,0,99,436
NLD,2,99,3,,3,99,1,UNK,0,99,189
NLD,2,99,4,,2,99,1,UNK,0,99,546
NLD,2,99,5,,2,99,1,UNK,0,99,591
NLD,2,99,6,,2,99,1,UNK,0,99,45
NLD,2,99,7,,2,99,1,UNK,0,99,28
NLD,2,99,9,,1,99,1,UNK,0,99,774
NOR,1,1,0,,99,99,1,AFRI,0,1,9
NOR,1,1,1,,3,99,1,AFRI,0,1,63
NOR,1,1,2,,3,99,1,AFRI,0,1,117
NOR,1,1,3,,3,99,1,AFRI,0,1,247
NOR,1,1,4,,2,99,1,AFRI,0,1,531
NOR,1,1,5,,2,99,1,AFRI,0,1,1989
NOR,1,1,6,,2,99,1,AFRI,0,1,40
NOR,1,1,7,,2,99,1,AFRI,0,1,299
NOR,1,1,8,,2,99,1,AFRI,0,1,1474
NOR,1,1,9,,1,99,1,AFRI,0,1,2129
NOR,1,2,0,,99,99,1,AFRI,0,1,27
NOR,1,2,1,,3,99,1,AFRI,0,1,110
NOR,1,2,2,,3,99,1,AFRI,0,1,166
NOR,1,2,3,,3,99,1,AFRI,0,1,283
NOR,1,2,4,,2,99,1,AFRI,0,1,349
NOR,1,2,5,,2,99,1,AFRI,0,1,1388
NOR,1,2,6,,2,99,1,AFRI,0,1,20
NOR,1,2,7,,2,99,1,AFRI,0,1,477
NOR,1,2,8,,2,99,1,AFRI,0,1,675
NOR,1,2,9,,1,99,1,AFRI,0,1,851
NOR,1,3,0,,99,99,1,AFRI,0,1,12
NOR,1,3,1,,3,0,1,AFRI,0,1,292
NOR,1,3,2,,3,0,1,AFRI,0,1,1745
NOR,1,3,3,,3,0,1,AFRI,0,1,910
NOR,1,3,4,,2,1,1,AFRI,0,1,333
NOR,1,3,5,,2,1,1,AFRI,0,1,1038
NOR,1,3,6,,2,1,1,AFRI,0,1,9
NOR,1,3,7,,2,1,1,AFRI,0,1,121
NOR,1,3,8,,2,1,1,AFRI,0,1,362
NOR,1,3,9,,1,1,1,AFRI,0,1,841
NOR,1,99,0,,99,99,1,AFRI,0,1,5
NOR,1,99,1,,3,99,1,AFRI,0,1,34
NOR,1,99,2,,3,99,1,AFRI,0,1,104
NOR,1,99,3,,3,99,1,AFRI,0,1,156
NOR,1,99,4,,2,99,1,AFRI,0,1,158
NOR,1,99,5,,2,99,1,AFRI,0,1,530
NOR,1,99,6,,2,99,1,AFRI,0,1,10
NOR,1,99,7,,2,99,1,AFRI,0,1,100
NOR,1,99,8,,2,99,1,AFRI,0,1,338
NOR,1,99,9,,1,99,1,AFRI,0,1,880
NOR,2,1,0,,99,99,1,AFRI,0,1,12
NOR,2,1,1,,3,99,1,AFRI,0,1,12
NOR,2,1,2,,3,99,1,AFRI,0,1,114
NOR,2,1,3,,3,99,1,AFRI,0,1,127
NOR,2,1,4,,2,99,1,AFRI,0,1,158
NOR,2,1,5,,2,99,1,AFRI,0,1,2677
NOR,2,1,6,,2,99,1,AFRI,0,1,12
NOR,2,1,7,,2,99,1,AFRI,0,1,9
NOR,2,1,8,,2,99,1,AFRI,0,1,93
NOR,2,1,9,,1,99,1,AFRI,0,1,1471
NOR,2,2,0,,99,99,1,AFRI,0,1,3
NOR,2,2,1,,3,99,1,AFRI,0,1,15
NOR,2,2,2,,3,99,1,AFRI,0,1,161
NOR,2,2,3,,3,99,1,AFRI,0,1,189
NOR,2,2,4,,2,99,1,AFRI,0,1,152
NOR,2,2,5,,2,99,1,AFRI,0,1,2721
NOR,2,2,6,,2,99,1,AFRI,0,1,3
NOR,2,2,7,,2,99,1,AFRI,0,1,9
NOR,2,2,8,,2,99,1,AFRI,0,1,38
NOR,2,2,9,,1,99,1,AFRI,0,1,482
NOR,2,3,0,,99,99,1,AFRI,0,1,9
NOR,2,3,1,,3,0,1,AFRI,0,1,116
NOR,2,3,2,,3,0,1,AFRI,0,1,1550
NOR,2,3,3,,3,0,1,AFRI,0,1,464
NOR,2,3,4,,2,1,1,AFRI,0,1,162
NOR,2,3,5,,2,1,1,AFRI,0,1,1008
NOR,2,3,6,,2,1,1,AFRI,0,1,3
NOR,2,3,7,,2,1,1,AFRI,0,1,9
NOR,2,3,8,,2,1,1,AFRI,0,1,15
NOR,2,3,9,,1,1,1,AFRI,0,1,336
NOR,2,99,0,,99,99,1,AFRI,0,1,3
NOR,2,99,1,,3,99,1,AFRI,0,1,3
NOR,2,99,2,,3,99,1,AFRI,0,1,77
NOR,2,99,3,,3,99,1,AFRI,0,1,46
NOR,2,99,4,,2,99,1,AFRI,0,1,26
NOR,2,99,5,,2,99,1,AFRI,0,1,429
NOR,2,99,6,,2,99,1,AFRI,0,1,3
NOR,2,99,8,,2,99,1,AFRI,0,1,23
NOR,2,99,9,,1,99,1,AFRI,0,1,475
NOR,1,1,0,,99,99,1,ASIA,0,1,38
NOR,1,1,1,,3,99,1,ASIA,0,1,539
NOR,1,1,2,,3,99,1,ASIA,0,1,208
NOR,1,1,3,,3,99,1,ASIA,0,1,550
NOR,1,1,4,,2,99,1,ASIA,0,1,1074
NOR,1,1,5,,2,99,1,ASIA,0,1,4473
NOR,1,1,6,,2,99,1,ASIA,0,1,51
NOR,1,1,7,,2,99,1,ASIA,0,1,1135
NOR,1,1,8,,2,99,1,ASIA,0,1,2286
NOR,1,1,9,,1,99,1,ASIA,0,1,3857
NOR,1,2,0,,99,99,1,ASIA,0,1,43
NOR,1,2,1,,3,99,1,ASIA,0,1,516
NOR,1,2,2,,3,99,1,ASIA,0,1,361
NOR,1,2,3,,3,99,1,ASIA,0,1,719
NOR,1,2,4,,2,99,1,ASIA,0,1,844
NOR,1,2,5,,2,99,1,ASIA,0,1,2953
NOR,1,2,6,,2,99,1,ASIA,0,1,21
NOR,1,2,7,,2,99,1,ASIA,0,1,1429
NOR,1,2,8,,2,99,1,ASIA,0,1,1341
NOR,1,2,9,,1,99,1,ASIA,0,1,1884
NOR,1,3,0,,99,99,1,ASIA,0,1,30
NOR,1,3,1,,3,0,1,ASIA,0,1,690
NOR,1,3,2,,3,0,1,ASIA,0,1,5098
NOR,1,3,3,,3,0,1,ASIA,0,1,3149
NOR,1,3,4,,2,1,1,ASIA,0,1,683
NOR,1,3,5,,2,1,1,ASIA,0,1,2168
NOR,1,3,6,,2,1,1,ASIA,0,1,18
NOR,1,3,7,,2,1,1,ASIA,0,1,305
NOR,1,3,8,,2,1,1,ASIA,0,1,782
NOR,1,3,9,,1,1,1,ASIA,0,1,2206
NOR,1,99,0,,99,99,1,ASIA,0,1,4
NOR,1,99,1,,3,99,1,ASIA,0,1,178
NOR,1,99,2,,3,99,1,ASIA,0,1,392
NOR,1,99,3,,3,99,1,ASIA,0,1,454
NOR,1,99,4,,2,99,1,ASIA,0,1,243
NOR,1,99,5,,2,99,1,ASIA,0,1,1390
NOR,1,99,6,,2,99,1,ASIA,0,1,25
NOR,1,99,7,,2,99,1,ASIA,0,1,194
NOR,1,99,8,,2,99,1,ASIA,0,1,588
NOR,1,99,9,,1,99,1,ASIA,0,1,1542
NOR,2,1,0,,99,99,1,ASIA,0,1,4
NOR,2,1,1,,3,99,1,ASIA,0,1,205
NOR,2,1,2,,3,99,1,ASIA,0,1,300
NOR,2,1,3,,3,99,1,ASIA,0,1,466
NOR,2,1,4,,2,99,1,ASIA,0,1,674
NOR,2,1,5,,2,99,1,ASIA,0,1,5869
NOR,2,1,6,,2,99,1,ASIA,0,1,52
NOR,2,1,7,,2,99,1,ASIA,0,1,92
NOR,2,1,8,,2,99,1,ASIA,0,1,789
NOR,2,1,9,,1,99,1,ASIA,0,1,4869
NOR,2,2,0,,99,99,1,ASIA,0,1,12
NOR,2,2,1,,3,99,1,ASIA,0,1,225
NOR,2,2,2,,3,99,1,ASIA,0,1,342
NOR,2,2,3,,3,99,1,ASIA,0,1,782
NOR,2,2,4,,2,99,1,ASIA,0,1,710
NOR,2,2,5,,2,99,1,ASIA,0,1,6851
NOR,2,2,6,,2,99,1,ASIA,0,1,15
NOR,2,2,7,,2,99,1,ASIA,0,1,94
NOR,2,2,8,,2,99,1,ASIA,0,1,383
NOR,2,2,9,,1,99,1,ASIA,0,1,2514
NOR,2,3,1,,3,0,1,ASIA,0,1,400
NOR,2,3,2,,3,0,1,ASIA,0,1,5776
NOR,2,3,3,,3,0,1,ASIA,0,1,2410
NOR,2,3,4,,2,1,1,ASIA,0,1,894
NOR,2,3,5,,2,1,1,ASIA,0,1,4890
NOR,2,3,6,,2,1,1,ASIA,0,1,22
NOR,2,3,7,,2,1,1,ASIA,0,1,47
NOR,2,3,8,,2,1,1,ASIA,0,1,287
NOR,2,3,9,,1,1,1,ASIA,0,1,2410
NOR,2,99,0,,99,99,1,ASIA,0,1,18
NOR,2,99,1,,3,99,1,ASIA,0,1,99
NOR,2,99,2,,3,99,1,ASIA,0,1,229
NOR,2,99,3,,3,99,1,ASIA,0,1,195
NOR,2,99,4,,2,99,1,ASIA,0,1,257
NOR,2,99,5,,2,99,1,ASIA,0,1,1778
NOR,2,99,6,,2,99,1,ASIA,0,1,22
NOR,2,99,7,,2,99,1,ASIA,0,1,48
NOR,2,99,8,,2,99,1,ASIA,0,1,330
NOR,2,99,9,,1,99,1,ASIA,0,1,2077
NOR,1,1,0,,99,99,1,ASIA,1,1,3
NOR,1,1,1,,3,99,1,ASIA,1,1,16
NOR,1,1,2,,3,99,1,ASIA,1,1,10
NOR,1,1,3,,3,99,1,ASIA,1,1,36
NOR,1,1,4,,2,99,1,ASIA,1,1,26
NOR,1,1,5,,2,99,1,ASIA,1,1,79
NOR,1,1,6,,2,99,1,ASIA,1,1,6
NOR,1,1,7,,2,99,1,ASIA,1,1,28
NOR,1,1,8,,2,99,1,ASIA,1,1,36
NOR,1,1,9,,1,99,1,ASIA,1,1,49
NOR,1,2,0,,99,99,1,ASIA,1,1,16
NOR,1,2,1,,3,99,1,ASIA,1,1,51
NOR,1,2,2,,3,99,1,ASIA,1,1,54
NOR,1,2,3,,3,99,1,ASIA,1,1,120
NOR,1,2,4,,2,99,1,ASIA,1,1,50
NOR,1,2,5,,2,99,1,ASIA,1,1,167
NOR,1,2,6,,2,99,1,ASIA,1,1,3
NOR,1,2,7,,2,99,1,ASIA,1,1,94
NOR,1,2,8,,2,99,1,ASIA,1,1,41
NOR,1,2,9,,1,99,1,ASIA,1,1,52
NOR,1,3,0,,99,99,1,ASIA,1,1,15
NOR,1,3,1,,3,0,1,ASIA,1,1,123
NOR,1,3,2,,3,0,1,ASIA,1,1,494
NOR,1,3,3,,3,0,1,ASIA,1,1,247
NOR,1,3,4,,2,1,1,ASIA,1,1,58
NOR,1,3,5,,2,1,1,ASIA,1,1,93
NOR,1,3,7,,2,1,1,ASIA,1,1,9
NOR,1,3,8,,2,1,1,ASIA,1,1,16
NOR,1,3,9,,1,1,1,ASIA,1,1,61
NOR,1,99,1,,3,99,1,ASIA,1,1,6
NOR,1,99,2,,3,99,1,ASIA,1,1,31
NOR,1,99,3,,3,99,1,ASIA,1,1,12
NOR,1,99,4,,2,99,1,ASIA,1,1,6
NOR,1,99,5,,2,99,1,ASIA,1,1,14
NOR,1,99,6,,2,99,1,ASIA,1,1,3
NOR,1,99,7,,2,99,1,ASIA,1,1,3
NOR,1,99,8,,2,99,1,ASIA,1,1,6
NOR,1,99,9,,1,99,1,ASIA,1,1,13
NOR,2,1,1,,3,99,1,ASIA,1,1,17
NOR,2,1,2,,3,99,1,ASIA,1,1,22
NOR,2,1,3,,3,99,1,ASIA,1,1,28
NOR,2,1,4,,2,99,1,ASIA,1,1,39
NOR,2,1,5,,2,99,1,ASIA,1,1,147
NOR,2,1,7,,2,99,1,ASIA,1,1,3
NOR,2,1,8,,2,99,1,ASIA,1,1,10
NOR,2,1,9,,1,99,1,ASIA,1,1,61
NOR,2,2,0,,99,99,1,ASIA,1,1,3
NOR,2,2,1,,3,99,1,ASIA,1,1,51
NOR,2,2,2,,3,99,1,ASIA,1,1,85
NOR,2,2,3,,3,99,1,ASIA,1,1,127
NOR,2,2,4,,2,99,1,ASIA,1,1,113
NOR,2,2,5,,2,99,1,ASIA,1,1,410
NOR,2,2,6,,2,99,1,ASIA,1,1,3
NOR,2,2,7,,2,99,1,ASIA,1,1,15
NOR,2,2,8,,2,99,1,ASIA,1,1,19
NOR,2,2,9,,1,99,1,ASIA,1,1,62
NOR,2,3,0,,99,99,1,ASIA,1,1,4
NOR,2,3,1,,3,0,1,ASIA,1,1,160
NOR,2,3,2,,3,0,1,ASIA,1,1,1262
NOR,2,3,3,,3,0,1,ASIA,1,1,337
NOR,2,3,4,,2,1,1,ASIA,1,1,114
NOR,2,3,5,,2,1,1,ASIA,1,1,260
NOR,2,3,8,,2,1,1,ASIA,1,1,8
NOR,2,3,9,,1,1,1,ASIA,1,1,109
NOR,2,99,2,,3,99,1,ASIA,1,1,15
NOR,2,99,3,,3,99,1,ASIA,1,1,12
NOR,2,99,4,,2,99,1,ASIA,1,1,6
NOR,2,99,5,,2,99,1,ASIA,1,1,16
NOR,2,99,9,,1,99,1,ASIA,1,1,6
NOR,1,1,0,,99,99,1,EURO,0,1,6
NOR,1,1,1,,3,99,1,EURO,0,1,108
NOR,1,1,2,,3,99,1,EURO,0,1,58
NOR,1,1,3,,3,99,1,EURO,0,1,209
NOR,1,1,4,,2,99,1,EURO,0,1,287
NOR,1,1,5,,2,99,1,EURO,0,1,866
NOR,1,1,6,,2,99,1,EURO,0,1,27
NOR,1,1,7,,2,99,1,EURO,0,1,639
NOR,1,1,8,,2,99,1,EURO,0,1,661
NOR,1,1,9,,1,99,1,EURO,0,1,729
NOR,1,2,0,,99,99,1,EURO,0,1,29
NOR,1,2,1,,3,99,1,EURO,0,1,245
NOR,1,2,2,,3,99,1,EURO,0,1,170
NOR,1,2,3,,3,99,1,EURO,0,1,487
NOR,1,2,4,,2,99,1,EURO,0,1,435
NOR,1,2,5,,2,99,1,EURO,0,1,1330
NOR,1,2,6,,2,99,1,EURO,0,1,75
NOR,1,2,7,,2,99,1,EURO,0,1,1799
NOR,1,2,8,,2,99,1,EURO,0,1,1175
NOR,1,2,9,,1,99,1,EURO,0,1,1111
NOR,1,3,0,,99,99,1,EURO,0,1,6
NOR,1,3,1,,3,0,1,EURO,0,1,292
NOR,1,3,2,,3,0,1,EURO,0,1,2175
NOR,1,3,3,,3,0,1,EURO,0,1,1418
NOR,1,3,4,,2,1,1,EURO,0,1,381
NOR,1,3,5,,2,1,1,EURO,0,1,783
NOR,1,3,6,,2,1,1,EURO,0,1,70
NOR,1,3,7,,2,1,1,EURO,0,1,476
NOR,1,3,8,,2,1,1,EURO,0,1,504
NOR,1,3,9,,1,1,1,EURO,0,1,676
NOR,1,99,1,,3,99,1,EURO,0,1,91
NOR,1,99,2,,3,99,1,EURO,0,1,169
NOR,1,99,3,,3,99,1,EURO,0,1,274
NOR,1,99,4,,2,99,1,EURO,0,1,220
NOR,1,99,5,,2,99,1,EURO,0,1,810
NOR,1,99,6,,2,99,1,EURO,0,1,137
NOR,1,99,7,,2,99,1,EURO,0,1,1299
NOR,1,99,8,,2,99,1,EURO,0,1,909
NOR,1,99,9,,1,99,1,EURO,0,1,1258
NOR,2,1,1,,3,99,1,EURO,0,1,82
NOR,2,1,2,,3,99,1,EURO,0,1,184
NOR,2,1,3,,3,99,1,EURO,0,1,230
NOR,2,1,4,,2,99,1,EURO,0,1,293
NOR,2,1,5,,2,99,1,EURO,0,1,1647
NOR,2,1,7,,2,99,1,EURO,0,1,32
NOR,2,1,8,,2,99,1,EURO,0,1,149
NOR,2,1,9,,1,99,1,EURO,0,1,900
NOR,2,2,1,,3,99,1,EURO,0,1,119
NOR,2,2,2,,3,99,1,EURO,0,1,202
NOR,2,2,3,,3,99,1,EURO,0,1,453
NOR,2,2,4,,2,99,1,EURO,0,1,407
NOR,2,2,5,,2,99,1,EURO,0,1,3305
NOR,2,2,6,,2,99,1,EURO,0,1,18
NOR,2,2,7,,2,99,1,EURO,0,1,57
NOR,2,2,8,,2,99,1,EURO,0,1,257
NOR,2,2,9,,1,99,1,EURO,0,1,1221
NOR,2,3,1,,3,0,1,EURO,0,1,312
NOR,2,3,2,,3,0,1,EURO,0,1,4569
NOR,2,3,3,,3,0,1,EURO,0,1,1865
NOR,2,3,4,,2,1,1,EURO,0,1,802
NOR,2,3,5,,2,1,1,EURO,0,1,2440
NOR,2,3,6,,2,1,1,EURO,0,1,31
NOR,2,3,7,,2,1,1,EURO,0,1,54
NOR,2,3,8,,2,1,1,EURO,0,1,138
NOR,2,3,9,,1,1,1,EURO,0,1,1028
NOR,2,99,0,,99,99,1,EURO,0,1,3
NOR,2,99,1,,3,99,1,EURO,0,1,45
NOR,2,99,2,,3,99,1,EURO,0,1,227
NOR,2,99,3,,3,99,1,EURO,0,1,191
NOR,2,99,4,,2,99,1,EURO,0,1,209
NOR,2,99,5,,2,99,1,EURO,0,1,915
NOR,2,99,6,,2,99,1,EURO,0,1,54
NOR,2,99,7,,2,99,1,EURO,0,1,52
NOR,2,99,8,,2,99,1,EURO,0,1,228
NOR,2,99,9,,1,99,1,EURO,0,1,1210
NOR,1,1,0,,99,99,1,EURO,1,0,1627
NOR,1,1,1,,3,99,1,EURO,1,0,13115
NOR,1,1,2,,3,99,1,EURO,1,0,6053
NOR,1,1,3,,3,99,1,EURO,1,0,19590
NOR,1,1,4,,2,99,1,EURO,1,0,15926
NOR,1,1,5,,2,99,1,EURO,1,0,39148
NOR,1,1,6,,2,99,1,EURO,1,0,4509
NOR,1,1,7,,2,99,1,EURO,1,0,28699
NOR,1,1,8,,2,99,1,EURO,1,0,35800
NOR,1,1,9,,1,99,1,EURO,1,0,39275
NOR,1,2,0,,99,99,1,EURO,1,0,9676
NOR,1,2,1,,3,99,1,EURO,1,0,50273
NOR,1,2,2,,3,99,1,EURO,1,0,31210
NOR,1,2,3,,3,99,1,EURO,1,0,82139
NOR,1,2,4,,2,99,1,EURO,1,0,29161
NOR,1,2,5,,2,99,1,EURO,1,0,67710
NOR,1,2,6,,2,99,1,EURO,1,0,6373
NOR,1,2,7,,2,99,1,EURO,1,0,111284
NOR,1,2,8,,2,99,1,EURO,1,0,64746
NOR,1,2,9,,1,99,1,EURO,1,0,62414
NOR,1,3,0,,99,99,1,EURO,1,0,6186
NOR,1,3,1,,3,0,1,EURO,1,0,65721
NOR,1,3,2,,3,0,1,EURO,1,0,161589
NOR,1,3,3,,3,0,1,EURO,1,0,93164
NOR,1,3,4,,2,1,1,EURO,1,0,12370
NOR,1,3,5,,2,1,1,EURO,1,0,24506
NOR,1,3,6,,2,1,1,EURO,1,0,1145
NOR,1,3,7,,2,1,1,EURO,1,0,8920
NOR,1,3,8,,2,1,1,EURO,1,0,7928
NOR,1,3,9,,1,1,1,EURO,1,0,29074
NOR,1,99,0,,99,99,1,EURO,1,0,13
NOR,1,99,1,,3,99,1,EURO,1,0,109
NOR,1,99,2,,3,99,1,EURO,1,0,87
NOR,1,99,3,,3,99,1,EURO,1,0,164
NOR,1,99,4,,2,99,1,EURO,1,0,134
NOR,1,99,5,,2,99,1,EURO,1,0,311
NOR,1,99,6,,2,99,1,EURO,1,0,26
NOR,1,99,7,,2,99,1,EURO,1,0,206
NOR,1,99,8,,2,99,1,EURO,1,0,359
NOR,1,99,9,,1,99,1,EURO,1,0,638
NOR,2,1,0,,99,99,1,EURO,1,0,286
NOR,2,1,1,,3,99,1,EURO,1,0,5485
NOR,2,1,2,,3,99,1,EURO,1,0,5056
NOR,2,1,3,,3,99,1,EURO,1,0,11668
NOR,2,1,4,,2,99,1,EURO,1,0,16704
NOR,2,1,5,,2,99,1,EURO,1,0,79429
NOR,2,1,6,,2,99,1,EURO,1,0,1352
NOR,2,1,7,,2,99,1,EURO,1,0,1763
NOR,2,1,8,,2,99,1,EURO,1,0,5539
NOR,2,1,9,,1,99,1,EURO,1,0,24739
NOR,2,2,0,,99,99,1,EURO,1,0,1737
NOR,2,2,1,,3,99,1,EURO,1,0,19221
NOR,2,2,2,,3,99,1,EURO,1,0,27288
NOR,2,2,3,,3,99,1,EURO,1,0,53411
NOR,2,2,4,,2,99,1,EURO,1,0,50919
NOR,2,2,5,,2,99,1,EURO,1,0,190969
NOR,2,2,6,,2,99,1,EURO,1,0,2066
NOR,2,2,7,,2,99,1,EURO,1,0,5470
NOR,2,2,8,,2,99,1,EURO,1,0,8332
NOR,2,2,9,,1,99,1,EURO,1,0,34816
NOR,2,3,0,,99,99,1,EURO,1,0,847
NOR,2,3,1,,3,0,1,EURO,1,0,43298
NOR,2,3,2,,3,0,1,EURO,1,0,280705
NOR,2,3,3,,3,0,1,EURO,1,0,69144
NOR,2,3,4,,2,1,1,EURO,1,0,22768
NOR,2,3,5,,2,1,1,EURO,1,0,52503
NOR,2,3,6,,2,1,1,EURO,1,0,657
NOR,2,3,7,,2,1,1,EURO,1,0,806
NOR,2,3,8,,2,1,1,EURO,1,0,1180
NOR,2,3,9,,1,1,1,EURO,1,0,19760
NOR,2,99,1,,3,99,1,EURO,1,0,39
NOR,2,99,2,,3,99,1,EURO,1,0,64
NOR,2,99,3,,3,99,1,EURO,1,0,63
NOR,2,99,4,,2,99,1,EURO,1,0,106
NOR,2,99,5,,2,99,1,EURO,1,0,417
NOR,2,99,7,,2,99,1,EURO,1,0,3
NOR,2,99,8,,2,99,1,EURO,1,0,29
NOR,2,99,9,,1,99,1,EURO,1,0,244
NOR,1,1,0,,99,99,1,EURO,1,1,32
NOR,1,1,1,,3,99,1,EURO,1,1,639
NOR,1,1,2,,3,99,1,EURO,1,1,373
NOR,1,1,3,,3,99,1,EURO,1,1,990
NOR,1,1,4,,2,99,1,EURO,1,1,827
NOR,1,1,5,,2,99,1,EURO,1,1,2109
NOR,1,1,6,,2,99,1,EURO,1,1,317
NOR,1,1,7,,2,99,1,EURO,1,1,4295
NOR,1,1,8,,2,99,1,EURO,1,1,2080
NOR,1,1,9,,1,99,1,EURO,1,1,2820
NOR,1,2,0,,99,99,1,EURO,1,1,121
NOR,1,2,1,,3,99,1,EURO,1,1,1829
NOR,1,2,2,,3,99,1,EURO,1,1,1159
NOR,1,2,3,,3,99,1,EURO,1,1,3045
NOR,1,2,4,,2,99,1,EURO,1,1,1593
NOR,1,2,5,,2,99,1,EURO,1,1,3535
NOR,1,2,6,,2,99,1,EURO,1,1,661
NOR,1,2,7,,2,99,1,EURO,1,1,12856
NOR,1,2,8,,2,99,1,EURO,1,1,4674
NOR,1,2,9,,1,99,1,EURO,1,1,5564
NOR,1,3,0,,99,99,1,EURO,1,1,91
NOR,1,3,1,,3,0,1,EURO,1,1,3588
NOR,1,3,2,,3,0,1,EURO,1,1,13073
NOR,1,3,3,,3,0,1,EURO,1,1,5924
NOR,1,3,4,,2,1,1,EURO,1,1,1106
NOR,1,3,5,,2,1,1,EURO,1,1,2273
NOR,1,3,6,,2,1,1,EURO,1,1,352
NOR,1,3,7,,2,1,1,EURO,1,1,3609
NOR,1,3,8,,2,1,1,EURO,1,1,1940
NOR,1,3,9,,1,1,1,EURO,1,1,3631
NOR,1,99,0,,99,99,1,EURO,1,1,3
NOR,1,99,1,,3,99,1,EURO,1,1,1397
NOR,1,99,2,,3,99,1,EURO,1,1,2567
NOR,1,99,3,,3,99,1,EURO,1,1,3352
NOR,1,99,4,,2,99,1,EURO,1,1,1688
NOR,1,99,5,,2,99,1,EURO,1,1,3780
NOR,1,99,6,,2,99,1,EURO,1,1,1008
NOR,1,99,7,,2,99,1,EURO,1,1,15685
NOR,1,99,8,,2,99,1,EURO,1,1,5596
NOR,1,99,9,,1,99,1,EURO,1,1,8273
NOR,2,1,0,,99,99,1,EURO,1,1,9
NOR,2,1,1,,3,99,1,EURO,1,1,242
NOR,2,1,2,,3,99,1,EURO,1,1,378
NOR,2,1,3,,3,99,1,EURO,1,1,537
NOR,2,1,4,,2,99,1,EURO,1,1,694
NOR,2,1,5,,2,99,1,EURO,1,1,3236
NOR,2,1,6,,2,99,1,EURO,1,1,61
NOR,2,1,7,,2,99,1,EURO,1,1,113
NOR,2,1,8,,2,99,1,EURO,1,1,442
NOR,2,1,9,,1,99,1,EURO,1,1,1982
NOR,2,2,0,,99,99,1,EURO,1,1,12
NOR,2,2,1,,3,99,1,EURO,1,1,776
NOR,2,2,2,,3,99,1,EURO,1,1,986
NOR,2,2,3,,3,99,1,EURO,1,1,1823
NOR,2,2,4,,2,99,1,EURO,1,1,1833
NOR,2,2,5,,2,99,1,EURO,1,1,7218
NOR,2,2,6,,2,99,1,EURO,1,1,160
NOR,2,2,7,,2,99,1,EURO,1,1,307
NOR,2,2,8,,2,99,1,EURO,1,1,957
NOR,2,2,9,,1,99,1,EURO,1,1,4456
NOR,2,3,0,,99,99,1,EURO,1,1,9
NOR,2,3,1,,3,0,1,EURO,1,1,2358
NOR,2,3,2,,3,0,1,EURO,1,1,18641
NOR,2,3,3,,3,0,1,EURO,1,1,4512
NOR,2,3,4,,2,1,1,EURO,1,1,2294
NOR,2,3,5,,2,1,1,EURO,1,1,5657
NOR,2,3,6,,2,1,1,EURO,1,1,145
NOR,2,3,7,,2,1,1,EURO,1,1,157
NOR,2,3,8,,2,1,1,EURO,1,1,778
NOR,2,3,9,,1,1,1,EURO,1,1,4794
NOR,2,99,0,,99,99,1,EURO,1,1,6
NOR,2,99,1,,3,99,1,EURO,1,1,562
NOR,2,99,2,,3,99,1,EURO,1,1,1864
NOR,2,99,3,,3,99,1,EURO,1,1,1363
NOR,2,99,4,,2,99,1,EURO,1,1,1250
NOR,2,99,5,,2,99,1,EURO,1,1,4979
NOR,2,99,6,,2,99,1,EURO,1,1,248
NOR,2,99,7,,2,99,1,EURO,1,1,267
NOR,2,99,8,,2,99,1,EURO,1,1,1484
NOR,2,99,9,,1,99,1,EURO,1,1,5754
NOR,1,1,1,,3,99,1,NOAM,1,1,41
NOR,1,1,2,,3,99,1,NOAM,1,1,34
NOR,1,1,3,,3,99,1,NOAM,1,1,76
NOR,1,1,4,,2,99,1,NOAM,1,1,44
NOR,1,1,5,,2,99,1,NOAM,1,1,82
NOR,1,1,6,,2,99,1,NOAM,1,1,3
NOR,1,1,7,,2,99,1,NOAM,1,1,64
NOR,1,1,8,,2,99,1,NOAM,1,1,74
NOR,1,1,9,,1,99,1,NOAM,1,1,99
NOR,1,2,0,,99,99,1,NOAM,1,1,16
NOR,1,2,1,,3,99,1,NOAM,1,1,175
NOR,1,2,2,,3,99,1,NOAM,1,1,128
NOR,1,2,3,,3,99,1,NOAM,1,1,239
NOR,1,2,4,,2,99,1,NOAM,1,1,73
NOR,1,2,5,,2,99,1,NOAM,1,1,194
NOR,1,2,6,,2,99,1,NOAM,1,1,10
NOR,1,2,7,,2,99,1,NOAM,1,1,202
NOR,1,2,8,,2,99,1,NOAM,1,1,135
NOR,1,2,9,,1,99,1,NOAM,1,1,196
NOR,1,3,0,,99,99,1,NOAM,1,1,24
NOR,1,3,1,,3,0,1,NOAM,1,1,514
NOR,1,3,2,,3,0,1,NOAM,1,1,1550
NOR,1,3,3,,3,0,1,NOAM,1,1,627
NOR,1,3,4,,2,1,1,NOAM,1,1,81
NOR,1,3,5,,2,1,1,NOAM,1,1,214
NOR,1,3,6,,2,1,1,NOAM,1,1,6
NOR,1,3,7,,2,1,1,NOAM,1,1,76
NOR,1,3,8,,2,1,1,NOAM,1,1,73
NOR,1,3,9,,1,1,1,NOAM,1,1,322
NOR,1,99,1,,3,99,1,NOAM,1,1,18
NOR,1,99,2,,3,99,1,NOAM,1,1,105
NOR,1,99,3,,3,99,1,NOAM,1,1,71
NOR,1,99,4,,2,99,1,NOAM,1,1,20
NOR,1,99,5,,2,99,1,NOAM,1,1,51
NOR,1,99,7,,2,99,1,NOAM,1,1,19
NOR,1,99,8,,2,99,1,NOAM,1,1,17
NOR,1,99,9,,1,99,1,NOAM,1,1,61
NOR,2,1,1,,3,99,1,NOAM,1,1,17
NOR,2,1,2,,3,99,1,NOAM,1,1,34
NOR,2,1,3,,3,99,1,NOAM,1,1,55
NOR,2,1,4,,2,99,1,NOAM,1,1,49
NOR,2,1,5,,2,99,1,NOAM,1,1,201
NOR,2,1,8,,2,99,1,NOAM,1,1,16
NOR,2,1,9,,1,99,1,NOAM,1,1,59
NOR,2,2,0,,99,99,1,NOAM,1,1,3
NOR,2,2,1,,3,99,1,NOAM,1,1,77
NOR,2,2,2,,3,99,1,NOAM,1,1,121
NOR,2,2,3,,3,99,1,NOAM,1,1,193
NOR,2,2,4,,2,99,1,NOAM,1,1,185
NOR,2,2,5,,2,99,1,NOAM,1,1,515
NOR,2,2,7,,2,99,1,NOAM,1,1,10
NOR,2,2,8,,2,99,1,NOAM,1,1,17
NOR,2,2,9,,1,99,1,NOAM,1,1,124
NOR,2,3,0,,99,99,1,NOAM,1,1,3
NOR,2,3,1,,3,0,1,NOAM,1,1,294
NOR,2,3,2,,3,0,1,NOAM,1,1,1939
NOR,2,3,3,,3,0,1,NOAM,1,1,466
NOR,2,3,4,,2,1,1,NOAM,1,1,177
NOR,2,3,5,,2,1,1,NOAM,1,1,338
NOR,2,3,6,,2,1,1,NOAM,1,1,4
NOR,2,3,7,,2,1,1,NOAM,1,1,4
NOR,2,3,8,,2,1,1,NOAM,1,1,14
NOR,2,3,9,,1,1,1,NOAM,1,1,282
NOR,2,99,1,,3,99,1,NOAM,1,1,12
NOR,2,99,2,,3,99,1,NOAM,1,1,104
NOR,2,99,3,,3,99,1,NOAM,1,1,34
NOR,2,99,4,,2,99,1,NOAM,1,1,17
NOR,2,99,5,,2,99,1,NOAM,1,1,72
NOR,2,99,8,,2,99,1,NOAM,1,1,5
NOR,2,99,9,,1,99,1,NOAM,1,1,40
NOR,1,1,2,,3,99,1,OCEA,0,1,3
NOR,1,2,7,,2,99,1,OCEA,0,1,3
NOR,1,3,2,,3,0,1,OCEA,0,1,3
NOR,1,3,5,,2,1,1,OCEA,0,1,3
NOR,1,3,7,,2,1,1,OCEA,0,1,3
NOR,1,99,4,,2,99,1,OCEA,0,1,3
NOR,1,99,9,,1,99,1,OCEA,0,1,3
NOR,2,1,9,,1,99,1,OCEA,0,1,3
NOR,2,2,4,,2,99,1,OCEA,0,1,3
NOR,2,2,5,,2,99,1,OCEA,0,1,3
NOR,2,2,9,,1,99,1,OCEA,0,1,3
NOR,2,3,4,,2,1,1,OCEA,0,1,3
NOR,2,3,5,,2,1,1,OCEA,0,1,3
NOR,2,3,8,,2,1,1,OCEA,0,1,3
NOR,1,1,1,,3,99,1,OCEA,1,1,6
NOR,1,1,2,,3,99,1,OCEA,1,1,12
NOR,1,1,3,,3,99,1,OCEA,1,1,9
NOR,1,1,4,,2,99,1,OCEA,1,1,14
NOR,1,1,5,,2,99,1,OCEA,1,1,20
NOR,1,1,6,,2,99,1,OCEA,1,1,3
NOR,1,1,7,,2,99,1,OCEA,1,1,9
NOR,1,1,8,,2,99,1,OCEA,1,1,6
NOR,1,1,9,,1,99,1,OCEA,1,1,16
NOR,1,2,1,,3,99,1,OCEA,1,1,15
NOR,1,2,2,,3,99,1,OCEA,1,1,25
NOR,1,2,3,,3,99,1,OCEA,1,1,33
NOR,1,2,4,,2,99,1,OCEA,1,1,10
NOR,1,2,5,,2,99,1,OCEA,1,1,40
NOR,1,2,6,,2,99,1,OCEA,1,1,3
NOR,1,2,7,,2,99,1,OCEA,1,1,49
NOR,1,2,8,,2,99,1,OCEA,1,1,18
NOR,1,2,9,,1,99,1,OCEA,1,1,27
NOR,1,3,1,,3,0,1,OCEA,1,1,48
NOR,1,3,2,,3,0,1,OCEA,1,1,281
NOR,1,3,3,,3,0,1,OCEA,1,1,133
NOR,1,3,4,,2,1,1,OCEA,1,1,24
NOR,1,3,5,,2,1,1,OCEA,1,1,55
NOR,1,3,7,,2,1,1,OCEA,1,1,19
NOR,1,3,8,,2,1,1,OCEA,1,1,14
NOR,1,3,9,,1,1,1,OCEA,1,1,31
NOR,1,99,1,,3,99,1,OCEA,1,1,15
NOR,1,99,2,,3,99,1,OCEA,1,1,38
NOR,1,99,3,,3,99,1,OCEA,1,1,25
NOR,1,99,4,,2,99,1,OCEA,1,1,6
NOR,1,99,5,,2,99,1,OCEA,1,1,31
NOR,1,99,7,,2,99,1,OCEA,1,1,20
NOR,1,99,8,,2,99,1,OCEA,1,1,5
NOR,1,99,9,,1,99,1,OCEA,1,1,21
NOR,2,1,1,,3,99,1,OCEA,1,1,3
NOR,2,1,2,,3,99,1,OCEA,1,1,6
NOR,2,1,3,,3,99,1,OCEA,1,1,3
NOR,2,1,4,,2,99,1,OCEA,1,1,3
NOR,2,1,5,,2,99,1,OCEA,1,1,13
NOR,2,1,7,,2,99,1,OCEA,1,1,3
NOR,2,1,9,,1,99,1,OCEA,1,1,7
NOR,2,2,1,,3,99,1,OCEA,1,1,3
NOR,2,2,2,,3,99,1,OCEA,1,1,9
NOR,2,2,3,,3,99,1,OCEA,1,1,5
NOR,2,2,4,,2,99,1,OCEA,1,1,9
NOR,2,2,5,,2,99,1,OCEA,1,1,35
NOR,2,2,6,,2,99,1,OCEA,1,1,6
NOR,2,2,8,,2,99,1,OCEA,1,1,3
NOR,2,2,9,,1,99,1,OCEA,1,1,12
NOR,2,3,1,,3,0,1,OCEA,1,1,22
NOR,2,3,2,,3,0,1,OCEA,1,1,197
NOR,2,3,3,,3,0,1,OCEA,1,1,44
NOR,2,3,4,,2,1,1,OCEA,1,1,21
NOR,2,3,5,,2,1,1,OCEA,1,1,43
NOR,2,3,7,,2,1,1,OCEA,1,1,3
NOR,2,3,9,,1,1,1,OCEA,1,1,29
NOR,2,99,1,,3,99,1,OCEA,1,1,12
NOR,2,99,2,,3,99,1,OCEA,1,1,13
NOR,2,99,3,,3,99,1,OCEA,1,1,7
NOR,2,99,5,,2,99,1,OCEA,1,1,12
NOR,2,99,9,,1,99,1,OCEA,1,1,6
NOR,1,1,0,,99,99,1,SCAC,0,1,7
NOR,1,1,1,,3,99,1,SCAC,0,1,12
NOR,1,1,2,,3,99,1,SCAC,0,1,33
NOR,1,1,3,,3,99,1,SCAC,0,1,97
NOR,1,1,4,,2,99,1,SCAC,0,1,88
NOR,1,1,5,,2,99,1,SCAC,0,1,352
NOR,1,1,6,,2,99,1,SCAC,0,1,9
NOR,1,1,7,,2,99,1,SCAC,0,1,84
NOR,1,1,8,,2,99,1,SCAC,0,1,89
NOR,1,1,9,,1,99,1,SCAC,0,1,158
NOR,1,2,0,,99,99,1,SCAC,0,1,21
NOR,1,2,1,,3,99,1,SCAC,0,1,58
NOR,1,2,2,,3,99,1,SCAC,0,1,63
NOR,1,2,3,,3,99,1,SCAC,0,1,123
NOR,1,2,4,,2,99,1,SCAC,0,1,74
NOR,1,2,5,,2,99,1,SCAC,0,1,385
NOR,1,2,6,,2,99,1,SCAC,0,1,15
NOR,1,2,7,,2,99,1,SCAC,0,1,200
NOR,1,2,8,,2,99,1,SCAC,0,1,96
NOR,1,2,9,,1,99,1,SCAC,0,1,136
NOR,1,3,0,,99,99,1,SCAC,0,1,8
NOR,1,3,1,,3,0,1,SCAC,0,1,123
NOR,1,3,2,,3,0,1,SCAC,0,1,719
NOR,1,3,3,,3,0,1,SCAC,0,1,465
NOR,1,3,4,,2,1,1,SCAC,0,1,101
NOR,1,3,5,,2,1,1,SCAC,0,1,281
NOR,1,3,6,,2,1,1,SCAC,0,1,3
NOR,1,3,7,,2,1,1,SCAC,0,1,36
NOR,1,3,8,,2,1,1,SCAC,0,1,46
NOR,1,3,9,,1,1,1,SCAC,0,1,154
NOR,1,99,1,,3,99,1,SCAC,0,1,37
NOR,1,99,2,,3,99,1,SCAC,0,1,58
NOR,1,99,3,,3,99,1,SCAC,0,1,88
NOR,1,99,4,,2,99,1,SCAC,0,1,40
NOR,1,99,5,,2,99,1,SCAC,0,1,196
NOR,1,99,6,,2,99,1,SCAC,0,1,3
NOR,1,99,7,,2,99,1,SCAC,0,1,53
NOR,1,99,8,,2,99,1,SCAC,0,1,43
NOR,1,99,9,,1,99,1,SCAC,0,1,171
NOR,2,1,1,,3,99,1,SCAC,0,1,31
NOR,2,1,2,,3,99,1,SCAC,0,1,27
NOR,2,1,3,,3,99,1,SCAC,0,1,74
NOR,2,1,4,,2,99,1,SCAC,0,1,70
NOR,2,1,5,,2,99,1,SCAC,0,1,622
NOR,2,1,6,,2,99,1,SCAC,0,1,3
NOR,2,1,7,,2,99,1,SCAC,0,1,9
NOR,2,1,8,,2,99,1,SCAC,0,1,19
NOR,2,1,9,,1,99,1,SCAC,0,1,278
NOR,2,2,0,,99,99,1,SCAC,0,1,3
NOR,2,2,1,,3,99,1,SCAC,0,1,31
NOR,2,2,2,,3,99,1,SCAC,0,1,47
NOR,2,2,3,,3,99,1,SCAC,0,1,107
NOR,2,2,4,,2,99,1,SCAC,0,1,105
NOR,2,2,5,,2,99,1,SCAC,0,1,913
NOR,2,2,7,,2,99,1,SCAC,0,1,9
NOR,2,2,8,,2,99,1,SCAC,0,1,28
NOR,2,2,9,,1,99,1,SCAC,0,1,249
NOR,2,3,0,,99,99,1,SCAC,0,1,3
NOR,2,3,1,,3,0,1,SCAC,0,1,95
NOR,2,3,2,,3,0,1,SCAC,0,1,1007
NOR,2,3,3,,3,0,1,SCAC,0,1,374
NOR,2,3,4,,2,1,1,SCAC,0,1,179
NOR,2,3,5,,2,1,1,SCAC,0,1,617
NOR,2,3,6,,2,1,1,SCAC,0,1,3
NOR,2,3,7,,2,1,1,SCAC,0,1,14
NOR,2,3,8,,2,1,1,SCAC,0,1,18
NOR,2,3,9,,1,1,1,SCAC,0,1,252
NOR,2,99,1,,3,99,1,SCAC,0,1,18
NOR,2,99,2,,3,99,1,SCAC,0,1,81
NOR,2,99,3,,3,99,1,SCAC,0,1,76
NOR,2,99,4,,2,99,1,SCAC,0,1,63
NOR,2,99,5,,2,99,1,SCAC,0,1,283
NOR,2,99,8,,2,99,1,SCAC,0,1,25
NOR,2,99,9,,1,99,1,SCAC,0,1,256
NOR,1,1,1,,3,99,1,SCAC,1,1,12
NOR,1,1,2,,3,99,1,SCAC,1,1,11
NOR,1,1,3,,3,99,1,SCAC,1,1,37
NOR,1,1,4,,2,99,1,SCAC,1,1,46
NOR,1,1,5,,2,99,1,SCAC,1,1,139
NOR,1,1,7,,2,99,1,SCAC,1,1,56
NOR,1,1,8,,2,99,1,SCAC,1,1,63
NOR,1,1,9,,1,99,1,SCAC,1,1,114
NOR,1,2,0,,99,99,1,SCAC,1,1,3
NOR,1,2,1,,3,99,1,SCAC,1,1,28
NOR,1,2,2,,3,99,1,SCAC,1,1,26
NOR,1,2,3,,3,99,1,SCAC,1,1,75
NOR,1,2,4,,2,99,1,SCAC,1,1,60
NOR,1,2,5,,2,99,1,SCAC,1,1,196
NOR,1,2,6,,2,99,1,SCAC,1,1,6
NOR,1,2,7,,2,99,1,SCAC,1,1,172
NOR,1,2,8,,2,99,1,SCAC,1,1,92
NOR,1,2,9,,1,99,1,SCAC,1,1,157
NOR,1,3,0,,99,99,1,SCAC,1,1,3
NOR,1,3,1,,3,0,1,SCAC,1,1,36
NOR,1,3,2,,3,0,1,SCAC,1,1,244
NOR,1,3,3,,3,0,1,SCAC,1,1,164
NOR,1,3,4,,2,1,1,SCAC,1,1,44
NOR,1,3,5,,2,1,1,SCAC,1,1,165
NOR,1,3,7,,2,1,1,SCAC,1,1,49
NOR,1,3,8,,2,1,1,SCAC,1,1,50
NOR,1,3,9,,1,1,1,SCAC,1,1,122
NOR,1,99,1,,3,99,1,SCAC,1,1,12
NOR,1,99,2,,3,99,1,SCAC,1,1,16
NOR,1,99,3,,3,99,1,SCAC,1,1,14
NOR,1,99,4,,2,99,1,SCAC,1,1,22
NOR,1,99,5,,2,99,1,SCAC,1,1,66
NOR,1,99,7,,2,99,1,SCAC,1,1,17
NOR,1,99,8,,2,99,1,SCAC,1,1,16
NOR,1,99,9,,1,99,1,SCAC,1,1,77
NOR,2,1,1,,3,99,1,SCAC,1,1,8
NOR,2,1,2,,3,99,1,SCAC,1,1,26
NOR,2,1,3,,3,99,1,SCAC,1,1,24
NOR,2,1,4,,2,99,1,SCAC,1,1,29
NOR,2,1,5,,2,99,1,SCAC,1,1,180
NOR,2,1,7,,2,99,1,SCAC,1,1,6
NOR,2,1,8,,2,99,1,SCAC,1,1,9
NOR,2,1,9,,1,99,1,SCAC,1,1,100
NOR,2,2,0,,99,99,1,SCAC,1,1,3
NOR,2,2,1,,3,99,1,SCAC,1,1,9
NOR,2,2,2,,3,99,1,SCAC,1,1,27
NOR,2,2,3,,3,99,1,SCAC,1,1,59
NOR,2,2,4,,2,99,1,SCAC,1,1,58
NOR,2,2,5,,2,99,1,SCAC,1,1,416
NOR,2,2,7,,2,99,1,SCAC,1,1,5
NOR,2,2,8,,2,99,1,SCAC,1,1,8
NOR,2,2,9,,1,99,1,SCAC,1,1,152
NOR,2,3,1,,3,0,1,SCAC,1,1,32
NOR,2,3,2,,3,0,1,SCAC,1,1,365
NOR,2,3,3,,3,0,1,SCAC,1,1,127
NOR,2,3,4,,2,1,1,SCAC,1,1,58
NOR,2,3,5,,2,1,1,SCAC,1,1,202
NOR,2,3,6,,2,1,1,SCAC,1,1,6
NOR,2,3,7,,2,1,1,SCAC,1,1,6
NOR,2,3,9,,1,1,1,SCAC,1,1,100
NOR,2,99,1,,3,99,1,SCAC,1,1,3
NOR,2,99,2,,3,99,1,SCAC,1,1,24
NOR,2,99,3,,3,99,1,SCAC,1,1,10
NOR,2,99,4,,2,99,1,SCAC,1,1,13
NOR,2,99,5,,2,99,1,SCAC,1,1,52
NOR,2,99,6,,2,99,1,SCAC,1,1,3
NOR,2,99,8,,2,99,1,SCAC,1,1,3
NOR,2,99,9,,1,99,1,SCAC,1,1,54
POL,1,1,4,,2,99,1,AFRI,0,1,18
POL,1,1,5,,2,99,1,AFRI,0,1,45
POL,1,1,7,,2,99,1,AFRI,0,1,31
POL,1,1,9,,1,99,1,AFRI,0,1,42
POL,1,2,1,,3,99,1,AFRI,0,1,89
POL,1,2,2,,3,99,1,AFRI,0,1,124
POL,1,2,3,,3,99,1,AFRI,0,1,336
POL,1,2,4,,2,99,1,AFRI,0,1,22
POL,1,2,5,,2,99,1,AFRI,0,1,703
POL,1,2,6,,2,99,1,AFRI,0,1,22
POL,1,2,7,,2,99,1,AFRI,0,1,165
POL,1,2,8,,2,99,1,AFRI,0,1,21
POL,1,2,9,,1,99,1,AFRI,0,1,39
POL,1,2,99,,99,99,1,AFRI,0,1,9
POL,1,3,1,,3,0,1,AFRI,0,1,362
POL,1,3,2,,3,0,1,AFRI,0,1,1270
POL,1,3,3,,3,0,1,AFRI,0,1,250
POL,1,3,4,,2,1,1,AFRI,0,1,23
POL,1,3,5,,2,1,1,AFRI,0,1,418
POL,1,3,6,,2,1,1,AFRI,0,1,18
POL,1,3,7,,2,1,1,AFRI,0,1,74
POL,1,3,9,,1,1,1,AFRI,0,1,41
POL,1,3,99,,99,99,1,AFRI,0,1,68
POL,2,1,6,,2,99,1,AFRI,0,1,2
POL,2,2,2,,3,99,1,AFRI,0,1,17
POL,2,2,3,,3,99,1,AFRI,0,1,66
POL,2,2,4,,2,99,1,AFRI,0,1,24
POL,2,2,5,,2,99,1,AFRI,0,1,12
POL,2,2,8,,2,99,1,AFRI,0,1,8
POL,2,2,99,,99,99,1,AFRI,0,1,17
POL,2,3,1,,3,0,1,AFRI,0,1,101
POL,2,3,2,,3,0,1,AFRI,0,1,217
POL,2,3,3,,3,0,1,AFRI,0,1,83
POL,2,3,5,,2,1,1,AFRI,0,1,8
POL,1,1,1,,3,99,1,ASIA,0,1,9
POL,1,1,3,,3,99,1,ASIA,0,1,8
POL,1,1,4,,2,99,1,ASIA,0,1,18
POL,1,1,5,,2,99,1,ASIA,0,1,502
POL,1,1,6,,2,99,1,ASIA,0,1,5
POL,1,1,7,,2,99,1,ASIA,0,1,171
POL,1,1,8,,2,99,1,ASIA,0,1,17
POL,1,1,9,,1,99,1,ASIA,0,1,32
POL,1,1,99,,99,99,1,ASIA,0,1,68
POL,1,2,0,,99,99,1,ASIA,0,1,26
POL,1,2,1,,3,99,1,ASIA,0,1,717
POL,1,2,2,,3,99,1,ASIA,0,1,158
POL,1,2,3,,3,99,1,ASIA,0,1,891
POL,1,2,4,,2,99,1,ASIA,0,1,263
POL,1,2,5,,2,99,1,ASIA,0,1,2395
POL,1,2,6,,2,99,1,ASIA,0,1,95
POL,1,2,7,,2,99,1,ASIA,0,1,797
POL,1,2,8,,2,99,1,ASIA,0,1,405
POL,1,2,9,,1,99,1,ASIA,0,1,166
POL,1,2,99,,99,99,1,ASIA,0,1,74
POL,1,3,0,,99,99,1,ASIA,0,1,9
POL,1,3,1,,3,0,1,ASIA,0,1,1500
POL,1,3,2,,3,0,1,ASIA,0,1,1928
POL,1,3,3,,3,0,1,ASIA,0,1,646
POL,1,3,4,,2,1,1,ASIA,0,1,102
POL,1,3,5,,2,1,1,ASIA,0,1,832
POL,1,3,6,,2,1,1,ASIA,0,1,9
POL,1,3,7,,2,1,1,ASIA,0,1,217
POL,1,3,8,,2,1,1,ASIA,0,1,76
POL,1,3,9,,1,1,1,ASIA,0,1,38
POL,1,3,99,,99,99,1,ASIA,0,1,44
POL,1,99,99,,99,99,1,ASIA,0,1,21
POL,2,1,1,,3,99,1,ASIA,0,1,15
POL,2,1,3,,3,99,1,ASIA,0,1,15
POL,2,1,5,,2,99,1,ASIA,0,1,449
POL,2,1,6,,2,99,1,ASIA,0,1,3
POL,2,1,7,,2,99,1,ASIA,0,1,4
POL,2,1,9,,1,99,1,ASIA,0,1,43
POL,2,1,99,,99,99,1,ASIA,0,1,24
POL,2,2,1,,3,99,1,ASIA,0,1,404
POL,2,2,2,,3,99,1,ASIA,0,1,69
POL,2,2,3,,3,99,1,ASIA,0,1,232
POL,2,2,4,,2,99,1,ASIA,0,1,213
POL,2,2,5,,2,99,1,ASIA,0,1,1031
POL,2,2,6,,2,99,1,ASIA,0,1,68
POL,2,2,7,,2,99,1,ASIA,0,1,151
POL,2,2,8,,2,99,1,ASIA,0,1,42
POL,2,2,9,,1,99,1,ASIA,0,1,178
POL,2,2,99,,99,99,1,ASIA,0,1,47
POL,2,3,1,,3,0,1,ASIA,0,1,296
POL,2,3,2,,3,0,1,ASIA,0,1,1263
POL,2,3,3,,3,0,1,ASIA,0,1,341
POL,2,3,4,,2,1,1,ASIA,0,1,100
POL,2,3,5,,2,1,1,ASIA,0,1,416
POL,2,3,6,,2,1,1,ASIA,0,1,12
POL,2,3,7,,2,1,1,ASIA,0,1,13
POL,2,3,8,,2,1,1,ASIA,0,1,7
POL,2,3,9,,1,1,1,ASIA,0,1,38
POL,2,3,99,,99,99,1,ASIA,0,1,59
POL,2,99,99,,99,99,1,ASIA,0,1,25
POL,1,2,3,,3,99,1,ASIA,1,1,25
POL,1,2,5,,2,99,1,ASIA,1,1,29
POL,1,3,1,,3,0,1,ASIA,1,1,179
POL,1,3,2,,3,0,1,ASIA,1,1,191
POL,1,3,3,,3,0,1,ASIA,1,1,22
POL,1,3,7,,2,1,1,ASIA,1,1,11
POL,1,3,99,,99,99,1,ASIA,1,1,28
POL,2,1,5,,2,99,1,ASIA,1,1,27
POL,2,2,7,,2,99,1,ASIA,1,1,8
POL,2,3,1,,3,0,1,ASIA,1,1,44
POL,2,3,2,,3,0,1,ASIA,1,1,79
POL,2,3,3,,3,0,1,ASIA,1,1,6
POL,1,1,1,,3,99,1,EURO,0,1,15
POL,1,1,3,,3,99,1,EURO,0,1,22
POL,1,1,4,,2,99,1,EURO,0,1,33
POL,1,1,5,,2,99,1,EURO,0,1,287
POL,1,1,6,,2,99,1,EURO,0,1,682
POL,1,1,7,,2,99,1,EURO,0,1,198
POL,1,1,8,,2,99,1,EURO,0,1,241
POL,1,1,9,,1,99,1,EURO,0,1,155
POL,1,1,99,,99,99,1,EURO,0,1,14
POL,1,2,0,,99,99,1,EURO,0,1,40
POL,1,2,1,,3,99,1,EURO,0,1,769
POL,1,2,2,,3,99,1,EURO,0,1,351
POL,1,2,3,,3,99,1,EURO,0,1,1826
POL,1,2,4,,2,99,1,EURO,0,1,389
POL,1,2,5,,2,99,1,EURO,0,1,1720
POL,1,2,6,,2,99,1,EURO,0,1,1123
POL,1,2,7,,2,99,1,EURO,0,1,2277
POL,1,2,8,,2,99,1,EURO,0,1,1452
POL,1,2,9,,1,99,1,EURO,0,1,554
POL,1,2,99,,99,99,1,EURO,0,1,179
POL,1,3,0,,99,99,1,EURO,0,1,16
POL,1,3,1,,3,0,1,EURO,0,1,1888
POL,1,3,2,,3,0,1,EURO,0,1,6832
POL,1,3,3,,3,0,1,EURO,0,1,1495
POL,1,3,4,,2,1,1,EURO,0,1,188
POL,1,3,5,,2,1,1,EURO,0,1,724
POL,1,3,6,,2,1,1,EURO,0,1,238
POL,1,3,7,,2,1,1,EURO,0,1,281
POL,1,3,8,,2,1,1,EURO,0,1,223
POL,1,3,9,,1,1,1,EURO,0,1,118
POL,1,3,99,,99,99,1,EURO,0,1,238
POL,1,99,99,,99,99,1,EURO,0,1,34
POL,2,1,1,,3,99,1,EURO,0,1,6
POL,2,1,2,,3,99,1,EURO,0,1,9
POL,2,1,3,,3,99,1,EURO,0,1,19
POL,2,1,4,,2,99,1,EURO,0,1,6
POL,2,1,5,,2,99,1,EURO,0,1,255
POL,2,1,6,,2,99,1,EURO,0,1,962
POL,2,1,7,,2,99,1,EURO,0,1,48
POL,2,1,8,,2,99,1,EURO,0,1,10
POL,2,1,9,,1,99,1,EURO,0,1,188
POL,2,1,99,,99,99,1,EURO,0,1,44
POL,2,2,1,,3,99,1,EURO,0,1,614
POL,2,2,2,,3,99,1,EURO,0,1,828
POL,2,2,3,,3,99,1,EURO,0,1,1855
POL,2,2,4,,2,99,1,EURO,0,1,721
POL,2,2,5,,2,99,1,EURO,0,1,2911
POL,2,2,6,,2,99,1,EURO,0,1,1715
POL,2,2,7,,2,99,1,EURO,0,1,615
POL,2,2,8,,2,99,1,EURO,0,1,251
POL,2,2,9,,1,99,1,EURO,0,1,1285
POL,2,2,99,,99,99,1,EURO,0,1,188
POL,2,3,1,,3,0,1,EURO,0,1,1209
POL,2,3,2,,3,0,1,EURO,0,1,7640
POL,2,3,3,,3,0,1,EURO,0,1,1371
POL,2,3,4,,2,1,1,EURO,0,1,522
POL,2,3,5,,2,1,1,EURO,0,1,800
POL,2,3,6,,2,1,1,EURO,0,1,296
POL,2,3,7,,2,1,1,EURO,0,1,106
POL,2,3,8,,2,1,1,EURO,0,1,18
POL,2,3,9,,1,1,1,EURO,0,1,92
POL,2,3,99,,99,99,1,EURO,0,1,242
POL,2,99,99,,99,99,1,EURO,0,1,42
POL,1,1,0,,99,99,1,EURO,1,0,721
POL,1,1,1,,3,99,1,EURO,1,0,4654
POL,1,1,2,,3,99,1,EURO,1,0,785
POL,1,1,3,,3,99,1,EURO,1,0,8062
POL,1,1,4,,2,99,1,EURO,1,0,19756
POL,1,1,5,,2,99,1,EURO,1,0,46609
POL,1,1,6,,2,99,1,EURO,1,0,247752
POL,1,1,7,,2,99,1,EURO,1,0,215286
POL,1,1,8,,2,99,1,EURO,1,0,106766
POL,1,1,9,,1,99,1,EURO,1,0,73417
POL,1,1,99,,99,99,1,EURO,1,0,8216
POL,1,2,0,,99,99,1,EURO,1,0,51398
POL,1,2,1,,3,99,1,EURO,1,0,230196
POL,1,2,2,,3,99,1,EURO,1,0,96795
POL,1,2,3,,3,99,1,EURO,1,0,715913
POL,1,2,4,,2,99,1,EURO,1,0,277763
POL,1,2,5,,2,99,1,EURO,1,0,542144
POL,1,2,6,,2,99,1,EURO,1,0,641080
POL,1,2,7,,2,99,1,EURO,1,0,1723230
POL,1,2,8,,2,99,1,EURO,1,0,934105
POL,1,2,9,,1,99,1,EURO,1,0,233225
POL,1,2,99,,99,99,1,EURO,1,0,64782
POL,1,3,0,,99,99,1,EURO,1,0,20200
POL,1,3,1,,3,0,1,EURO,1,0,300428
POL,1,3,2,,3,0,1,EURO,1,0,761482
POL,1,3,3,,3,0,1,EURO,1,0,303847
POL,1,3,4,,2,1,1,EURO,1,0,62703
POL,1,3,5,,2,1,1,EURO,1,0,110003
POL,1,3,6,,2,1,1,EURO,1,0,36567
POL,1,3,7,,2,1,1,EURO,1,0,71575
POL,1,3,8,,2,1,1,EURO,1,0,39807
POL,1,3,9,,1,1,1,EURO,1,0,13481
POL,1,3,99,,99,99,1,EURO,1,0,27627
POL,1,99,99,,99,99,1,EURO,1,0,13267
POL,2,1,1,,3,99,1,EURO,1,0,2169
POL,2,1,2,,3,99,1,EURO,1,0,404
POL,2,1,3,,3,99,1,EURO,1,0,9143
POL,2,1,4,,2,99,1,EURO,1,0,8501
POL,2,1,5,,2,99,1,EURO,1,0,75014
POL,2,1,6,,2,99,1,EURO,1,0,175317
POL,2,1,7,,2,99,1,EURO,1,0,33702
POL,2,1,8,,2,99,1,EURO,1,0,14486
POL,2,1,9,,1,99,1,EURO,1,0,100333
POL,2,1,99,,99,99,1,EURO,1,0,11190
POL,2,2,0,,99,99,1,EURO,1,0,519
POL,2,2,1,,3,99,1,EURO,1,0,156398
POL,2,2,2,,3,99,1,EURO,1,0,216727
POL,2,2,3,,3,99,1,EURO,1,0,551581
POL,2,2,4,,2,99,1,EURO,1,0,357755
POL,2,2,5,,2,99,1,EURO,1,0,1077079
POL,2,2,6,,2,99,1,EURO,1,0,514430
POL,2,2,7,,2,99,1,EURO,1,0,292279
POL,2,2,8,,2,99,1,EURO,1,0,119250
POL,2,2,9,,1,99,1,EURO,1,0,446054
POL,2,2,99,,99,99,1,EURO,1,0,63776
POL,2,3,0,,99,99,1,EURO,1,0,1022
POL,2,3,1,,3,0,1,EURO,1,0,249639
POL,2,3,2,,3,0,1,EURO,1,0,1314401
POL,2,3,3,,3,0,1,EURO,1,0,382764
POL,2,3,4,,2,1,1,EURO,1,0,197040
POL,2,3,5,,2,1,1,EURO,1,0,141511
POL,2,3,6,,2,1,1,EURO,1,0,37620
POL,2,3,7,,2,1,1,EURO,1,0,9810
POL,2,3,8,,2,1,1,EURO,1,0,5560
POL,2,3,9,,1,1,1,EURO,1,0,10581
POL,2,3,99,,99,99,1,EURO,1,0,29147
POL,2,99,99,,99,99,1,EURO,1,0,10092
POL,1,1,1,,3,99,1,EURO,1,1,28
POL,1,1,2,,3,99,1,EURO,1,1,8
POL,1,1,3,,3,99,1,EURO,1,1,24
POL,1,1,4,,2,99,1,EURO,1,1,23
POL,1,1,5,,2,99,1,EURO,1,1,124
POL,1,1,6,,2,99,1,EURO,1,1,342
POL,1,1,7,,2,99,1,EURO,1,1,150
POL,1,1,8,,2,99,1,EURO,1,1,156
POL,1,1,9,,1,99,1,EURO,1,1,63
POL,1,1,99,,99,99,1,EURO,1,1,7
POL,1,2,0,,99,99,1,EURO,1,1,22
POL,1,2,1,,3,99,1,EURO,1,1,998
POL,1,2,2,,3,99,1,EURO,1,1,735
POL,1,2,3,,3,99,1,EURO,1,1,1452
POL,1,2,4,,2,99,1,EURO,1,1,289
POL,1,2,5,,2,99,1,EURO,1,1,1560
POL,1,2,6,,2,99,1,EURO,1,1,704
POL,1,2,7,,2,99,1,EURO,1,1,1101
POL,1,2,8,,2,99,1,EURO,1,1,813
POL,1,2,9,,1,99,1,EURO,1,1,286
POL,1,2,99,,99,99,1,EURO,1,1,120
POL,1,3,1,,3,0,1,EURO,1,1,2260
POL,1,3,2,,3,0,1,EURO,1,1,4125
POL,1,3,3,,3,0,1,EURO,1,1,925
POL,1,3,4,,2,1,1,EURO,1,1,89
POL,1,3,5,,2,1,1,EURO,1,1,314
POL,1,3,6,,2,1,1,EURO,1,1,131
POL,1,3,7,,2,1,1,EURO,1,1,120
POL,1,3,8,,2,1,1,EURO,1,1,49
POL,1,3,9,,1,1,1,EURO,1,1,16
POL,1,3,99,,99,99,1,EURO,1,1,197
POL,1,99,99,,99,99,1,EURO,1,1,49
POL,2,1,1,,3,99,1,EURO,1,1,5
POL,2,1,3,,3,99,1,EURO,1,1,9
POL,2,1,4,,2,99,1,EURO,1,1,22
POL,2,1,5,,2,99,1,EURO,1,1,167
POL,2,1,6,,2,99,1,EURO,1,1,373
POL,2,1,7,,2,99,1,EURO,1,1,19
POL,2,1,8,,2,99,1,EURO,1,1,7
POL,2,1,9,,1,99,1,EURO,1,1,67
POL,2,1,99,,99,99,1,EURO,1,1,11
POL,2,2,1,,3,99,1,EURO,1,1,171
POL,2,2,2,,3,99,1,EURO,1,1,251
POL,2,2,3,,3,99,1,EURO,1,1,629
POL,2,2,4,,2,99,1,EURO,1,1,275
POL,2,2,5,,2,99,1,EURO,1,1,937
POL,2,2,6,,2,99,1,EURO,1,1,231
POL,2,2,7,,2,99,1,EURO,1,1,101
POL,2,2,8,,2,99,1,EURO,1,1,57
POL,2,2,9,,1,99,1,EURO,1,1,208
POL,2,2,99,,99,99,1,EURO,1,1,103
POL,2,3,1,,3,0,1,EURO,1,1,253
POL,2,3,2,,3,0,1,EURO,1,1,2620
POL,2,3,3,,3,0,1,EURO,1,1,349
POL,2,3,4,,2,1,1,EURO,1,1,161
POL,2,3,5,,2,1,1,EURO,1,1,165
POL,2,3,6,,2,1,1,EURO,1,1,63
POL,2,3,7,,2,1,1,EURO,1,1,7
POL,2,3,8,,2,1,1,EURO,1,1,3
POL,2,3,9,,1,1,1,EURO,1,1,4
POL,2,3,99,,99,99,1,EURO,1,1,61
POL,2,99,99,,99,99,1,EURO,1,1,35
POL,1,1,3,,3,99,1,NOAM,1,1,15
POL,1,1,5,,2,99,1,NOAM,1,1,9
POL,1,1,6,,2,99,1,NOAM,1,1,10
POL,1,1,7,,2,99,1,NOAM,1,1,13
POL,1,1,8,,2,99,1,NOAM,1,1,4
POL,1,2,1,,3,99,1,NOAM,1,1,26
POL,1,2,2,,3,99,1,NOAM,1,1,158
POL,1,2,3,,3,99,1,NOAM,1,1,127
POL,1,2,4,,2,99,1,NOAM,1,1,70
POL,1,2,5,,2,99,1,NOAM,1,1,234
POL,1,2,6,,2,99,1,NOAM,1,1,39
POL,1,2,7,,2,99,1,NOAM,1,1,40
POL,1,2,8,,2,99,1,NOAM,1,1,51
POL,1,2,9,,1,99,1,NOAM,1,1,11
POL,1,2,99,,99,99,1,NOAM,1,1,13
POL,1,3,1,,3,0,1,NOAM,1,1,216
POL,1,3,2,,3,0,1,NOAM,1,1,916
POL,1,3,3,,3,0,1,NOAM,1,1,79
POL,1,3,4,,2,1,1,NOAM,1,1,39
POL,1,3,5,,2,1,1,NOAM,1,1,17
POL,1,3,6,,2,1,1,NOAM,1,1,9
POL,1,3,8,,2,1,1,NOAM,1,1,10
POL,2,1,4,,2,99,1,NOAM,1,1,9
POL,2,1,5,,2,99,1,NOAM,1,1,20
POL,2,2,2,,3,99,1,NOAM,1,1,9
POL,2,2,3,,3,99,1,NOAM,1,1,61
POL,2,2,4,,2,99,1,NOAM,1,1,36
POL,2,2,5,,2,99,1,NOAM,1,1,59
POL,2,2,6,,2,99,1,NOAM,1,1,17
POL,2,2,9,,1,99,1,NOAM,1,1,17
POL,2,3,1,,3,0,1,NOAM,1,1,53
POL,2,3,2,,3,0,1,NOAM,1,1,586
POL,2,3,3,,3,0,1,NOAM,1,1,20
POL,2,3,4,,2,1,1,NOAM,1,1,9
POL,2,3,5,,2,1,1,NOAM,1,1,40
POL,2,3,6,,2,1,1,NOAM,1,1,9
POL,1,2,2,,3,99,1,OCEA,1,1,19
POL,1,2,3,,3,99,1,OCEA,1,1,9
POL,1,2,5,,2,99,1,OCEA,1,1,23
POL,1,2,7,,2,99,1,OCEA,1,1,21
POL,1,2,8,,2,99,1,OCEA,1,1,47
POL,1,2,99,,99,99,1,OCEA,1,1,9
POL,1,3,1,,3,0,1,OCEA,1,1,128
POL,1,3,2,,3,0,1,OCEA,1,1,179
POL,1,3,3,,3,0,1,OCEA,1,1,79
POL,2,2,2,,3,99,1,OCEA,1,1,8
POL,2,2,4,,2,99,1,OCEA,1,1,33
POL,2,3,2,,3,0,1,OCEA,1,1,84
POL,2,3,3,,3,0,1,OCEA,1,1,32
POL,2,3,5,,2,1,1,OCEA,1,1,7
POL,1,2,1,,3,99,1,SCAC,0,1,29
POL,1,2,2,,3,99,1,SCAC,0,1,120
POL,1,2,3,,3,99,1,SCAC,0,1,12
POL,1,2,4,,2,99,1,SCAC,0,1,37
POL,1,2,5,,2,99,1,SCAC,0,1,73
POL,1,2,7,,2,99,1,SCAC,0,1,60
POL,1,3,1,,3,0,1,SCAC,0,1,111
POL,1,3,2,,3,0,1,SCAC,0,1,564
POL,1,3,3,,3,0,1,SCAC,0,1,71
POL,1,3,4,,2,1,1,SCAC,0,1,9
POL,1,3,5,,2,1,1,SCAC,0,1,16
POL,1,3,8,,2,1,1,SCAC,0,1,7
POL,1,3,9,,1,1,1,SCAC,0,1,12
POL,1,3,99,,99,99,1,SCAC,0,1,24
POL,2,2,2,,3,99,1,SCAC,0,1,29
POL,2,2,3,,3,99,1,SCAC,0,1,5
POL,2,2,5,,2,99,1,SCAC,0,1,39
POL,2,2,7,,2,99,1,SCAC,0,1,26
POL,2,2,9,,1,99,1,SCAC,0,1,12
POL,2,3,1,,3,0,1,SCAC,0,1,14
POL,2,3,2,,3,0,1,SCAC,0,1,146
POL,2,3,3,,3,0,1,SCAC,0,1,50
POL,2,3,4,,2,1,1,SCAC,0,1,29
POL,1,2,3,,3,99,1,SCAC,1,1,26
POL,1,2,5,,2,99,1,SCAC,1,1,14
POL,1,3,1,,3,0,1,SCAC,1,1,11
POL,1,3,2,,3,0,1,SCAC,1,1,92
POL,1,3,3,,3,0,1,SCAC,1,1,61
POL,1,3,5,,2,1,1,SCAC,1,1,18
POL,2,3,2,,3,0,1,SCAC,1,1,64
POL,2,3,3,,3,0,1,SCAC,1,1,13
POL,2,1,5,,2,99,1,UNK,0,1,3
POL,1,2,99,,99,99,1,UNK,0,99,14
POL,1,3,1,,3,0,1,UNK,0,99,7
POL,1,3,6,,2,1,1,UNK,0,99,3
POL,1,3,99,,99,99,1,UNK,0,99,3
POL,1,99,99,,99,99,1,UNK,0,99,14
POL,2,99,99,,99,99,1,UNK,0,99,3
PRT,1,1,1,,3,99,1,AFRI,0,1,2622
PRT,1,1,2,,3,99,1,AFRI,0,1,568
PRT,1,1,3,,3,99,1,AFRI,0,1,2293
PRT,1,1,4,,2,99,1,AFRI,0,1,485
PRT,1,1,5,,2,99,1,AFRI,0,1,4364
PRT,1,1,6,,2,99,1,AFRI,0,1,1671
PRT,1,1,7,,2,99,1,AFRI,0,1,10243
PRT,1,1,8,,2,99,1,AFRI,0,1,3699
PRT,1,1,9,,1,99,1,AFRI,0,1,3661
PRT,1,2,0,,99,99,1,AFRI,0,1,19
PRT,1,2,1,,3,99,1,AFRI,0,1,4039
PRT,1,2,2,,3,99,1,AFRI,0,1,2118
PRT,1,2,3,,3,99,1,AFRI,0,1,8062
PRT,1,2,4,,2,99,1,AFRI,0,1,2905
PRT,1,2,5,,2,99,1,AFRI,0,1,4825
PRT,1,2,6,,2,99,1,AFRI,0,1,131
PRT,1,2,7,,2,99,1,AFRI,0,1,3812
PRT,1,2,8,,2,99,1,AFRI,0,1,3071
PRT,1,2,9,,1,99,1,AFRI,0,1,1063
PRT,1,3,0,,99,99,1,AFRI,0,1,541
PRT,1,3,1,,3,0,1,AFRI,0,1,2503
PRT,1,3,2,,3,0,1,AFRI,0,1,13307
PRT,1,3,3,,3,0,1,AFRI,0,1,948
PRT,1,3,4,,2,1,1,AFRI,0,1,430
PRT,1,3,5,,2,1,1,AFRI,0,1,208
PRT,1,3,6,,2,1,1,AFRI,0,1,81
PRT,1,3,7,,2,1,1,AFRI,0,1,394
PRT,2,1,1,,3,99,1,AFRI,0,1,1715
PRT,2,1,2,,3,99,1,AFRI,0,1,227
PRT,2,1,3,,3,99,1,AFRI,0,1,1129
PRT,2,1,4,,2,99,1,AFRI,0,1,1739
PRT,2,1,5,,2,99,1,AFRI,0,1,7868
PRT,2,1,6,,2,99,1,AFRI,0,1,533
PRT,2,1,7,,2,99,1,AFRI,0,1,1100
PRT,2,1,8,,2,99,1,AFRI,0,1,1046
PRT,2,1,9,,1,99,1,AFRI,0,1,16410
PRT,2,2,1,,3,99,1,AFRI,0,1,1620
PRT,2,2,2,,3,99,1,AFRI,0,1,1676
PRT,2,2,3,,3,99,1,AFRI,0,1,5398
PRT,2,2,4,,2,99,1,AFRI,0,1,5213
PRT,2,2,5,,2,99,1,AFRI,0,1,8952
PRT,2,2,6,,2,99,1,AFRI,0,1,143
PRT,2,2,7,,2,99,1,AFRI,0,1,288
PRT,2,2,8,,2,99,1,AFRI,0,1,135
PRT,2,2,9,,1,99,1,AFRI,0,1,4486
PRT,2,3,1,,3,0,1,AFRI,0,1,1616
PRT,2,3,2,,3,0,1,AFRI,0,1,27756
PRT,2,3,3,,3,0,1,AFRI,0,1,3618
PRT,2,3,4,,2,1,1,AFRI,0,1,1042
PRT,2,3,5,,2,1,1,AFRI,0,1,894
PRT,2,3,7,,2,1,1,AFRI,0,1,121
PRT,2,3,8,,2,1,1,AFRI,0,1,119
PRT,2,3,9,,1,1,1,AFRI,0,1,127
PRT,1,1,0,,99,99,1,ASIA,0,1,120
PRT,1,1,1,,3,99,1,ASIA,0,1,540
PRT,1,1,2,,3,99,1,ASIA,0,1,140
PRT,1,1,3,,3,99,1,ASIA,0,1,113
PRT,1,1,4,,2,99,1,ASIA,0,1,158
PRT,1,1,5,,2,99,1,ASIA,0,1,1252
PRT,1,1,7,,2,99,1,ASIA,0,1,19
PRT,1,1,8,,2,99,1,ASIA,0,1,72
PRT,1,1,9,,1,99,1,ASIA,0,1,123
PRT,1,2,3,,3,99,1,ASIA,0,1,350
PRT,1,2,4,,2,99,1,ASIA,0,1,111
PRT,1,2,5,,2,99,1,ASIA,0,1,1550
PRT,1,2,7,,2,99,1,ASIA,0,1,102
PRT,1,2,8,,2,99,1,ASIA,0,1,96
PRT,1,2,9,,1,99,1,ASIA,0,1,264
PRT,1,3,1,,3,0,1,ASIA,0,1,95
PRT,1,3,2,,3,0,1,ASIA,0,1,1352
PRT,1,3,3,,3,0,1,ASIA,0,1,1020
PRT,1,3,4,,2,1,1,ASIA,0,1,139
PRT,1,3,5,,2,1,1,ASIA,0,1,159
PRT,2,1,1,,3,99,1,ASIA,0,1,503
PRT,2,1,3,,3,99,1,ASIA,0,1,63
PRT,2,1,4,,2,99,1,ASIA,0,1,35
PRT,2,1,5,,2,99,1,ASIA,0,1,1690
PRT,2,1,9,,1,99,1,ASIA,0,1,49
PRT,2,2,1,,3,99,1,ASIA,0,1,341
PRT,2,2,5,,2,99,1,ASIA,0,1,1393
PRT,2,2,6,,2,99,1,ASIA,0,1,312
PRT,2,2,9,,1,99,1,ASIA,0,1,553
PRT,2,3,2,,3,0,1,ASIA,0,1,653
PRT,2,3,4,,2,1,1,ASIA,0,1,24
PRT,2,3,5,,2,1,1,ASIA,0,1,96
PRT,2,3,9,,1,1,1,ASIA,0,1,159
PRT,2,3,2,,3,0,1,ASIA,1,1,32
PRT,1,1,1,,3,99,1,EURO,0,1,83
PRT,1,1,3,,3,99,1,EURO,0,1,182
PRT,1,1,5,,2,99,1,EURO,0,1,327
PRT,1,1,6,,2,99,1,EURO,0,1,1082
PRT,1,1,7,,2,99,1,EURO,0,1,2026
PRT,1,1,8,,2,99,1,EURO,0,1,817
PRT,1,1,9,,1,99,1,EURO,0,1,1862
PRT,1,2,1,,3,99,1,EURO,0,1,191
PRT,1,2,2,,3,99,1,EURO,0,1,912
PRT,1,2,3,,3,99,1,EURO,0,1,566
PRT,1,2,4,,2,99,1,EURO,0,1,267
PRT,1,2,5,,2,99,1,EURO,0,1,1483
PRT,1,2,6,,2,99,1,EURO,0,1,1003
PRT,1,2,7,,2,99,1,EURO,0,1,6026
PRT,1,2,8,,2,99,1,EURO,0,1,3887
PRT,1,2,9,,1,99,1,EURO,0,1,1256
PRT,1,3,1,,3,0,1,EURO,0,1,179
PRT,1,3,2,,3,0,1,EURO,0,1,257
PRT,1,3,3,,3,0,1,EURO,0,1,598
PRT,1,3,5,,2,1,1,EURO,0,1,679
PRT,1,3,6,,2,1,1,EURO,0,1,209
PRT,1,3,7,,2,1,1,EURO,0,1,1348
PRT,1,3,8,,2,1,1,EURO,0,1,1482
PRT,1,3,9,,1,1,1,EURO,0,1,323
PRT,2,1,1,,3,99,1,EURO,0,1,33
PRT,2,1,5,,2,99,1,EURO,0,1,542
PRT,2,1,6,,2,99,1,EURO,0,1,330
PRT,2,1,7,,2,99,1,EURO,0,1,138
PRT,2,1,8,,2,99,1,EURO,0,1,276
PRT,2,1,9,,1,99,1,EURO,0,1,1307
PRT,2,2,1,,3,99,1,EURO,0,1,20
PRT,2,2,2,,3,99,1,EURO,0,1,262
PRT,2,2,3,,3,99,1,EURO,0,1,122
PRT,2,2,4,,2,99,1,EURO,0,1,227
PRT,2,2,5,,2,99,1,EURO,0,1,1962
PRT,2,2,6,,2,99,1,EURO,0,1,95
PRT,2,2,7,,2,99,1,EURO,0,1,513
PRT,2,2,8,,2,99,1,EURO,0,1,614
PRT,2,2,9,,1,99,1,EURO,0,1,3102
PRT,2,3,1,,3,0,1,EURO,0,1,386
PRT,2,3,2,,3,0,1,EURO,0,1,1555
PRT,2,3,3,,3,0,1,EURO,0,1,1301
PRT,2,3,4,,2,1,1,EURO,0,1,346
PRT,2,3,5,,2,1,1,EURO,0,1,1602
PRT,2,3,6,,2,1,1,EURO,0,1,167
PRT,2,3,7,,2,1,1,EURO,0,1,246
PRT,2,3,8,,2,1,1,EURO,0,1,586
PRT,2,3,9,,1,1,1,EURO,0,1,2342
PRT,1,1,0,,99,99,1,EURO,1,0,3203
PRT,1,1,1,,3,99,1,EURO,1,0,71895
PRT,1,1,2,,3,99,1,EURO,1,0,10008
PRT,1,1,3,,3,99,1,EURO,1,0,79378
PRT,1,1,4,,2,99,1,EURO,1,0,44605
PRT,1,1,5,,2,99,1,EURO,1,0,147212
PRT,1,1,6,,2,99,1,EURO,1,0,176923
PRT,1,1,7,,2,99,1,EURO,1,0,378364
PRT,1,1,8,,2,99,1,EURO,1,0,193409
PRT,1,1,9,,1,99,1,EURO,1,0,104820
PRT,1,2,0,,99,99,1,EURO,1,0,11569
PRT,1,2,1,,3,99,1,EURO,1,0,44733
PRT,1,2,2,,3,99,1,EURO,1,0,32671
PRT,1,2,3,,3,99,1,EURO,1,0,134807
PRT,1,2,4,,2,99,1,EURO,1,0,47150
PRT,1,2,5,,2,99,1,EURO,1,0,94233
PRT,1,2,6,,2,99,1,EURO,1,0,11532
PRT,1,2,7,,2,99,1,EURO,1,0,74239
PRT,1,2,8,,2,99,1,EURO,1,0,47857
PRT,1,2,9,,1,99,1,EURO,1,0,27397
PRT,1,3,0,,99,99,1,EURO,1,0,2774
PRT,1,3,1,,3,0,1,EURO,1,0,57254
PRT,1,3,2,,3,0,1,EURO,1,0,259693
PRT,1,3,3,,3,0,1,EURO,1,0,58848
PRT,1,3,4,,2,1,1,EURO,1,0,17416
PRT,1,3,5,,2,1,1,EURO,1,0,15944
PRT,1,3,6,,2,1,1,EURO,1,0,3356
PRT,1,3,7,,2,1,1,EURO,1,0,4342
PRT,1,3,8,,2,1,1,EURO,1,0,1664
PRT,1,3,9,,1,1,1,EURO,1,0,1676
PRT,2,1,1,,3,99,1,EURO,1,0,29460
PRT,2,1,2,,3,99,1,EURO,1,0,2957
PRT,2,1,3,,3,99,1,EURO,1,0,37057
PRT,2,1,4,,2,99,1,EURO,1,0,47742
PRT,2,1,5,,2,99,1,EURO,1,0,271881
PRT,2,1,6,,2,99,1,EURO,1,0,85994
PRT,2,1,7,,2,99,1,EURO,1,0,59774
PRT,2,1,8,,2,99,1,EURO,1,0,105226
PRT,2,1,9,,1,99,1,EURO,1,0,248523
PRT,2,2,0,,99,99,1,EURO,1,0,1906
PRT,2,2,1,,3,99,1,EURO,1,0,20324
PRT,2,2,2,,3,99,1,EURO,1,0,14607
PRT,2,2,3,,3,99,1,EURO,1,0,102824
PRT,2,2,4,,2,99,1,EURO,1,0,111282
PRT,2,2,5,,2,99,1,EURO,1,0,158074
PRT,2,2,6,,2,99,1,EURO,1,0,2648
PRT,2,2,7,,2,99,1,EURO,1,0,16732
PRT,2,2,8,,2,99,1,EURO,1,0,19714
PRT,2,2,9,,1,99,1,EURO,1,0,44822
PRT,2,3,0,,99,99,1,EURO,1,0,224
PRT,2,3,1,,3,0,1,EURO,1,0,45628
PRT,2,3,2,,3,0,1,EURO,1,0,414820
PRT,2,3,3,,3,0,1,EURO,1,0,80213
PRT,2,3,4,,2,1,1,EURO,1,0,44129
PRT,2,3,5,,2,1,1,EURO,1,0,37435
PRT,2,3,6,,2,1,1,EURO,1,0,1790
PRT,2,3,7,,2,1,1,EURO,1,0,1683
PRT,2,3,8,,2,1,1,EURO,1,0,1806
PRT,2,3,9,,1,1,1,EURO,1,0,5277
PRT,1,1,1,,3,99,1,EURO,1,1,825
PRT,1,1,2,,3,99,1,EURO,1,1,63
PRT,1,1,3,,3,99,1,EURO,1,1,994
PRT,1,1,4,,2,99,1,EURO,1,1,1552
PRT,1,1,5,,2,99,1,EURO,1,1,2738
PRT,1,1,6,,2,99,1,EURO,1,1,849
PRT,1,1,7,,2,99,1,EURO,1,1,6352
PRT,1,1,8,,2,99,1,EURO,1,1,2975
PRT,1,1,9,,1,99,1,EURO,1,1,1140
PRT,1,2,0,,99,99,1,EURO,1,1,35
PRT,1,2,1,,3,99,1,EURO,1,1,1435
PRT,1,2,2,,3,99,1,EURO,1,1,520
PRT,1,2,3,,3,99,1,EURO,1,1,3283
PRT,1,2,4,,2,99,1,EURO,1,1,1909
PRT,1,2,5,,2,99,1,EURO,1,1,5207
PRT,1,2,6,,2,99,1,EURO,1,1,205
PRT,1,2,7,,2,99,1,EURO,1,1,2267
PRT,1,2,8,,2,99,1,EURO,1,1,1078
PRT,1,2,9,,1,99,1,EURO,1,1,962
PRT,1,3,0,,99,99,1,EURO,1,1,72
PRT,1,3,1,,3,0,1,EURO,1,1,3336
PRT,1,3,2,,3,0,1,EURO,1,1,9402
PRT,1,3,3,,3,0,1,EURO,1,1,2552
PRT,1,3,4,,2,1,1,EURO,1,1,436
PRT,1,3,5,,2,1,1,EURO,1,1,423
PRT,1,3,6,,2,1,1,EURO,1,1,38
PRT,1,3,7,,2,1,1,EURO,1,1,349
PRT,1,3,8,,2,1,1,EURO,1,1,491
PRT,1,3,9,,1,1,1,EURO,1,1,523
PRT,2,1,1,,3,99,1,EURO,1,1,291
PRT,2,1,2,,3,99,1,EURO,1,1,17
PRT,2,1,3,,3,99,1,EURO,1,1,1100
PRT,2,1,4,,2,99,1,EURO,1,1,1014
PRT,2,1,5,,2,99,1,EURO,1,1,3920
PRT,2,1,6,,2,99,1,EURO,1,1,362
PRT,2,1,7,,2,99,1,EURO,1,1,1611
PRT,2,1,8,,2,99,1,EURO,1,1,1232
PRT,2,1,9,,1,99,1,EURO,1,1,2121
PRT,2,2,1,,3,99,1,EURO,1,1,1731
PRT,2,2,2,,3,99,1,EURO,1,1,809
PRT,2,2,3,,3,99,1,EURO,1,1,4412
PRT,2,2,4,,2,99,1,EURO,1,1,7757
PRT,2,2,5,,2,99,1,EURO,1,1,6959
PRT,2,2,6,,2,99,1,EURO,1,1,120
PRT,2,2,7,,2,99,1,EURO,1,1,550
PRT,2,2,8,,2,99,1,EURO,1,1,1125
PRT,2,2,9,,1,99,1,EURO,1,1,1544
PRT,2,3,1,,3,0,1,EURO,1,1,2023
PRT,2,3,2,,3,0,1,EURO,1,1,13078
PRT,2,3,3,,3,0,1,EURO,1,1,4652
PRT,2,3,4,,2,1,1,EURO,1,1,3541
PRT,2,3,5,,2,1,1,EURO,1,1,1790
PRT,2,3,6,,2,1,1,EURO,1,1,213
PRT,2,3,8,,2,1,1,EURO,1,1,157
PRT,2,3,9,,1,1,1,EURO,1,1,115
PRT,1,1,3,,3,99,1,NOAM,1,1,15
PRT,1,1,5,,2,99,1,NOAM,1,1,29
PRT,1,1,6,,2,99,1,NOAM,1,1,100
PRT,1,1,7,,2,99,1,NOAM,1,1,266
PRT,1,1,8,,2,99,1,NOAM,1,1,112
PRT,1,1,9,,1,99,1,NOAM,1,1,166
PRT,1,2,0,,99,99,1,NOAM,1,1,221
PRT,1,2,1,,3,99,1,NOAM,1,1,47
PRT,1,2,3,,3,99,1,NOAM,1,1,173
PRT,1,2,5,,2,99,1,NOAM,1,1,223
PRT,1,2,6,,2,99,1,NOAM,1,1,36
PRT,1,2,7,,2,99,1,NOAM,1,1,583
PRT,1,2,8,,2,99,1,NOAM,1,1,583
PRT,1,2,9,,1,99,1,NOAM,1,1,240
PRT,1,3,2,,3,0,1,NOAM,1,1,559
PRT,1,3,3,,3,0,1,NOAM,1,1,358
PRT,1,3,5,,2,1,1,NOAM,1,1,114
PRT,2,1,1,,3,99,1,NOAM,1,1,204
PRT,2,1,3,,3,99,1,NOAM,1,1,21
PRT,2,1,4,,2,99,1,NOAM,1,1,149
PRT,2,1,5,,2,99,1,NOAM,1,1,416
PRT,2,1,7,,2,99,1,NOAM,1,1,58
PRT,2,1,9,,1,99,1,NOAM,1,1,53
PRT,2,2,1,,3,99,1,NOAM,1,1,32
PRT,2,2,2,,3,99,1,NOAM,1,1,18
PRT,2,2,3,,3,99,1,NOAM,1,1,159
PRT,2,2,4,,2,99,1,NOAM,1,1,555
PRT,2,2,5,,2,99,1,NOAM,1,1,509
PRT,2,2,6,,2,99,1,NOAM,1,1,57
PRT,2,2,7,,2,99,1,NOAM,1,1,147
PRT,2,2,9,,1,99,1,NOAM,1,1,162
PRT,2,3,1,,3,0,1,NOAM,1,1,357
PRT,2,3,2,,3,0,1,NOAM,1,1,2573
PRT,2,3,3,,3,0,1,NOAM,1,1,541
PRT,2,3,4,,2,1,1,NOAM,1,1,229
PRT,1,1,4,,2,99,1,OCEA,1,1,98
PRT,1,1,6,,2,99,1,OCEA,1,1,116
PRT,2,1,4,,2,99,1,OCEA,1,1,41
PRT,2,2,3,,3,99,1,OCEA,1,1,67
PRT,2,2,4,,2,99,1,OCEA,1,1,60
PRT,2,2,9,,1,99,1,OCEA,1,1,107
PRT,1,1,1,,3,99,1,SCAC,0,1,507
PRT,1,1,2,,3,99,1,SCAC,0,1,272
PRT,1,1,3,,3,99,1,SCAC,0,1,210
PRT,1,1,4,,2,99,1,SCAC,0,1,195
PRT,1,1,5,,2,99,1,SCAC,0,1,1532
PRT,1,1,6,,2,99,1,SCAC,0,1,1148
PRT,1,1,7,,2,99,1,SCAC,0,1,4304
PRT,1,1,8,,2,99,1,SCAC,0,1,1595
PRT,1,1,9,,1,99,1,SCAC,0,1,1547
PRT,1,2,1,,3,99,1,SCAC,0,1,1591
PRT,1,2,2,,3,99,1,SCAC,0,1,1527
PRT,1,2,3,,3,99,1,SCAC,0,1,2537
PRT,1,2,4,,2,99,1,SCAC,0,1,737
PRT,1,2,5,,2,99,1,SCAC,0,1,2274
PRT,1,2,6,,2,99,1,SCAC,0,1,38
PRT,1,2,7,,2,99,1,SCAC,0,1,1566
PRT,1,2,8,,2,99,1,SCAC,0,1,1135
PRT,1,2,9,,1,99,1,SCAC,0,1,2210
PRT,1,3,1,,3,0,1,SCAC,0,1,1024
PRT,1,3,2,,3,0,1,SCAC,0,1,4099
PRT,1,3,3,,3,0,1,SCAC,0,1,1256
PRT,1,3,4,,2,1,1,SCAC,0,1,796
PRT,1,3,5,,2,1,1,SCAC,0,1,1200
PRT,1,3,7,,2,1,1,SCAC,0,1,103
PRT,1,3,8,,2,1,1,SCAC,0,1,110
PRT,2,1,1,,3,99,1,SCAC,0,1,534
PRT,2,1,3,,3,99,1,SCAC,0,1,473
PRT,2,1,4,,2,99,1,SCAC,0,1,640
PRT,2,1,5,,2,99,1,SCAC,0,1,4222
PRT,2,1,6,,2,99,1,SCAC,0,1,35
PRT,2,1,7,,2,99,1,SCAC,0,1,990
PRT,2,1,8,,2,99,1,SCAC,0,1,76
PRT,2,1,9,,1,99,1,SCAC,0,1,4316
PRT,2,2,1,,3,99,1,SCAC,0,1,477
PRT,2,2,2,,3,99,1,SCAC,0,1,661
PRT,2,2,3,,3,99,1,SCAC,0,1,1836
PRT,2,2,4,,2,99,1,SCAC,0,1,2249
PRT,2,2,5,,2,99,1,SCAC,0,1,6796
PRT,2,2,6,,2,99,1,SCAC,0,1,43
PRT,2,2,7,,2,99,1,SCAC,0,1,830
PRT,2,2,8,,2,99,1,SCAC,0,1,726
PRT,2,2,9,,1,99,1,SCAC,0,1,4254
PRT,2,3,1,,3,0,1,SCAC,0,1,497
PRT,2,3,2,,3,0,1,SCAC,0,1,7955
PRT,2,3,3,,3,0,1,SCAC,0,1,1066
PRT,2,3,4,,2,1,1,SCAC,0,1,768
PRT,2,3,5,,2,1,1,SCAC,0,1,1458
PRT,2,3,7,,2,1,1,SCAC,0,1,86
PRT,2,3,8,,2,1,1,SCAC,0,1,133
PRT,2,3,9,,1,1,1,SCAC,0,1,282
PRT,1,1,9,,1,99,1,SCAC,1,1,20
PRT,2,1,5,,2,99,1,SCAC,1,1,66
PRT,2,2,3,,3,99,1,SCAC,1,1,99
SVK,1,1,1,,3,99,1,AFRI,0,1,5
SVK,1,1,2,,3,99,1,AFRI,0,1,7
SVK,1,1,3,,3,99,1,AFRI,0,1,3
SVK,1,1,4,,2,99,1,AFRI,0,1,5
SVK,1,1,5,,2,99,1,AFRI,0,1,21
SVK,1,1,6,,2,99,1,AFRI,0,1,3
SVK,1,1,7,,2,99,1,AFRI,0,1,8
SVK,1,1,8,,2,99,1,AFRI,0,1,23
SVK,1,1,9,,1,99,1,AFRI,0,1,3
SVK,1,1,99,,99,99,1,AFRI,0,1,3
SVK,1,2,0,,99,99,1,AFRI,0,1,1
SVK,1,2,1,,3,99,1,AFRI,0,1,29
SVK,1,2,2,,3,99,1,AFRI,0,1,23
SVK,1,2,3,,3,99,1,AFRI,0,1,30
SVK,1,2,4,,2,99,1,AFRI,0,1,20
SVK,1,2,5,,2,99,1,AFRI,0,1,37
SVK,1,2,6,,2,99,1,AFRI,0,1,2
SVK,1,2,7,,2,99,1,AFRI,0,1,19
SVK,1,2,8,,2,99,1,AFRI,0,1,28
SVK,1,2,9,,1,99,1,AFRI,0,1,7
SVK,1,2,99,,99,99,1,AFRI,0,1,14
SVK,1,3,0,,99,99,1,AFRI,0,1,2
SVK,1,3,1,,3,0,1,AFRI,0,1,78
SVK,1,3,2,,3,0,1,AFRI,0,1,126
SVK,1,3,3,,3,0,1,AFRI,0,1,37
SVK,1,3,4,,2,1,1,AFRI,0,1,24
SVK,1,3,5,,2,1,1,AFRI,0,1,19
SVK,1,3,6,,2,1,1,AFRI,0,1,3
SVK,1,3,7,,2,1,1,AFRI,0,1,4
SVK,1,3,8,,2,1,1,AFRI,0,1,12
SVK,1,3,9,,1,1,1,AFRI,0,1,3
SVK,1,3,99,,99,99,1,AFRI,0,1,35
SVK,1,99,3,,3,99,1,AFRI,0,1,2
SVK,1,99,4,,2,99,1,AFRI,0,1,2
SVK,1,99,5,,2,99,1,AFRI,0,1,3
SVK,1,99,99,,99,99,1,AFRI,0,1,19
SVK,2,1,1,,3,99,1,AFRI,0,1,2
SVK,2,1,3,,3,99,1,AFRI,0,1,3
SVK,2,1,4,,2,99,1,AFRI,0,1,5
SVK,2,1,5,,2,99,1,AFRI,0,1,4
SVK,2,1,7,,2,99,1,AFRI,0,1,2
SVK,2,1,9,,1,99,1,AFRI,0,1,1
SVK,2,1,99,,99,99,1,AFRI,0,1,7
SVK,2,2,1,,3,99,1,AFRI,0,1,3
SVK,2,2,2,,3,99,1,AFRI,0,1,6
SVK,2,2,3,,3,99,1,AFRI,0,1,11
SVK,2,2,4,,2,99,1,AFRI,0,1,8
SVK,2,2,5,,2,99,1,AFRI,0,1,3
SVK,2,2,6,,2,99,1,AFRI,0,1,1
SVK,2,2,8,,2,99,1,AFRI,0,1,2
SVK,2,2,99,,99,99,1,AFRI,0,1,1
SVK,2,3,1,,3,0,1,AFRI,0,1,20
SVK,2,3,2,,3,0,1,AFRI,0,1,15
SVK,2,3,3,,3,0,1,AFRI,0,1,5
SVK,2,3,4,,2,1,1,AFRI,0,1,2
SVK,2,3,5,,2,1,1,AFRI,0,1,1
SVK,2,3,7,,2,1,1,AFRI,0,1,1
SVK,2,3,99,,99,99,1,AFRI,0,1,3
SVK,1,1,1,,3,99,1,ASIA,0,1,91
SVK,1,1,2,,3,99,1,ASIA,0,1,10
SVK,1,1,3,,3,99,1,ASIA,0,1,36
SVK,1,1,4,,2,99,1,ASIA,0,1,18
SVK,1,1,5,,2,99,1,ASIA,0,1,267
SVK,1,1,6,,2,99,1,ASIA,0,1,11
SVK,1,1,7,,2,99,1,ASIA,0,1,60
SVK,1,1,8,,2,99,1,ASIA,0,1,91
SVK,1,1,9,,1,99,1,ASIA,0,1,67
SVK,1,1,99,,99,99,1,ASIA,0,1,78
SVK,1,2,1,,3,99,1,ASIA,0,1,134
SVK,1,2,2,,3,99,1,ASIA,0,1,59
SVK,1,2,3,,3,99,1,ASIA,0,1,82
SVK,1,2,4,,2,99,1,ASIA,0,1,44
SVK,1,2,5,,2,99,1,ASIA,0,1,247
SVK,1,2,6,,2,99,1,ASIA,0,1,2
SVK,1,2,7,,2,99,1,ASIA,0,1,66
SVK,1,2,8,,2,99,1,ASIA,0,1,55
SVK,1,2,9,,1,99,1,ASIA,0,1,29
SVK,1,2,99,,99,99,1,ASIA,0,1,90
SVK,1,3,1,,3,0,1,ASIA,0,1,167
SVK,1,3,2,,3,0,1,ASIA,0,1,301
SVK,1,3,3,,3,0,1,ASIA,0,1,110
SVK,1,3,4,,2,1,1,ASIA,0,1,37
SVK,1,3,5,,2,1,1,ASIA,0,1,88
SVK,1,3,6,,2,1,1,ASIA,0,1,6
SVK,1,3,7,,2,1,1,ASIA,0,1,16
SVK,1,3,8,,2,1,1,ASIA,0,1,6
SVK,1,3,9,,1,1,1,ASIA,0,1,13
SVK,1,3,99,,99,99,1,ASIA,0,1,103
SVK,1,99,1,,3,99,1,ASIA,0,1,7
SVK,1,99,2,,3,99,1,ASIA,0,1,6
SVK,1,99,3,,3,99,1,ASIA,0,1,8
SVK,1,99,4,,2,99,1,ASIA,0,1,2
SVK,1,99,5,,2,99,1,ASIA,0,1,18
SVK,1,99,7,,2,99,1,ASIA,0,1,4
SVK,1,99,8,,2,99,1,ASIA,0,1,2
SVK,1,99,99,,99,99,1,ASIA,0,1,43
SVK,2,1,1,,3,99,1,ASIA,0,1,46
SVK,2,1,2,,3,99,1,ASIA,0,1,15
SVK,2,1,3,,3,99,1,ASIA,0,1,30
SVK,2,1,4,,2,99,1,ASIA,0,1,9
SVK,2,1,5,,2,99,1,ASIA,0,1,168
SVK,2,1,6,,2,99,1,ASIA,0,1,6
SVK,2,1,7,,2,99,1,ASIA,0,1,40
SVK,2,1,8,,2,99,1,ASIA,0,1,57
SVK,2,1,9,,1,99,1,ASIA,0,1,38
SVK,2,1,99,,99,99,1,ASIA,0,1,43
SVK,2,2,1,,3,99,1,ASIA,0,1,65
SVK,2,2,2,,3,99,1,ASIA,0,1,35
SVK,2,2,3,,3,99,1,ASIA,0,1,30
SVK,2,2,4,,2,99,1,ASIA,0,1,26
SVK,2,2,5,,2,99,1,ASIA,0,1,179
SVK,2,2,6,,2,99,1,ASIA,0,1,3
SVK,2,2,7,,2,99,1,ASIA,0,1,30
SVK,2,2,8,,2,99,1,ASIA,0,1,27
SVK,2,2,9,,1,99,1,ASIA,0,1,14
SVK,2,2,99,,99,99,1,ASIA,0,1,59
SVK,2,3,0,,99,99,1,ASIA,0,1,1
SVK,2,3,1,,3,0,1,ASIA,0,1,59
SVK,2,3,2,,3,0,1,ASIA,0,1,85
SVK,2,3,3,,3,0,1,ASIA,0,1,48
SVK,2,3,4,,2,1,1,ASIA,0,1,30
SVK,2,3,5,,2,1,1,ASIA,0,1,53
SVK,2,3,7,,2,1,1,ASIA,0,1,3
SVK,2,3,8,,2,1,1,ASIA,0,1,6
SVK,2,3,9,,1,1,1,ASIA,0,1,2
SVK,2,3,99,,99,99,1,ASIA,0,1,43
SVK,2,99,1,,3,99,1,ASIA,0,1,6
SVK,2,99,3,,3,99,1,ASIA,0,1,4
SVK,2,99,5,,2,99,1,ASIA,0,1,21
SVK,2,99,99,,99,99,1,ASIA,0,1,34
SVK,1,1,1,,3,99,1,ASIA,1,1,3
SVK,1,1,3,,3,99,1,ASIA,1,1,6
SVK,1,1,4,,2,99,1,ASIA,1,1,3
SVK,1,1,5,,2,99,1,ASIA,1,1,5
SVK,1,1,8,,2,99,1,ASIA,1,1,17
SVK,1,1,9,,1,99,1,ASIA,1,1,3
SVK,1,2,1,,3,99,1,ASIA,1,1,13
SVK,1,2,2,,3,99,1,ASIA,1,1,3
SVK,1,2,3,,3,99,1,ASIA,1,1,16
SVK,1,2,4,,2,99,1,ASIA,1,1,6
SVK,1,2,5,,2,99,1,ASIA,1,1,4
SVK,1,2,6,,2,99,1,ASIA,1,1,3
SVK,1,2,7,,2,99,1,ASIA,1,1,4
SVK,1,2,8,,2,99,1,ASIA,1,1,9
SVK,1,2,9,,1,99,1,ASIA,1,1,2
SVK,1,2,99,,99,99,1,ASIA,1,1,20
SVK,1,3,1,,3,0,1,ASIA,1,1,52
SVK,1,3,2,,3,0,1,ASIA,1,1,23
SVK,1,3,3,,3,0,1,ASIA,1,1,15
SVK,1,3,5,,2,1,1,ASIA,1,1,6
SVK,1,3,7,,2,1,1,ASIA,1,1,4
SVK,1,3,99,,99,99,1,ASIA,1,1,7
SVK,1,99,1,,3,99,1,ASIA,1,1,12
SVK,1,99,2,,3,99,1,ASIA,1,1,10
SVK,1,99,3,,3,99,1,ASIA,1,1,14
SVK,1,99,4,,2,99,1,ASIA,1,1,8
SVK,1,99,5,,2,99,1,ASIA,1,1,2
SVK,1,99,7,,2,99,1,ASIA,1,1,4
SVK,1,99,99,,99,99,1,ASIA,1,1,51
SVK,2,1,3,,3,99,1,ASIA,1,1,2
SVK,2,1,7,,2,99,1,ASIA,1,1,2
SVK,2,1,8,,2,99,1,ASIA,1,1,2
SVK,2,2,2,,3,99,1,ASIA,1,1,5
SVK,2,2,3,,3,99,1,ASIA,1,1,7
SVK,2,2,9,,1,99,1,ASIA,1,1,5
SVK,2,2,99,,99,99,1,ASIA,1,1,5
SVK,2,3,1,,3,0,1,ASIA,1,1,2
SVK,2,3,2,,3,0,1,ASIA,1,1,12
SVK,2,3,3,,3,0,1,ASIA,1,1,3
SVK,2,3,4,,2,1,1,ASIA,1,1,5
SVK,2,3,5,,2,1,1,ASIA,1,1,1
SVK,2,3,99,,99,99,1,ASIA,1,1,7
SVK,2,99,3,,3,99,1,ASIA,1,1,2
SVK,2,99,8,,2,99,1,ASIA,1,1,2
SVK,2,99,99,,99,99,1,ASIA,1,1,2
SVK,1,1,1,,3,99,1,EURO,0,1,79
SVK,1,1,2,,3,99,1,EURO,0,1,78
SVK,1,1,3,,3,99,1,EURO,0,1,162
SVK,1,1,4,,2,99,1,EURO,0,1,143
SVK,1,1,5,,2,99,1,EURO,0,1,280
SVK,1,1,6,,2,99,1,EURO,0,1,136
SVK,1,1,7,,2,99,1,EURO,0,1,895
SVK,1,1,8,,2,99,1,EURO,0,1,860
SVK,1,1,9,,1,99,1,EURO,0,1,527
SVK,1,1,99,,99,99,1,EURO,0,1,260
SVK,1,2,0,,99,99,1,EURO,0,1,13
SVK,1,2,1,,3,99,1,EURO,0,1,315
SVK,1,2,2,,3,99,1,EURO,0,1,169
SVK,1,2,3,,3,99,1,EURO,0,1,486
SVK,1,2,4,,2,99,1,EURO,0,1,211
SVK,1,2,5,,2,99,1,EURO,0,1,496
SVK,1,2,6,,2,99,1,EURO,0,1,69
SVK,1,2,7,,2,99,1,EURO,0,1,681
SVK,1,2,8,,2,99,1,EURO,0,1,596
SVK,1,2,9,,1,99,1,EURO,0,1,156
SVK,1,2,99,,99,99,1,EURO,0,1,318
SVK,1,3,0,,99,99,1,EURO,0,1,3
SVK,1,3,1,,3,0,1,EURO,0,1,481
SVK,1,3,2,,3,0,1,EURO,0,1,765
SVK,1,3,3,,3,0,1,EURO,0,1,336
SVK,1,3,4,,2,1,1,EURO,0,1,109
SVK,1,3,5,,2,1,1,EURO,0,1,145
SVK,1,3,6,,2,1,1,EURO,0,1,8
SVK,1,3,7,,2,1,1,EURO,0,1,88
SVK,1,3,8,,2,1,1,EURO,0,1,97
SVK,1,3,9,,1,1,1,EURO,0,1,26
SVK,1,3,99,,99,99,1,EURO,0,1,173
SVK,1,99,1,,3,99,1,EURO,0,1,3
SVK,1,99,2,,3,99,1,EURO,0,1,8
SVK,1,99,3,,3,99,1,EURO,0,1,14
SVK,1,99,4,,2,99,1,EURO,0,1,5
SVK,1,99,5,,2,99,1,EURO,0,1,10
SVK,1,99,7,,2,99,1,EURO,0,1,28
SVK,1,99,8,,2,99,1,EURO,0,1,25
SVK,1,99,9,,1,99,1,EURO,0,1,5
SVK,1,99,99,,99,99,1,EURO,0,1,72
SVK,2,1,1,,3,99,1,EURO,0,1,20
SVK,2,1,2,,3,99,1,EURO,0,1,25
SVK,2,1,3,,3,99,1,EURO,0,1,56
SVK,2,1,4,,2,99,1,EURO,0,1,90
SVK,2,1,5,,2,99,1,EURO,0,1,372
SVK,2,1,6,,2,99,1,EURO,0,1,63
SVK,2,1,7,,2,99,1,EURO,0,1,236
SVK,2,1,8,,2,99,1,EURO,0,1,216
SVK,2,1,9,,1,99,1,EURO,0,1,354
SVK,2,1,99,,99,99,1,EURO,0,1,130
SVK,2,2,0,,99,99,1,EURO,0,1,3
SVK,2,2,1,,3,99,1,EURO,0,1,81
SVK,2,2,2,,3,99,1,EURO,0,1,215
SVK,2,2,3,,3,99,1,EURO,0,1,426
SVK,2,2,4,,2,99,1,EURO,0,1,317
SVK,2,2,5,,2,99,1,EURO,0,1,673
SVK,2,2,6,,2,99,1,EURO,0,1,29
SVK,2,2,7,,2,99,1,EURO,0,1,185
SVK,2,2,8,,2,99,1,EURO,0,1,253
SVK,2,2,9,,1,99,1,EURO,0,1,156
SVK,2,2,99,,99,99,1,EURO,0,1,156
SVK,2,3,0,,99,99,1,EURO,0,1,2
SVK,2,3,1,,3,0,1,EURO,0,1,251
SVK,2,3,2,,3,0,1,EURO,0,1,919
SVK,2,3,3,,3,0,1,EURO,0,1,358
SVK,2,3,4,,2,1,1,EURO,0,1,200
SVK,2,3,5,,2,1,1,EURO,0,1,186
SVK,2,3,6,,2,1,1,EURO,0,1,2
SVK,2,3,7,,2,1,1,EURO,0,1,28
SVK,2,3,8,,2,1,1,EURO,0,1,27
SVK,2,3,9,,1,1,1,EURO,0,1,16
SVK,2,3,99,,99,99,1,EURO,0,1,130
SVK,2,99,1,,3,99,1,EURO,0,1,5
SVK,2,99,2,,3,99,1,EURO,0,1,9
SVK,2,99,3,,3,99,1,EURO,0,1,8
SVK,2,99,4,,2,99,1,EURO,0,1,1
SVK,2,99,5,,2,99,1,EURO,0,1,10
SVK,2,99,7,,2,99,1,EURO,0,1,3
SVK,2,99,8,,2,99,1,EURO,0,1,7
SVK,2,99,9,,1,99,1,EURO,0,1,5
SVK,2,99,99,,99,99,1,EURO,0,1,56
SVK,1,1,0,,99,99,1,EURO,1,0,1087
SVK,1,1,1,,3,99,1,EURO,1,0,9086
SVK,1,1,2,,3,99,1,EURO,1,0,7994
SVK,1,1,3,,3,99,1,EURO,1,0,22036
SVK,1,1,4,,2,99,1,EURO,1,0,18512
SVK,1,1,5,,2,99,1,EURO,1,0,41998
SVK,1,1,6,,2,99,1,EURO,1,0,9430
SVK,1,1,7,,2,99,1,EURO,1,0,143369
SVK,1,1,8,,2,99,1,EURO,1,0,120558
SVK,1,1,9,,1,99,1,EURO,1,0,49511
SVK,1,1,99,,99,99,1,EURO,1,0,33070
SVK,1,2,0,,99,99,1,EURO,1,0,5566
SVK,1,2,1,,3,99,1,EURO,1,0,25363
SVK,1,2,2,,3,99,1,EURO,1,0,24711
SVK,1,2,3,,3,99,1,EURO,1,0,77244
SVK,1,2,4,,2,99,1,EURO,1,0,33047
SVK,1,2,5,,2,99,1,EURO,1,0,59495
SVK,1,2,6,,2,99,1,EURO,1,0,5390
SVK,1,2,7,,2,99,1,EURO,1,0,78593
SVK,1,2,8,,2,99,1,EURO,1,0,69753
SVK,1,2,9,,1,99,1,EURO,1,0,16567
SVK,1,2,99,,99,99,1,EURO,1,0,36899
SVK,1,3,0,,99,99,1,EURO,1,0,2893
SVK,1,3,1,,3,0,1,EURO,1,0,43542
SVK,1,3,2,,3,0,1,EURO,1,0,80981
SVK,1,3,3,,3,0,1,EURO,1,0,47969
SVK,1,3,4,,2,1,1,EURO,1,0,12857
SVK,1,3,5,,2,1,1,EURO,1,0,15410
SVK,1,3,6,,2,1,1,EURO,1,0,1085
SVK,1,3,7,,2,1,1,EURO,1,0,6635
SVK,1,3,8,,2,1,1,EURO,1,0,3615
SVK,1,3,9,,1,1,1,EURO,1,0,1399
SVK,1,3,99,,99,99,1,EURO,1,0,20091
SVK,1,99,0,,99,99,1,EURO,1,0,132
SVK,1,99,1,,3,99,1,EURO,1,0,968
SVK,1,99,2,,3,99,1,EURO,1,0,1610
SVK,1,99,3,,3,99,1,EURO,1,0,1412
SVK,1,99,4,,2,99,1,EURO,1,0,609
SVK,1,99,5,,2,99,1,EURO,1,0,845
SVK,1,99,6,,2,99,1,EURO,1,0,97
SVK,1,99,7,,2,99,1,EURO,1,0,1098
SVK,1,99,8,,2,99,1,EURO,1,0,902
SVK,1,99,9,,1,99,1,EURO,1,0,429
SVK,1,99,99,,99,99,1,EURO,1,0,15179
SVK,2,1,0,,99,99,1,EURO,1,0,227
SVK,2,1,1,,3,99,1,EURO,1,0,4204
SVK,2,1,2,,3,99,1,EURO,1,0,6440
SVK,2,1,3,,3,99,1,EURO,1,0,12662
SVK,2,1,4,,2,99,1,EURO,1,0,18432
SVK,2,1,5,,2,99,1,EURO,1,0,90633
SVK,2,1,6,,2,99,1,EURO,1,0,3865
SVK,2,1,7,,2,99,1,EURO,1,0,37190
SVK,2,1,8,,2,99,1,EURO,1,0,48506
SVK,2,1,9,,1,99,1,EURO,1,0,55688
SVK,2,1,99,,99,99,1,EURO,1,0,28196
SVK,2,2,0,,99,99,1,EURO,1,0,736
SVK,2,2,1,,3,99,1,EURO,1,0,17534
SVK,2,2,2,,3,99,1,EURO,1,0,41786
SVK,2,2,3,,3,99,1,EURO,1,0,108933
SVK,2,2,4,,2,99,1,EURO,1,0,97464
SVK,2,2,5,,2,99,1,EURO,1,0,102371
SVK,2,2,6,,2,99,1,EURO,1,0,2359
SVK,2,2,7,,2,99,1,EURO,1,0,23866
SVK,2,2,8,,2,99,1,EURO,1,0,33507
SVK,2,2,9,,1,99,1,EURO,1,0,15802
SVK,2,2,99,,99,99,1,EURO,1,0,36147
SVK,2,3,0,,99,99,1,EURO,1,0,590
SVK,2,3,1,,3,0,1,EURO,1,0,27158
SVK,2,3,2,,3,0,1,EURO,1,0,119498
SVK,2,3,3,,3,0,1,EURO,1,0,62717
SVK,2,3,4,,2,1,1,EURO,1,0,31282
SVK,2,3,5,,2,1,1,EURO,1,0,14321
SVK,2,3,6,,2,1,1,EURO,1,0,385
SVK,2,3,7,,2,1,1,EURO,1,0,3280
SVK,2,3,8,,2,1,1,EURO,1,0,1808
SVK,2,3,9,,1,1,1,EURO,1,0,1044
SVK,2,3,99,,99,99,1,EURO,1,0,19728
SVK,2,99,0,,99,99,1,EURO,1,0,86
SVK,2,99,1,,3,99,1,EURO,1,0,892
SVK,2,99,2,,3,99,1,EURO,1,0,1638
SVK,2,99,3,,3,99,1,EURO,1,0,1363
SVK,2,99,4,,2,99,1,EURO,1,0,709
SVK,2,99,5,,2,99,1,EURO,1,0,1249
SVK,2,99,6,,2,99,1,EURO,1,0,57
SVK,2,99,7,,2,99,1,EURO,1,0,387
SVK,2,99,8,,2,99,1,EURO,1,0,324
SVK,2,99,9,,1,99,1,EURO,1,0,347
SVK,2,99,99,,99,99,1,EURO,1,0,13657
SVK,1,1,0,,99,99,1,EURO,1,1,22
SVK,1,1,1,,3,99,1,EURO,1,1,339
SVK,1,1,2,,3,99,1,EURO,1,1,179
SVK,1,1,3,,3,99,1,EURO,1,1,591
SVK,1,1,4,,2,99,1,EURO,1,1,456
SVK,1,1,5,,2,99,1,EURO,1,1,1068
SVK,1,1,6,,2,99,1,EURO,1,1,158
SVK,1,1,7,,2,99,1,EURO,1,1,2874
SVK,1,1,8,,2,99,1,EURO,1,1,2391
SVK,1,1,9,,1,99,1,EURO,1,1,1152
SVK,1,1,99,,99,99,1,EURO,1,1,745
SVK,1,2,0,,99,99,1,EURO,1,1,110
SVK,1,2,1,,3,99,1,EURO,1,1,1032
SVK,1,2,2,,3,99,1,EURO,1,1,766
SVK,1,2,3,,3,99,1,EURO,1,1,1730
SVK,1,2,4,,2,99,1,EURO,1,1,667
SVK,1,2,5,,2,99,1,EURO,1,1,1193
SVK,1,2,6,,2,99,1,EURO,1,1,119
SVK,1,2,7,,2,99,1,EURO,1,1,1359
SVK,1,2,8,,2,99,1,EURO,1,1,1113
SVK,1,2,9,,1,99,1,EURO,1,1,282
SVK,1,2,99,,99,99,1,EURO,1,1,768
SVK,1,3,0,,99,99,1,EURO,1,1,101
SVK,1,3,1,,3,0,1,EURO,1,1,1914
SVK,1,3,2,,3,0,1,EURO,1,1,2971
SVK,1,3,3,,3,0,1,EURO,1,1,1466
SVK,1,3,4,,2,1,1,EURO,1,1,397
SVK,1,3,5,,2,1,1,EURO,1,1,434
SVK,1,3,6,,2,1,1,EURO,1,1,25
SVK,1,3,7,,2,1,1,EURO,1,1,226
SVK,1,3,8,,2,1,1,EURO,1,1,118
SVK,1,3,9,,1,1,1,EURO,1,1,50
SVK,1,3,99,,99,99,1,EURO,1,1,653
SVK,1,99,0,,99,99,1,EURO,1,1,2
SVK,1,99,1,,3,99,1,EURO,1,1,42
SVK,1,99,2,,3,99,1,EURO,1,1,69
SVK,1,99,3,,3,99,1,EURO,1,1,51
SVK,1,99,4,,2,99,1,EURO,1,1,23
SVK,1,99,5,,2,99,1,EURO,1,1,34
SVK,1,99,6,,2,99,1,EURO,1,1,2
SVK,1,99,7,,2,99,1,EURO,1,1,34
SVK,1,99,8,,2,99,1,EURO,1,1,16
SVK,1,99,9,,1,99,1,EURO,1,1,24
SVK,1,99,99,,99,99,1,EURO,1,1,411
SVK,2,1,0,,99,99,1,EURO,1,1,6
SVK,2,1,1,,3,99,1,EURO,1,1,104
SVK,2,1,2,,3,99,1,EURO,1,1,164
SVK,2,1,3,,3,99,1,EURO,1,1,274
SVK,2,1,4,,2,99,1,EURO,1,1,465
SVK,2,1,5,,2,99,1,EURO,1,1,1916
SVK,2,1,6,,2,99,1,EURO,1,1,93
SVK,2,1,7,,2,99,1,EURO,1,1,717
SVK,2,1,8,,2,99,1,EURO,1,1,1088
SVK,2,1,9,,1,99,1,EURO,1,1,1446
SVK,2,1,99,,99,99,1,EURO,1,1,528
SVK,2,2,0,,99,99,1,EURO,1,1,16
SVK,2,2,1,,3,99,1,EURO,1,1,350
SVK,2,2,2,,3,99,1,EURO,1,1,775
SVK,2,2,3,,3,99,1,EURO,1,1,1851
SVK,2,2,4,,2,99,1,EURO,1,1,1474
SVK,2,2,5,,2,99,1,EURO,1,1,1550
SVK,2,2,6,,2,99,1,EURO,1,1,37
SVK,2,2,7,,2,99,1,EURO,1,1,288
SVK,2,2,8,,2,99,1,EURO,1,1,456
SVK,2,2,9,,1,99,1,EURO,1,1,236
SVK,2,2,99,,99,99,1,EURO,1,1,490
SVK,2,3,0,,99,99,1,EURO,1,1,21
SVK,2,3,1,,3,0,1,EURO,1,1,614
SVK,2,3,2,,3,0,1,EURO,1,1,2652
SVK,2,3,3,,3,0,1,EURO,1,1,1138
SVK,2,3,4,,2,1,1,EURO,1,1,539
SVK,2,3,5,,2,1,1,EURO,1,1,239
SVK,2,3,6,,2,1,1,EURO,1,1,16
SVK,2,3,7,,2,1,1,EURO,1,1,69
SVK,2,3,8,,2,1,1,EURO,1,1,25
SVK,2,3,9,,1,1,1,EURO,1,1,32
SVK,2,3,99,,99,99,1,EURO,1,1,284
SVK,2,99,0,,99,99,1,EURO,1,1,1
SVK,2,99,1,,3,99,1,EURO,1,1,20
SVK,2,99,2,,3,99,1,EURO,1,1,16
SVK,2,99,3,,3,99,1,EURO,1,1,34
SVK,2,99,4,,2,99,1,EURO,1,1,24
SVK,2,99,5,,2,99,1,EURO,1,1,25
SVK,2,99,6,,2,99,1,EURO,1,1,1
SVK,2,99,7,,2,99,1,EURO,1,1,7
SVK,2,99,8,,2,99,1,EURO,1,1,4
SVK,2,99,9,,1,99,1,EURO,1,1,8
SVK,2,99,99,,99,99,1,EURO,1,1,197
SVK,1,1,2,,3,99,1,NOAM,1,1,2
SVK,1,1,3,,3,99,1,NOAM,1,1,2
SVK,1,1,4,,2,99,1,NOAM,1,1,2
SVK,1,1,9,,1,99,1,NOAM,1,1,2
SVK,1,1,99,,99,99,1,NOAM,1,1,2
SVK,1,2,1,,3,99,1,NOAM,1,1,8
SVK,1,2,2,,3,99,1,NOAM,1,1,18
SVK,1,2,3,,3,99,1,NOAM,1,1,6
SVK,1,2,4,,2,99,1,NOAM,1,1,6
SVK,1,2,5,,2,99,1,NOAM,1,1,6
SVK,1,2,7,,2,99,1,NOAM,1,1,4
SVK,1,2,8,,2,99,1,NOAM,1,1,2
SVK,1,2,99,,99,99,1,NOAM,1,1,18
SVK,1,3,1,,3,0,1,NOAM,1,1,32
SVK,1,3,2,,3,0,1,NOAM,1,1,125
SVK,1,3,3,,3,0,1,NOAM,1,1,26
SVK,1,3,4,,2,1,1,NOAM,1,1,10
SVK,1,3,5,,2,1,1,NOAM,1,1,2
SVK,1,3,7,,2,1,1,NOAM,1,1,2
SVK,1,3,8,,2,1,1,NOAM,1,1,2
SVK,1,3,99,,99,99,1,NOAM,1,1,12
SVK,1,99,1,,3,99,1,NOAM,1,1,2
SVK,1,99,2,,3,99,1,NOAM,1,1,2
SVK,1,99,99,,99,99,1,NOAM,1,1,10
SVK,2,1,2,,3,99,1,NOAM,1,1,1
SVK,2,1,3,,3,99,1,NOAM,1,1,2
SVK,2,1,4,,2,99,1,NOAM,1,1,2
SVK,2,1,5,,2,99,1,NOAM,1,1,1
SVK,2,1,7,,2,99,1,NOAM,1,1,1
SVK,2,1,8,,2,99,1,NOAM,1,1,2
SVK,2,1,9,,1,99,1,NOAM,1,1,2
SVK,2,1,99,,99,99,1,NOAM,1,1,6
SVK,2,2,1,,3,99,1,NOAM,1,1,6
SVK,2,2,2,,3,99,1,NOAM,1,1,7
SVK,2,2,3,,3,99,1,NOAM,1,1,3
SVK,2,2,4,,2,99,1,NOAM,1,1,7
SVK,2,2,5,,2,99,1,NOAM,1,1,10
SVK,2,2,7,,2,99,1,NOAM,1,1,2
SVK,2,2,99,,99,99,1,NOAM,1,1,5
SVK,2,3,1,,3,0,1,NOAM,1,1,11
SVK,2,3,2,,3,0,1,NOAM,1,1,43
SVK,2,3,3,,3,0,1,NOAM,1,1,7
SVK,2,3,4,,2,1,1,NOAM,1,1,7
SVK,2,3,9,,1,1,1,NOAM,1,1,2
SVK,2,3,99,,99,99,1,NOAM,1,1,14
SVK,2,99,99,,99,99,1,NOAM,1,1,5
SVK,1,2,99,,99,99,1,OCEA,0,1,1
SVK,2,2,3,,3,99,1,OCEA,0,1,1
SVK,1,1,2,,3,99,1,OCEA,1,1,3
SVK,1,1,5,,2,99,1,OCEA,1,1,8
SVK,1,1,7,,2,99,1,OCEA,1,1,3
SVK,1,1,9,,1,99,1,OCEA,1,1,3
SVK,1,2,1,,3,99,1,OCEA,1,1,6
SVK,1,2,2,,3,99,1,OCEA,1,1,2
SVK,1,2,4,,2,99,1,OCEA,1,1,4
SVK,1,2,5,,2,99,1,OCEA,1,1,4
SVK,1,2,7,,2,99,1,OCEA,1,1,4
SVK,1,2,8,,2,99,1,OCEA,1,1,4
SVK,1,3,0,,99,99,1,OCEA,1,1,1
SVK,1,3,1,,3,0,1,OCEA,1,1,4
SVK,1,3,2,,3,0,1,OCEA,1,1,6
SVK,1,3,4,,2,1,1,OCEA,1,1,3
SVK,1,3,8,,2,1,1,OCEA,1,1,1
SVK,1,99,99,,99,99,1,OCEA,1,1,4
SVK,2,1,5,,2,99,1,OCEA,1,1,6
SVK,2,2,2,,3,99,1,OCEA,1,1,4
SVK,2,2,4,,2,99,1,OCEA,1,1,4
SVK,2,2,5,,2,99,1,OCEA,1,1,2
SVK,2,3,1,,3,0,1,OCEA,1,1,2
SVK,2,3,2,,3,0,1,OCEA,1,1,8
SVK,2,3,3,,3,0,1,OCEA,1,1,2
SVK,2,3,4,,2,1,1,OCEA,1,1,1
SVK,2,3,5,,2,1,1,OCEA,1,1,2
SVK,2,99,99,,99,99,1,OCEA,1,1,3
SVK,1,1,3,,3,99,1,SCAC,0,1,4
SVK,1,1,5,,2,99,1,SCAC,0,1,4
SVK,1,1,6,,2,99,1,SCAC,0,1,2
SVK,1,1,7,,2,99,1,SCAC,0,1,5
SVK,1,1,8,,2,99,1,SCAC,0,1,6
SVK,1,1,9,,1,99,1,SCAC,0,1,3
SVK,1,1,99,,99,99,1,SCAC,0,1,6
SVK,1,2,1,,3,99,1,SCAC,0,1,13
SVK,1,2,2,,3,99,1,SCAC,0,1,4
SVK,1,2,3,,3,99,1,SCAC,0,1,7
SVK,1,2,4,,2,99,1,SCAC,0,1,6
SVK,1,2,5,,2,99,1,SCAC,0,1,13
SVK,1,2,7,,2,99,1,SCAC,0,1,13
SVK,1,2,8,,2,99,1,SCAC,0,1,2
SVK,1,2,9,,1,99,1,SCAC,0,1,4
SVK,1,2,99,,99,99,1,SCAC,0,1,9
SVK,1,3,1,,3,0,1,SCAC,0,1,32
SVK,1,3,2,,3,0,1,SCAC,0,1,49
SVK,1,3,3,,3,0,1,SCAC,0,1,38
SVK,1,3,4,,2,1,1,SCAC,0,1,11
SVK,1,3,5,,2,1,1,SCAC,0,1,12
SVK,1,3,7,,2,1,1,SCAC,0,1,7
SVK,1,3,9,,1,1,1,SCAC,0,1,2
SVK,1,3,99,,99,99,1,SCAC,0,1,13
SVK,1,99,2,,3,99,1,SCAC,0,1,1
SVK,1,99,99,,99,99,1,SCAC,0,1,1
SVK,2,1,3,,3,99,1,SCAC,0,1,1
SVK,2,1,5,,2,99,1,SCAC,0,1,6
SVK,2,1,8,,2,99,1,SCAC,0,1,2
SVK,2,1,99,,99,99,1,SCAC,0,1,1
SVK,2,2,2,,3,99,1,SCAC,0,1,4
SVK,2,2,3,,3,99,1,SCAC,0,1,3
SVK,2,2,4,,2,99,1,SCAC,0,1,6
SVK,2,2,5,,2,99,1,SCAC,0,1,11
SVK,2,2,7,,2,99,1,SCAC,0,1,2
SVK,2,2,9,,1,99,1,SCAC,0,1,2
SVK,2,2,99,,99,99,1,SCAC,0,1,5
SVK,2,3,1,,3,0,1,SCAC,0,1,7
SVK,2,3,2,,3,0,1,SCAC,0,1,32
SVK,2,3,3,,3,0,1,SCAC,0,1,17
SVK,2,3,4,,2,1,1,SCAC,0,1,6
SVK,2,3,7,,2,1,1,SCAC,0,1,3
SVK,2,3,99,,99,99,1,SCAC,0,1,8
SVK,1,1,5,,2,99,1,SCAC,1,1,1
SVK,1,1,99,,99,99,1,SCAC,1,1,2
SVK,1,2,3,,3,99,1,SCAC,1,1,1
SVK,1,2,5,,2,99,1,SCAC,1,1,1
SVK,1,2,9,,1,99,1,SCAC,1,1,1
SVK,1,2,99,,99,99,1,SCAC,1,1,1
SVK,1,3,1,,3,0,1,SCAC,1,1,6
SVK,1,3,2,,3,0,1,SCAC,1,1,18
SVK,1,3,3,,3,0,1,SCAC,1,1,2
SVK,1,3,5,,2,1,1,SCAC,1,1,2
SVK,1,3,8,,2,1,1,SCAC,1,1,2
SVK,1,3,99,,99,99,1,SCAC,1,1,10
SVK,1,99,3,,3,99,1,SCAC,1,1,3
SVK,1,99,99,,99,99,1,SCAC,1,1,3
SVK,2,1,8,,2,99,1,SCAC,1,1,1
SVK,2,2,1,,3,99,1,SCAC,1,1,2
SVK,2,2,4,,2,99,1,SCAC,1,1,1
SVK,2,3,2,,3,0,1,SCAC,1,1,5
SVK,2,3,8,,2,1,1,SCAC,1,1,4
SVK,2,99,99,,99,99,1,SCAC,1,1,2
SVN,1,1,0,,99,99,1,AFRI,0,1,1
SVN,1,1,2,,3,99,1,AFRI,0,1,2
SVN,1,1,3,,3,99,1,AFRI,0,1,8
SVN,1,1,4,,2,99,1,AFRI,0,1,2
SVN,1,1,5,,2,99,1,AFRI,0,1,8
SVN,1,1,7,,2,99,1,AFRI,0,1,6
SVN,1,1,9,,1,99,1,AFRI,0,1,17
SVN,1,2,0,,99,99,1,AFRI,0,1,1
SVN,1,2,1,,3,99,1,AFRI,0,1,6
SVN,1,2,2,,3,99,1,AFRI,0,1,8
SVN,1,2,3,,3,99,1,AFRI,0,1,17
SVN,1,2,4,,2,99,1,AFRI,0,1,4
SVN,1,2,5,,2,99,1,AFRI,0,1,12
SVN,1,2,6,,2,99,1,AFRI,0,1,1
SVN,1,2,7,,2,99,1,AFRI,0,1,6
SVN,1,2,8,,2,99,1,AFRI,0,1,3
SVN,1,2,9,,1,99,1,AFRI,0,1,13
SVN,1,3,1,,3,0,1,AFRI,0,1,17
SVN,1,3,2,,3,0,1,AFRI,0,1,30
SVN,1,3,3,,3,0,1,AFRI,0,1,9
SVN,1,3,4,,2,1,1,AFRI,0,1,3
SVN,1,3,7,,2,1,1,AFRI,0,1,2
SVN,1,3,9,,1,1,1,AFRI,0,1,1
SVN,2,1,2,,3,99,1,AFRI,0,1,2
SVN,2,1,3,,3,99,1,AFRI,0,1,4
SVN,2,1,5,,2,99,1,AFRI,0,1,5
SVN,2,1,7,,2,99,1,AFRI,0,1,2
SVN,2,1,8,,2,99,1,AFRI,0,1,1
SVN,2,1,9,,1,99,1,AFRI,0,1,5
SVN,2,2,1,,3,99,1,AFRI,0,1,1
SVN,2,2,2,,3,99,1,AFRI,0,1,3
SVN,2,2,3,,3,99,1,AFRI,0,1,5
SVN,2,2,4,,2,99,1,AFRI,0,1,5
SVN,2,2,5,,2,99,1,AFRI,0,1,3
SVN,2,2,8,,2,99,1,AFRI,0,1,1
SVN,2,2,9,,1,99,1,AFRI,0,1,4
SVN,2,3,1,,3,0,1,AFRI,0,1,1
SVN,2,3,2,,3,0,1,AFRI,0,1,10
SVN,2,3,3,,3,0,1,AFRI,0,1,3
SVN,2,3,4,,2,1,1,AFRI,0,1,5
SVN,2,3,5,,2,1,1,AFRI,0,1,1
SVN,2,3,8,,2,1,1,AFRI,0,1,1
SVN,1,1,1,,3,99,1,ASIA,0,1,5
SVN,1,1,2,,3,99,1,ASIA,0,1,3
SVN,1,1,3,,3,99,1,ASIA,0,1,23
SVN,1,1,4,,2,99,1,ASIA,0,1,5
SVN,1,1,5,,2,99,1,ASIA,0,1,82
SVN,1,1,7,,2,99,1,ASIA,0,1,19
SVN,1,1,8,,2,99,1,ASIA,0,1,6
SVN,1,1,9,,1,99,1,ASIA,0,1,90
SVN,1,2,1,,3,99,1,ASIA,0,1,60
SVN,1,2,2,,3,99,1,ASIA,0,1,12
SVN,1,2,3,,3,99,1,ASIA,0,1,26
SVN,1,2,4,,2,99,1,ASIA,0,1,6
SVN,1,2,5,,2,99,1,ASIA,0,1,126
SVN,1,2,7,,2,99,1,ASIA,0,1,17
SVN,1,2,8,,2,99,1,ASIA,0,1,12
SVN,1,2,9,,1,99,1,ASIA,0,1,53
SVN,1,3,0,,99,99,1,ASIA,0,1,1
SVN,1,3,1,,3,0,1,ASIA,0,1,39
SVN,1,3,2,,3,0,1,ASIA,0,1,88
SVN,1,3,3,,3,0,1,ASIA,0,1,17
SVN,1,3,4,,2,1,1,ASIA,0,1,1
SVN,1,3,5,,2,1,1,ASIA,0,1,3
SVN,1,3,7,,2,1,1,ASIA,0,1,3
SVN,1,3,8,,2,1,1,ASIA,0,1,7
SVN,1,3,9,,1,1,1,ASIA,0,1,2
SVN,2,1,1,,3,99,1,ASIA,0,1,4
SVN,2,1,2,,3,99,1,ASIA,0,1,5
SVN,2,1,3,,3,99,1,ASIA,0,1,20
SVN,2,1,4,,2,99,1,ASIA,0,1,8
SVN,2,1,5,,2,99,1,ASIA,0,1,142
SVN,2,1,6,,2,99,1,ASIA,0,1,3
SVN,2,1,7,,2,99,1,ASIA,0,1,2
SVN,2,1,8,,2,99,1,ASIA,0,1,1
SVN,2,1,9,,1,99,1,ASIA,0,1,64
SVN,2,2,1,,3,99,1,ASIA,0,1,32
SVN,2,2,2,,3,99,1,ASIA,0,1,9
SVN,2,2,3,,3,99,1,ASIA,0,1,22
SVN,2,2,4,,2,99,1,ASIA,0,1,12
SVN,2,2,5,,2,99,1,ASIA,0,1,140
SVN,2,2,6,,2,99,1,ASIA,0,1,2
SVN,2,2,7,,2,99,1,ASIA,0,1,2
SVN,2,2,8,,2,99,1,ASIA,0,1,4
SVN,2,2,9,,1,99,1,ASIA,0,1,23
SVN,2,3,1,,3,0,1,ASIA,0,1,18
SVN,2,3,2,,3,0,1,ASIA,0,1,48
SVN,2,3,3,,3,0,1,ASIA,0,1,18
SVN,2,3,4,,2,1,1,ASIA,0,1,5
SVN,2,3,5,,2,1,1,ASIA,0,1,18
SVN,2,3,6,,2,1,1,ASIA,0,1,2
SVN,2,3,9,,1,1,1,ASIA,0,1,1
SVN,1,1,3,,3,99,1,ASIA,1,1,2
SVN,1,1,9,,1,99,1,ASIA,1,1,4
SVN,1,2,1,,3,99,1,ASIA,1,1,3
SVN,1,2,2,,3,99,1,ASIA,1,1,1
SVN,1,2,3,,3,99,1,ASIA,1,1,2
SVN,1,2,5,,2,99,1,ASIA,1,1,1
SVN,1,2,7,,2,99,1,ASIA,1,1,1
SVN,1,2,9,,1,99,1,ASIA,1,1,1
SVN,1,3,1,,3,0,1,ASIA,1,1,8
SVN,1,3,2,,3,0,1,ASIA,1,1,9
SVN,1,3,3,,3,0,1,ASIA,1,1,4
SVN,1,3,5,,2,1,1,ASIA,1,1,1
SVN,1,3,8,,2,1,1,ASIA,1,1,1
SVN,2,1,2,,3,99,1,ASIA,1,1,1
SVN,2,2,3,,3,99,1,ASIA,1,1,1
SVN,2,2,5,,2,99,1,ASIA,1,1,1
SVN,2,2,9,,1,99,1,ASIA,1,1,1
SVN,2,3,1,,3,0,1,ASIA,1,1,2
SVN,2,3,2,,3,0,1,ASIA,1,1,4
SVN,2,3,3,,3,0,1,ASIA,1,1,3
SVN,2,3,4,,2,1,1,ASIA,1,1,3
SVN,1,1,0,,99,99,1,EURO,0,1,57
SVN,1,1,1,,3,99,1,EURO,0,1,301
SVN,1,1,2,,3,99,1,EURO,0,1,448
SVN,1,1,3,,3,99,1,EURO,0,1,1196
SVN,1,1,4,,2,99,1,EURO,0,1,688
SVN,1,1,5,,2,99,1,EURO,0,1,1070
SVN,1,1,6,,2,99,1,EURO,0,1,258
SVN,1,1,7,,2,99,1,EURO,0,1,7516
SVN,1,1,8,,2,99,1,EURO,0,1,3356
SVN,1,1,9,,1,99,1,EURO,0,1,9895
SVN,1,1,99,,99,99,1,EURO,0,1,66
SVN,1,2,0,,99,99,1,EURO,0,1,133
SVN,1,2,1,,3,99,1,EURO,0,1,1832
SVN,1,2,2,,3,99,1,EURO,0,1,875
SVN,1,2,3,,3,99,1,EURO,0,1,3513
SVN,1,2,4,,2,99,1,EURO,0,1,1319
SVN,1,2,5,,2,99,1,EURO,0,1,2942
SVN,1,2,6,,2,99,1,EURO,0,1,197
SVN,1,2,7,,2,99,1,EURO,0,1,18221
SVN,1,2,8,,2,99,1,EURO,0,1,7876
SVN,1,2,9,,1,99,1,EURO,0,1,5757
SVN,1,2,99,,99,99,1,EURO,0,1,138
SVN,1,3,0,,99,99,1,EURO,0,1,59
SVN,1,3,1,,3,0,1,EURO,0,1,1119
SVN,1,3,2,,3,0,1,EURO,0,1,2611
SVN,1,3,3,,3,0,1,EURO,0,1,822
SVN,1,3,4,,2,1,1,EURO,0,1,141
SVN,1,3,5,,2,1,1,EURO,0,1,172
SVN,1,3,6,,2,1,1,EURO,0,1,19
SVN,1,3,7,,2,1,1,EURO,0,1,186
SVN,1,3,8,,2,1,1,EURO,0,1,112
SVN,1,3,9,,1,1,1,EURO,0,1,79
SVN,1,3,99,,99,99,1,EURO,0,1,6
SVN,2,1,0,,99,99,1,EURO,0,1,7
SVN,2,1,1,,3,99,1,EURO,0,1,78
SVN,2,1,2,,3,99,1,EURO,0,1,276
SVN,2,1,3,,3,99,1,EURO,0,1,459
SVN,2,1,4,,2,99,1,EURO,0,1,448
SVN,2,1,5,,2,99,1,EURO,0,1,1448
SVN,2,1,6,,2,99,1,EURO,0,1,135
SVN,2,1,7,,2,99,1,EURO,0,1,1135
SVN,2,1,8,,2,99,1,EURO,0,1,2005
SVN,2,1,9,,1,99,1,EURO,0,1,9922
SVN,2,1,99,,99,99,1,EURO,0,1,23
SVN,2,2,0,,99,99,1,EURO,0,1,20
SVN,2,2,1,,3,99,1,EURO,0,1,403
SVN,2,2,2,,3,99,1,EURO,0,1,505
SVN,2,2,3,,3,99,1,EURO,0,1,2468
SVN,2,2,4,,2,99,1,EURO,0,1,1509
SVN,2,2,5,,2,99,1,EURO,0,1,4412
SVN,2,2,6,,2,99,1,EURO,0,1,98
SVN,2,2,7,,2,99,1,EURO,0,1,703
SVN,2,2,8,,2,99,1,EURO,0,1,936
SVN,2,2,9,,1,99,1,EURO,0,1,3260
SVN,2,2,99,,99,99,1,EURO,0,1,30
SVN,2,3,0,,99,99,1,EURO,0,1,8
SVN,2,3,1,,3,0,1,EURO,0,1,532
SVN,2,3,2,,3,0,1,EURO,0,1,3006
SVN,2,3,3,,3,0,1,EURO,0,1,810
SVN,2,3,4,,2,1,1,EURO,0,1,315
SVN,2,3,5,,2,1,1,EURO,0,1,280
SVN,2,3,6,,2,1,1,EURO,0,1,18
SVN,2,3,7,,2,1,1,EURO,0,1,42
SVN,2,3,8,,2,1,1,EURO,0,1,35
SVN,2,3,9,,1,1,1,EURO,0,1,110
SVN,2,3,99,,99,99,1,EURO,0,1,2
SVN,1,1,0,,99,99,1,EURO,1,0,107
SVN,1,1,1,,3,99,1,EURO,1,0,469
SVN,1,1,2,,3,99,1,EURO,1,0,645
SVN,1,1,3,,3,99,1,EURO,1,0,1083
SVN,1,1,4,,2,99,1,EURO,1,0,1694
SVN,1,1,5,,2,99,1,EURO,1,0,2101
SVN,1,1,6,,2,99,1,EURO,1,0,5175
SVN,1,1,7,,2,99,1,EURO,1,0,6460
SVN,1,1,8,,2,99,1,EURO,1,0,7290
SVN,1,1,9,,1,99,1,EURO,1,0,5805
SVN,1,1,99,,99,99,1,EURO,1,0,566
SVN,1,2,0,,99,99,1,EURO,1,0,4092
SVN,1,2,1,,3,99,1,EURO,1,0,13435
SVN,1,2,2,,3,99,1,EURO,1,0,12008
SVN,1,2,3,,3,99,1,EURO,1,0,35467
SVN,1,2,4,,2,99,1,EURO,1,0,20391
SVN,1,2,5,,2,99,1,EURO,1,0,32254
SVN,1,2,6,,2,99,1,EURO,1,0,11338
SVN,1,2,7,,2,99,1,EURO,1,0,80528
SVN,1,2,8,,2,99,1,EURO,1,0,42281
SVN,1,2,9,,1,99,1,EURO,1,0,10213
SVN,1,2,99,,99,99,1,EURO,1,0,2249
SVN,1,3,0,,99,99,1,EURO,1,0,1461
SVN,1,3,1,,3,0,1,EURO,1,0,21939
SVN,1,3,2,,3,0,1,EURO,1,0,56443
SVN,1,3,3,,3,0,1,EURO,1,0,18686
SVN,1,3,4,,2,1,1,EURO,1,0,3978
SVN,1,3,5,,2,1,1,EURO,1,0,5422
SVN,1,3,6,,2,1,1,EURO,1,0,1216
SVN,1,3,7,,2,1,1,EURO,1,0,5204
SVN,1,3,8,,2,1,1,EURO,1,0,1404
SVN,1,3,9,,1,1,1,EURO,1,0,766
SVN,1,3,99,,99,99,1,EURO,1,0,144
SVN,2,1,0,,99,99,1,EURO,1,0,6
SVN,2,1,1,,3,99,1,EURO,1,0,103
SVN,2,1,2,,3,99,1,EURO,1,0,244
SVN,2,1,3,,3,99,1,EURO,1,0,376
SVN,2,1,4,,2,99,1,EURO,1,0,698
SVN,2,1,5,,2,99,1,EURO,1,0,2216
SVN,2,1,6,,2,99,1,EURO,1,0,3451
SVN,2,1,7,,2,99,1,EURO,1,0,1741
SVN,2,1,8,,2,99,1,EURO,1,0,4624
SVN,2,1,9,,1,99,1,EURO,1,0,9531
SVN,2,1,99,,99,99,1,EURO,1,0,198
SVN,2,2,0,,99,99,1,EURO,1,0,579
SVN,2,2,1,,3,99,1,EURO,1,0,4620
SVN,2,2,2,,3,99,1,EURO,1,0,17418
SVN,2,2,3,,3,99,1,EURO,1,0,28209
SVN,2,2,4,,2,99,1,EURO,1,0,24850
SVN,2,2,5,,2,99,1,EURO,1,0,61515
SVN,2,2,6,,2,99,1,EURO,1,0,3862
SVN,2,2,7,,2,99,1,EURO,1,0,9240
SVN,2,2,8,,2,99,1,EURO,1,0,13912
SVN,2,2,9,,1,99,1,EURO,1,0,13709
SVN,2,2,99,,99,99,1,EURO,1,0,527
SVN,2,3,0,,99,99,1,EURO,1,0,308
SVN,2,3,1,,3,0,1,EURO,1,0,21787
SVN,2,3,2,,3,0,1,EURO,1,0,103108
SVN,2,3,3,,3,0,1,EURO,1,0,22809
SVN,2,3,4,,2,1,1,EURO,1,0,11269
SVN,2,3,5,,2,1,1,EURO,1,0,11465
SVN,2,3,6,,2,1,1,EURO,1,0,623
SVN,2,3,7,,2,1,1,EURO,1,0,1176
SVN,2,3,8,,2,1,1,EURO,1,0,1081
SVN,2,3,9,,1,1,1,EURO,1,0,1650
SVN,2,3,99,,99,99,1,EURO,1,0,119
SVN,1,1,0,,99,99,1,EURO,1,1,16
SVN,1,1,1,,3,99,1,EURO,1,1,38
SVN,1,1,2,,3,99,1,EURO,1,1,79
SVN,1,1,3,,3,99,1,EURO,1,1,92
SVN,1,1,4,,2,99,1,EURO,1,1,35
SVN,1,1,5,,2,99,1,EURO,1,1,86
SVN,1,1,6,,2,99,1,EURO,1,1,35
SVN,1,1,7,,2,99,1,EURO,1,1,175
SVN,1,1,8,,2,99,1,EURO,1,1,93
SVN,1,1,9,,1,99,1,EURO,1,1,118
SVN,1,1,99,,99,99,1,EURO,1,1,21
SVN,1,2,0,,99,99,1,EURO,1,1,39
SVN,1,2,1,,3,99,1,EURO,1,1,226
SVN,1,2,2,,3,99,1,EURO,1,1,228
SVN,1,2,3,,3,99,1,EURO,1,1,462
SVN,1,2,4,,2,99,1,EURO,1,1,138
SVN,1,2,5,,2,99,1,EURO,1,1,331
SVN,1,2,6,,2,99,1,EURO,1,1,79
SVN,1,2,7,,2,99,1,EURO,1,1,651
SVN,1,2,8,,2,99,1,EURO,1,1,327
SVN,1,2,9,,1,99,1,EURO,1,1,171
SVN,1,2,99,,99,99,1,EURO,1,1,117
SVN,1,3,0,,99,99,1,EURO,1,1,10
SVN,1,3,1,,3,0,1,EURO,1,1,213
SVN,1,3,2,,3,0,1,EURO,1,1,529
SVN,1,3,3,,3,0,1,EURO,1,1,168
SVN,1,3,4,,2,1,1,EURO,1,1,42
SVN,1,3,5,,2,1,1,EURO,1,1,68
SVN,1,3,6,,2,1,1,EURO,1,1,16
SVN,1,3,7,,2,1,1,EURO,1,1,63
SVN,1,3,8,,2,1,1,EURO,1,1,41
SVN,1,3,9,,1,1,1,EURO,1,1,21
SVN,1,3,99,,99,99,1,EURO,1,1,17
SVN,2,1,1,,3,99,1,EURO,1,1,8
SVN,2,1,2,,3,99,1,EURO,1,1,48
SVN,2,1,3,,3,99,1,EURO,1,1,61
SVN,2,1,4,,2,99,1,EURO,1,1,53
SVN,2,1,5,,2,99,1,EURO,1,1,97
SVN,2,1,6,,2,99,1,EURO,1,1,31
SVN,2,1,7,,2,99,1,EURO,1,1,35
SVN,2,1,8,,2,99,1,EURO,1,1,33
SVN,2,1,9,,1,99,1,EURO,1,1,144
SVN,2,1,99,,99,99,1,EURO,1,1,26
SVN,2,2,0,,99,99,1,EURO,1,1,4
SVN,2,2,1,,3,99,1,EURO,1,1,74
SVN,2,2,2,,3,99,1,EURO,1,1,176
SVN,2,2,3,,3,99,1,EURO,1,1,386
SVN,2,2,4,,2,99,1,EURO,1,1,257
SVN,2,2,5,,2,99,1,EURO,1,1,493
SVN,2,2,6,,2,99,1,EURO,1,1,60
SVN,2,2,7,,2,99,1,EURO,1,1,85
SVN,2,2,8,,2,99,1,EURO,1,1,80
SVN,2,2,9,,1,99,1,EURO,1,1,185
SVN,2,2,99,,99,99,1,EURO,1,1,34
SVN,2,3,0,,99,99,1,EURO,1,1,2
SVN,2,3,1,,3,0,1,EURO,1,1,115
SVN,2,3,2,,3,0,1,EURO,1,1,676
SVN,2,3,3,,3,0,1,EURO,1,1,229
SVN,2,3,4,,2,1,1,EURO,1,1,106
SVN,2,3,5,,2,1,1,EURO,1,1,107
SVN,2,3,6,,2,1,1,EURO,1,1,30
SVN,2,3,7,,2,1,1,EURO,1,1,16
SVN,2,3,8,,2,1,1,EURO,1,1,12
SVN,2,3,9,,1,1,1,EURO,1,1,34
SVN,2,3,99,,99,99,1,EURO,1,1,21
SVN,1,1,0,,99,99,1,NOAM,1,1,1
SVN,1,1,2,,3,99,1,NOAM,1,1,5
SVN,1,1,3,,3,99,1,NOAM,1,1,9
SVN,1,1,4,,2,99,1,NOAM,1,1,1
SVN,1,1,5,,2,99,1,NOAM,1,1,3
SVN,1,1,6,,2,99,1,NOAM,1,1,4
SVN,1,1,7,,2,99,1,NOAM,1,1,4
SVN,1,1,8,,2,99,1,NOAM,1,1,4
SVN,1,1,9,,1,99,1,NOAM,1,1,3
SVN,1,2,0,,99,99,1,NOAM,1,1,1
SVN,1,2,1,,3,99,1,NOAM,1,1,16
SVN,1,2,2,,3,99,1,NOAM,1,1,7
SVN,1,2,3,,3,99,1,NOAM,1,1,19
SVN,1,2,4,,2,99,1,NOAM,1,1,4
SVN,1,2,5,,2,99,1,NOAM,1,1,20
SVN,1,2,6,,2,99,1,NOAM,1,1,6
SVN,1,2,7,,2,99,1,NOAM,1,1,18
SVN,1,2,8,,2,99,1,NOAM,1,1,12
SVN,1,2,9,,1,99,1,NOAM,1,1,5
SVN,1,2,99,,99,99,1,NOAM,1,1,1
SVN,1,3,1,,3,0,1,NOAM,1,1,19
SVN,1,3,2,,3,0,1,NOAM,1,1,47
SVN,1,3,3,,3,0,1,NOAM,1,1,13
SVN,1,3,4,,2,1,1,NOAM,1,1,1
SVN,1,3,5,,2,1,1,NOAM,1,1,4
SVN,1,3,6,,2,1,1,NOAM,1,1,2
SVN,1,3,7,,2,1,1,NOAM,1,1,3
SVN,1,3,8,,2,1,1,NOAM,1,1,2
SVN,2,1,1,,3,99,1,NOAM,1,1,1
SVN,2,1,2,,3,99,1,NOAM,1,1,3
SVN,2,1,3,,3,99,1,NOAM,1,1,4
SVN,2,1,4,,2,99,1,NOAM,1,1,2
SVN,2,1,5,,2,99,1,NOAM,1,1,2
SVN,2,1,6,,2,99,1,NOAM,1,1,1
SVN,2,1,8,,2,99,1,NOAM,1,1,1
SVN,2,1,9,,1,99,1,NOAM,1,1,3
SVN,2,2,1,,3,99,1,NOAM,1,1,2
SVN,2,2,2,,3,99,1,NOAM,1,1,10
SVN,2,2,3,,3,99,1,NOAM,1,1,14
SVN,2,2,4,,2,99,1,NOAM,1,1,11
SVN,2,2,5,,2,99,1,NOAM,1,1,15
SVN,2,2,6,,2,99,1,NOAM,1,1,6
SVN,2,2,7,,2,99,1,NOAM,1,1,2
SVN,2,2,8,,2,99,1,NOAM,1,1,4
SVN,2,2,9,,1,99,1,NOAM,1,1,4
SVN,2,3,0,,99,99,1,NOAM,1,1,1
SVN,2,3,1,,3,0,1,NOAM,1,1,4
SVN,2,3,2,,3,0,1,NOAM,1,1,36
SVN,2,3,3,,3,0,1,NOAM,1,1,10
SVN,2,3,4,,2,1,1,NOAM,1,1,9
SVN,2,3,5,,2,1,1,NOAM,1,1,4
SVN,2,3,6,,2,1,1,NOAM,1,1,1
SVN,2,3,7,,2,1,1,NOAM,1,1,1
SVN,2,3,9,,1,1,1,NOAM,1,1,3
SVN,1,1,3,,3,99,1,OCEA,1,1,2
SVN,1,1,4,,2,99,1,OCEA,1,1,2
SVN,1,1,5,,2,99,1,OCEA,1,1,2
SVN,1,1,6,,2,99,1,OCEA,1,1,4
SVN,1,1,7,,2,99,1,OCEA,1,1,5
SVN,1,1,8,,2,99,1,OCEA,1,1,2
SVN,1,1,9,,1,99,1,OCEA,1,1,2
SVN,1,1,99,,99,99,1,OCEA,1,1,2
SVN,1,2,0,,99,99,1,OCEA,1,1,1
SVN,1,2,1,,3,99,1,OCEA,1,1,7
SVN,1,2,2,,3,99,1,OCEA,1,1,4
SVN,1,2,3,,3,99,1,OCEA,1,1,4
SVN,1,2,4,,2,99,1,OCEA,1,1,5
SVN,1,2,5,,2,99,1,OCEA,1,1,10
SVN,1,2,6,,2,99,1,OCEA,1,1,1
SVN,1,2,7,,2,99,1,OCEA,1,1,12
SVN,1,2,8,,2,99,1,OCEA,1,1,12
SVN,1,2,9,,1,99,1,OCEA,1,1,2
SVN,1,2,99,,99,99,1,OCEA,1,1,2
SVN,1,3,1,,3,0,1,OCEA,1,1,9
SVN,1,3,2,,3,0,1,OCEA,1,1,24
SVN,1,3,3,,3,0,1,OCEA,1,1,4
SVN,1,3,7,,2,1,1,OCEA,1,1,1
SVN,1,3,8,,2,1,1,OCEA,1,1,4
SVN,2,1,2,,3,99,1,OCEA,1,1,2
SVN,2,1,3,,3,99,1,OCEA,1,1,3
SVN,2,1,4,,2,99,1,OCEA,1,1,1
SVN,2,1,5,,2,99,1,OCEA,1,1,3
SVN,2,1,9,,1,99,1,OCEA,1,1,4
SVN,2,2,1,,3,99,1,OCEA,1,1,1
SVN,2,2,2,,3,99,1,OCEA,1,1,6
SVN,2,2,3,,3,99,1,OCEA,1,1,10
SVN,2,2,4,,2,99,1,OCEA,1,1,8
SVN,2,2,5,,2,99,1,OCEA,1,1,7
SVN,2,2,6,,2,99,1,OCEA,1,1,2
SVN,2,2,9,,1,99,1,OCEA,1,1,2
SVN,2,3,0,,99,99,1,OCEA,1,1,1
SVN,2,3,1,,3,0,1,OCEA,1,1,3
SVN,2,3,2,,3,0,1,OCEA,1,1,15
SVN,2,3,3,,3,0,1,OCEA,1,1,4
SVN,2,3,4,,2,1,1,OCEA,1,1,3
SVN,2,3,5,,2,1,1,OCEA,1,1,4
SVN,2,3,6,,2,1,1,OCEA,1,1,1
SVN,2,3,7,,2,1,1,OCEA,1,1,1
SVN,1,1,0,,99,99,1,SCAC,0,1,2
SVN,1,1,1,,3,99,1,SCAC,0,1,4
SVN,1,1,2,,3,99,1,SCAC,0,1,3
SVN,1,1,3,,3,99,1,SCAC,0,1,12
SVN,1,1,4,,2,99,1,SCAC,0,1,4
SVN,1,1,5,,2,99,1,SCAC,0,1,2
SVN,1,1,6,,2,99,1,SCAC,0,1,1
SVN,1,1,7,,2,99,1,SCAC,0,1,4
SVN,1,1,8,,2,99,1,SCAC,0,1,2
SVN,1,1,9,,1,99,1,SCAC,0,1,10
SVN,1,1,99,,99,99,1,SCAC,0,1,1
SVN,1,2,1,,3,99,1,SCAC,0,1,9
SVN,1,2,2,,3,99,1,SCAC,0,1,15
SVN,1,2,3,,3,99,1,SCAC,0,1,14
SVN,1,2,4,,2,99,1,SCAC,0,1,5
SVN,1,2,5,,2,99,1,SCAC,0,1,18
SVN,1,2,6,,2,99,1,SCAC,0,1,6
SVN,1,2,7,,2,99,1,SCAC,0,1,10
SVN,1,2,8,,2,99,1,SCAC,0,1,6
SVN,1,2,9,,1,99,1,SCAC,0,1,7
SVN,1,3,1,,3,0,1,SCAC,0,1,11
SVN,1,3,2,,3,0,1,SCAC,0,1,39
SVN,1,3,3,,3,0,1,SCAC,0,1,10
SVN,1,3,4,,2,1,1,SCAC,0,1,1
SVN,1,3,5,,2,1,1,SCAC,0,1,4
SVN,1,3,7,,2,1,1,SCAC,0,1,2
SVN,1,3,9,,1,1,1,SCAC,0,1,1
SVN,2,1,2,,3,99,1,SCAC,0,1,30
SVN,2,1,3,,3,99,1,SCAC,0,1,58
SVN,2,1,4,,2,99,1,SCAC,0,1,7
SVN,2,1,5,,2,99,1,SCAC,0,1,16
SVN,2,1,6,,2,99,1,SCAC,0,1,2
SVN,2,1,7,,2,99,1,SCAC,0,1,3
SVN,2,1,9,,1,99,1,SCAC,0,1,13
SVN,2,2,1,,3,99,1,SCAC,0,1,3
SVN,2,2,2,,3,99,1,SCAC,0,1,8
SVN,2,2,3,,3,99,1,SCAC,0,1,13
SVN,2,2,4,,2,99,1,SCAC,0,1,9
SVN,2,2,5,,2,99,1,SCAC,0,1,12
SVN,2,2,6,,2,99,1,SCAC,0,1,1
SVN,2,2,8,,2,99,1,SCAC,0,1,1
SVN,2,2,9,,1,99,1,SCAC,0,1,9
SVN,2,2,99,,99,99,1,SCAC,0,1,2
SVN,2,3,1,,3,0,1,SCAC,0,1,16
SVN,2,3,2,,3,0,1,SCAC,0,1,43
SVN,2,3,3,,3,0,1,SCAC,0,1,8
SVN,2,3,4,,2,1,1,SCAC,0,1,8
SVN,2,3,5,,2,1,1,SCAC,0,1,5
SVN,2,3,9,,1,1,1,SCAC,0,1,3
SVN,1,1,5,,2,99,1,SCAC,1,1,1
SVN,1,1,7,,2,99,1,SCAC,1,1,4
SVN,1,1,8,,2,99,1,SCAC,1,1,3
SVN,1,2,2,,3,99,1,SCAC,1,1,1
SVN,1,2,3,,3,99,1,SCAC,1,1,1
SVN,1,2,7,,2,99,1,SCAC,1,1,1
SVN,1,2,8,,2,99,1,SCAC,1,1,1
SVN,1,3,1,,3,0,1,SCAC,1,1,2
SVN,1,3,2,,3,0,1,SCAC,1,1,5
SVN,1,3,3,,3,0,1,SCAC,1,1,1
SVN,1,3,9,,1,1,1,SCAC,1,1,2
SVN,2,1,8,,2,99,1,SCAC,1,1,1
SVN,2,2,1,,3,99,1,SCAC,1,1,2
SVN,2,2,3,,3,99,1,SCAC,1,1,1
SVN,2,2,4,,2,99,1,SCAC,1,1,1
SVN,2,2,9,,1,99,1,SCAC,1,1,2
SVN,2,3,2,,3,0,1,SCAC,1,1,3
SVN,2,3,3,,3,0,1,SCAC,1,1,3
SWE,1,1,1,,3,99,1,AFRI,0,1,35
SWE,1,1,2,,3,99,1,AFRI,0,1,315
SWE,1,1,3,,3,99,1,AFRI,0,1,425
SWE,1,1,4,,2,99,1,AFRI,0,1,915
SWE,1,1,5,,2,99,1,AFRI,0,1,3675
SWE,1,1,6,,2,99,1,AFRI,0,1,135
SWE,1,1,7,,2,99,1,AFRI,0,1,805
SWE,1,1,8,,2,99,1,AFRI,0,1,2280
SWE,1,1,9,,1,99,1,AFRI,0,1,7865
SWE,1,2,1,,3,99,1,AFRI,0,1,140
SWE,1,2,2,,3,99,1,AFRI,0,1,575
SWE,1,2,3,,3,99,1,AFRI,0,1,910
SWE,1,2,4,,2,99,1,AFRI,0,1,905
SWE,1,2,5,,2,99,1,AFRI,0,1,3755
SWE,1,2,6,,2,99,1,AFRI,0,1,35
SWE,1,2,7,,2,99,1,AFRI,0,1,860
SWE,1,2,8,,2,99,1,AFRI,0,1,1850
SWE,1,2,9,,1,99,1,AFRI,0,1,3495
SWE,1,3,1,,3,0,1,AFRI,0,1,210
SWE,1,3,2,,3,0,1,AFRI,0,1,2625
SWE,1,3,3,,3,0,1,AFRI,0,1,1270
SWE,1,3,4,,2,1,1,AFRI,0,1,590
SWE,1,3,5,,2,1,1,AFRI,0,1,1995
SWE,1,3,6,,2,1,1,AFRI,0,1,20
SWE,1,3,7,,2,1,1,AFRI,0,1,370
SWE,1,3,8,,2,1,1,AFRI,0,1,950
SWE,1,3,9,,1,1,1,AFRI,0,1,3450
SWE,1,99,1,,3,99,1,AFRI,0,1,25
SWE,1,99,2,,3,99,1,AFRI,0,1,80
SWE,1,99,3,,3,99,1,AFRI,0,1,45
SWE,1,99,4,,2,99,1,AFRI,0,1,30
SWE,1,99,5,,2,99,1,AFRI,0,1,150
SWE,1,99,6,,2,99,1,AFRI,0,1,5
SWE,1,99,7,,2,99,1,AFRI,0,1,10
SWE,1,99,8,,2,99,1,AFRI,0,1,30
SWE,1,99,9,,1,99,1,AFRI,0,1,485
SWE,2,1,1,,3,99,1,AFRI,0,1,5
SWE,2,1,2,,3,99,1,AFRI,0,1,185
SWE,2,1,3,,3,99,1,AFRI,0,1,120
SWE,2,1,4,,2,99,1,AFRI,0,1,110
SWE,2,1,5,,2,99,1,AFRI,0,1,6130
SWE,2,1,6,,2,99,1,AFRI,0,1,5
SWE,2,1,7,,2,99,1,AFRI,0,1,5
SWE,2,1,8,,2,99,1,AFRI,0,1,100
SWE,2,1,9,,1,99,1,AFRI,0,1,5055
SWE,2,2,1,,3,99,1,AFRI,0,1,25
SWE,2,2,2,,3,99,1,AFRI,0,1,395
SWE,2,2,3,,3,99,1,AFRI,0,1,310
SWE,2,2,4,,2,99,1,AFRI,0,1,325
SWE,2,2,5,,2,99,1,AFRI,0,1,8190
SWE,2,2,7,,2,99,1,AFRI,0,1,5
SWE,2,2,8,,2,99,1,AFRI,0,1,75
SWE,2,2,9,,1,99,1,AFRI,0,1,1785
SWE,2,3,1,,3,0,1,AFRI,0,1,120
SWE,2,3,2,,3,0,1,AFRI,0,1,2410
SWE,2,3,3,,3,0,1,AFRI,0,1,795
SWE,2,3,4,,2,1,1,AFRI,0,1,245
SWE,2,3,5,,2,1,1,AFRI,0,1,2445
SWE,2,3,8,,2,1,1,AFRI,0,1,20
SWE,2,3,9,,1,1,1,AFRI,0,1,1270
SWE,2,99,2,,3,99,1,AFRI,0,1,45
SWE,2,99,3,,3,99,1,AFRI,0,1,10
SWE,2,99,4,,2,99,1,AFRI,0,1,5
SWE,2,99,5,,2,99,1,AFRI,0,1,280
SWE,2,99,8,,2,99,1,AFRI,0,1,5
SWE,2,99,9,,1,99,1,AFRI,0,1,275
SWE,1,1,1,,3,99,1,ASIA,0,1,625
SWE,1,1,2,,3,99,1,ASIA,0,1,395
SWE,1,1,3,,3,99,1,ASIA,0,1,1255
SWE,1,1,4,,2,99,1,ASIA,0,1,2380
SWE,1,1,5,,2,99,1,ASIA,0,1,8835
SWE,1,1,6,,2,99,1,ASIA,0,1,275
SWE,1,1,7,,2,99,1,ASIA,0,1,4430
SWE,1,1,8,,2,99,1,ASIA,0,1,5510
SWE,1,1,9,,1,99,1,ASIA,0,1,21645
SWE,1,2,0,,99,99,1,ASIA,0,1,35
SWE,1,2,1,,3,99,1,ASIA,0,1,1105
SWE,1,2,2,,3,99,1,ASIA,0,1,1860
SWE,1,2,3,,3,99,1,ASIA,0,1,3160
SWE,1,2,4,,2,99,1,ASIA,0,1,2660
SWE,1,2,5,,2,99,1,ASIA,0,1,9220
SWE,1,2,6,,2,99,1,ASIA,0,1,130
SWE,1,2,7,,2,99,1,ASIA,0,1,3915
SWE,1,2,8,,2,99,1,ASIA,0,1,5095
SWE,1,2,9,,1,99,1,ASIA,0,1,11500
SWE,1,3,0,,99,99,1,ASIA,0,1,5
SWE,1,3,1,,3,0,1,ASIA,0,1,1525
SWE,1,3,2,,3,0,1,ASIA,0,1,15190
SWE,1,3,3,,3,0,1,ASIA,0,1,5715
SWE,1,3,4,,2,1,1,ASIA,0,1,1825
SWE,1,3,5,,2,1,1,ASIA,0,1,5525
SWE,1,3,6,,2,1,1,ASIA,0,1,105
SWE,1,3,7,,2,1,1,ASIA,0,1,1785
SWE,1,3,8,,2,1,1,ASIA,0,1,3390
SWE,1,3,9,,1,1,1,ASIA,0,1,11530
SWE,1,99,1,,3,99,1,ASIA,0,1,115
SWE,1,99,2,,3,99,1,ASIA,0,1,1295
SWE,1,99,3,,3,99,1,ASIA,0,1,280
SWE,1,99,4,,2,99,1,ASIA,0,1,100
SWE,1,99,5,,2,99,1,ASIA,0,1,1255
SWE,1,99,6,,2,99,1,ASIA,0,1,15
SWE,1,99,7,,2,99,1,ASIA,0,1,210
SWE,1,99,8,,2,99,1,ASIA,0,1,150
SWE,1,99,9,,1,99,1,ASIA,0,1,2190
SWE,2,1,1,,3,99,1,ASIA,0,1,140
SWE,2,1,2,,3,99,1,ASIA,0,1,530
SWE,2,1,3,,3,99,1,ASIA,0,1,470
SWE,2,1,4,,2,99,1,ASIA,0,1,830
SWE,2,1,5,,2,99,1,ASIA,0,1,11920
SWE,2,1,6,,2,99,1,ASIA,0,1,130
SWE,2,1,7,,2,99,1,ASIA,0,1,490
SWE,2,1,8,,2,99,1,ASIA,0,1,1340
SWE,2,1,9,,1,99,1,ASIA,0,1,16895
SWE,2,2,1,,3,99,1,ASIA,0,1,325
SWE,2,2,2,,3,99,1,ASIA,0,1,1785
SWE,2,2,3,,3,99,1,ASIA,0,1,1665
SWE,2,2,4,,2,99,1,ASIA,0,1,2045
SWE,2,2,5,,2,99,1,ASIA,0,1,20585
SWE,2,2,6,,2,99,1,ASIA,0,1,45
SWE,2,2,7,,2,99,1,ASIA,0,1,300
SWE,2,2,8,,2,99,1,ASIA,0,1,750
SWE,2,2,9,,1,99,1,ASIA,0,1,8515
SWE,2,3,1,,3,0,1,ASIA,0,1,1195
SWE,2,3,2,,3,0,1,ASIA,0,1,18130
SWE,2,3,3,,3,0,1,ASIA,0,1,5585
SWE,2,3,4,,2,1,1,ASIA,0,1,2130
SWE,2,3,5,,2,1,1,ASIA,0,1,10805
SWE,2,3,6,,2,1,1,ASIA,0,1,45
SWE,2,3,7,,2,1,1,ASIA,0,1,180
SWE,2,3,8,,2,1,1,ASIA,0,1,480
SWE,2,3,9,,1,1,1,ASIA,0,1,8875
SWE,2,99,1,,3,99,1,ASIA,0,1,25
SWE,2,99,2,,3,99,1,ASIA,0,1,345
SWE,2,99,3,,3,99,1,ASIA,0,1,55
SWE,2,99,4,,2,99,1,ASIA,0,1,25
SWE,2,99,5,,2,99,1,ASIA,0,1,495
SWE,2,99,7,,2,99,1,ASIA,0,1,10
SWE,2,99,8,,2,99,1,ASIA,0,1,20
SWE,2,99,9,,1,99,1,ASIA,0,1,965
SWE,1,1,1,,3,99,1,ASIA,1,1,10
SWE,1,1,3,,3,99,1,ASIA,1,1,25
SWE,1,1,4,,2,99,1,ASIA,1,1,20
SWE,1,1,5,,2,99,1,ASIA,1,1,70
SWE,1,1,7,,2,99,1,ASIA,1,1,35
SWE,1,1,8,,2,99,1,ASIA,1,1,40
SWE,1,1,9,,1,99,1,ASIA,1,1,145
SWE,1,2,0,,99,99,1,ASIA,1,1,5
SWE,1,2,1,,3,99,1,ASIA,1,1,90
SWE,1,2,2,,3,99,1,ASIA,1,1,135
SWE,1,2,3,,3,99,1,ASIA,1,1,220
SWE,1,2,4,,2,99,1,ASIA,1,1,125
SWE,1,2,5,,2,99,1,ASIA,1,1,325
SWE,1,2,6,,2,99,1,ASIA,1,1,5
SWE,1,2,7,,2,99,1,ASIA,1,1,165
SWE,1,2,8,,2,99,1,ASIA,1,1,120
SWE,1,2,9,,1,99,1,ASIA,1,1,310
SWE,1,3,1,,3,0,1,ASIA,1,1,160
SWE,1,3,2,,3,0,1,ASIA,1,1,675
SWE,1,3,3,,3,0,1,ASIA,1,1,265
SWE,1,3,4,,2,1,1,ASIA,1,1,60
SWE,1,3,5,,2,1,1,ASIA,1,1,110
SWE,1,3,6,,2,1,1,ASIA,1,1,5
SWE,1,3,7,,2,1,1,ASIA,1,1,20
SWE,1,3,8,,2,1,1,ASIA,1,1,30
SWE,1,3,9,,1,1,1,ASIA,1,1,205
SWE,1,99,1,,3,99,1,ASIA,1,1,25
SWE,1,99,2,,3,99,1,ASIA,1,1,70
SWE,1,99,3,,3,99,1,ASIA,1,1,15
SWE,1,99,5,,2,99,1,ASIA,1,1,10
SWE,1,99,9,,1,99,1,ASIA,1,1,20
SWE,2,1,1,,3,99,1,ASIA,1,1,10
SWE,2,1,2,,3,99,1,ASIA,1,1,10
SWE,2,1,3,,3,99,1,ASIA,1,1,15
SWE,2,1,4,,2,99,1,ASIA,1,1,15
SWE,2,1,5,,2,99,1,ASIA,1,1,105
SWE,2,1,6,,2,99,1,ASIA,1,1,5
SWE,2,1,9,,1,99,1,ASIA,1,1,90
SWE,2,2,1,,3,99,1,ASIA,1,1,105
SWE,2,2,2,,3,99,1,ASIA,1,1,205
SWE,2,2,3,,3,99,1,ASIA,1,1,295
SWE,2,2,4,,2,99,1,ASIA,1,1,260
SWE,2,2,5,,2,99,1,ASIA,1,1,740
SWE,2,2,6,,2,99,1,ASIA,1,1,10
SWE,2,2,7,,2,99,1,ASIA,1,1,40
SWE,2,2,8,,2,99,1,ASIA,1,1,35
SWE,2,2,9,,1,99,1,ASIA,1,1,320
SWE,2,3,1,,3,0,1,ASIA,1,1,235
SWE,2,3,2,,3,0,1,ASIA,1,1,1915
SWE,2,3,3,,3,0,1,ASIA,1,1,525
SWE,2,3,4,,2,1,1,ASIA,1,1,250
SWE,2,3,5,,2,1,1,ASIA,1,1,340
SWE,2,3,6,,2,1,1,ASIA,1,1,5
SWE,2,3,7,,2,1,1,ASIA,1,1,10
SWE,2,3,8,,2,1,1,ASIA,1,1,5
SWE,2,3,9,,1,1,1,ASIA,1,1,390
SWE,2,99,2,,3,99,1,ASIA,1,1,30
SWE,2,99,9,,1,99,1,ASIA,1,1,10
SWE,1,1,1,,3,99,1,EURO,0,1,185
SWE,1,1,2,,3,99,1,EURO,0,1,100
SWE,1,1,3,,3,99,1,EURO,0,1,555
SWE,1,1,4,,2,99,1,EURO,0,1,1325
SWE,1,1,5,,2,99,1,EURO,0,1,2145
SWE,1,1,6,,2,99,1,EURO,0,1,210
SWE,1,1,7,,2,99,1,EURO,0,1,4090
SWE,1,1,8,,2,99,1,EURO,0,1,3930
SWE,1,1,9,,1,99,1,EURO,0,1,6755
SWE,1,2,0,,99,99,1,EURO,0,1,20
SWE,1,2,1,,3,99,1,EURO,0,1,745
SWE,1,2,2,,3,99,1,EURO,0,1,905
SWE,1,2,3,,3,99,1,EURO,0,1,2340
SWE,1,2,4,,2,99,1,EURO,0,1,2165
SWE,1,2,5,,2,99,1,EURO,0,1,4075
SWE,1,2,6,,2,99,1,EURO,0,1,155
SWE,1,2,7,,2,99,1,EURO,0,1,6185
SWE,1,2,8,,2,99,1,EURO,0,1,5810
SWE,1,2,9,,1,99,1,EURO,0,1,6320
SWE,1,3,1,,3,0,1,EURO,0,1,790
SWE,1,3,2,,3,0,1,EURO,0,1,6220
SWE,1,3,3,,3,0,1,EURO,0,1,2935
SWE,1,3,4,,2,1,1,EURO,0,1,880
SWE,1,3,5,,2,1,1,EURO,0,1,1515
SWE,1,3,6,,2,1,1,EURO,0,1,145
SWE,1,3,7,,2,1,1,EURO,0,1,1890
SWE,1,3,8,,2,1,1,EURO,0,1,1760
SWE,1,3,9,,1,1,1,EURO,0,1,3730
SWE,1,99,1,,3,99,1,EURO,0,1,10
SWE,1,99,2,,3,99,1,EURO,0,1,305
SWE,1,99,3,,3,99,1,EURO,0,1,55
SWE,1,99,4,,2,99,1,EURO,0,1,85
SWE,1,99,5,,2,99,1,EURO,0,1,170
SWE,1,99,6,,2,99,1,EURO,0,1,65
SWE,1,99,7,,2,99,1,EURO,0,1,885
SWE,1,99,8,,2,99,1,EURO,0,1,195
SWE,1,99,9,,1,99,1,EURO,0,1,1710
SWE,2,1,1,,3,99,1,EURO,0,1,55
SWE,2,1,2,,3,99,1,EURO,0,1,165
SWE,2,1,3,,3,99,1,EURO,0,1,210
SWE,2,1,4,,2,99,1,EURO,0,1,545
SWE,2,1,5,,2,99,1,EURO,0,1,4830
SWE,2,1,6,,2,99,1,EURO,0,1,40
SWE,2,1,7,,2,99,1,EURO,0,1,395
SWE,2,1,8,,2,99,1,EURO,0,1,1025
SWE,2,1,9,,1,99,1,EURO,0,1,7190
SWE,2,2,1,,3,99,1,EURO,0,1,315
SWE,2,2,2,,3,99,1,EURO,0,1,860
SWE,2,2,3,,3,99,1,EURO,0,1,1325
SWE,2,2,4,,2,99,1,EURO,0,1,1795
SWE,2,2,5,,2,99,1,EURO,0,1,12315
SWE,2,2,6,,2,99,1,EURO,0,1,30
SWE,2,2,7,,2,99,1,EURO,0,1,480
SWE,2,2,8,,2,99,1,EURO,0,1,1260
SWE,2,2,9,,1,99,1,EURO,0,1,5415
SWE,2,3,1,,3,0,1,EURO,0,1,1075
SWE,2,3,2,,3,0,1,EURO,0,1,12935
SWE,2,3,3,,3,0,1,EURO,0,1,4210
SWE,2,3,4,,2,1,1,EURO,0,1,1980
SWE,2,3,5,,2,1,1,EURO,0,1,4865
SWE,2,3,6,,2,1,1,EURO,0,1,55
SWE,2,3,7,,2,1,1,EURO,0,1,200
SWE,2,3,8,,2,1,1,EURO,0,1,405
SWE,2,3,9,,1,1,1,EURO,0,1,4465
SWE,2,99,1,,3,99,1,EURO,0,1,20
SWE,2,99,2,,3,99,1,EURO,0,1,165
SWE,2,99,3,,3,99,1,EURO,0,1,15
SWE,2,99,4,,2,99,1,EURO,0,1,15
SWE,2,99,5,,2,99,1,EURO,0,1,165
SWE,2,99,6,,2,99,1,EURO,0,1,5
SWE,2,99,7,,2,99,1,EURO,0,1,10
SWE,2,99,8,,2,99,1,EURO,0,1,10
SWE,2,99,9,,1,99,1,EURO,0,1,645
SWE,1,1,0,,99,99,1,EURO,1,0,160
SWE,1,1,1,,3,99,1,EURO,1,0,10615
SWE,1,1,2,,3,99,1,EURO,1,0,6850
SWE,1,1,3,,3,99,1,EURO,1,0,22505
SWE,1,1,4,,2,99,1,EURO,1,0,15650
SWE,1,1,5,,2,99,1,EURO,1,0,34220
SWE,1,1,6,,2,99,1,EURO,1,0,20280
SWE,1,1,7,,2,99,1,EURO,1,0,56565
SWE,1,1,8,,2,99,1,EURO,1,0,47770
SWE,1,1,9,,1,99,1,EURO,1,0,75090
SWE,1,2,0,,99,99,1,EURO,1,0,4610
SWE,1,2,1,,3,99,1,EURO,1,0,77155
SWE,1,2,2,,3,99,1,EURO,1,0,86720
SWE,1,2,3,,3,99,1,EURO,1,0,178700
SWE,1,2,4,,2,99,1,EURO,1,0,73515
SWE,1,2,5,,2,99,1,EURO,1,0,155760
SWE,1,2,6,,2,99,1,EURO,1,0,34085
SWE,1,2,7,,2,99,1,EURO,1,0,257930
SWE,1,2,8,,2,99,1,EURO,1,0,147130
SWE,1,2,9,,1,99,1,EURO,1,0,206025
SWE,1,3,0,,99,99,1,EURO,1,0,1975
SWE,1,3,1,,3,0,1,EURO,1,0,68265
SWE,1,3,2,,3,0,1,EURO,1,0,264685
SWE,1,3,3,,3,0,1,EURO,1,0,102090
SWE,1,3,4,,2,1,1,EURO,1,0,15195
SWE,1,3,5,,2,1,1,EURO,1,0,24045
SWE,1,3,6,,2,1,1,EURO,1,0,7055
SWE,1,3,7,,2,1,1,EURO,1,0,9290
SWE,1,3,8,,2,1,1,EURO,1,0,8820
SWE,1,3,9,,1,1,1,EURO,1,0,66705
SWE,1,99,0,,99,99,1,EURO,1,0,5
SWE,1,99,1,,3,99,1,EURO,1,0,125
SWE,1,99,2,,3,99,1,EURO,1,0,130
SWE,1,99,3,,3,99,1,EURO,1,0,180
SWE,1,99,4,,2,99,1,EURO,1,0,155
SWE,1,99,5,,2,99,1,EURO,1,0,405
SWE,1,99,6,,2,99,1,EURO,1,0,170
SWE,1,99,7,,2,99,1,EURO,1,0,445
SWE,1,99,8,,2,99,1,EURO,1,0,355
SWE,1,99,9,,1,99,1,EURO,1,0,1520
SWE,2,1,0,,99,99,1,EURO,1,0,10
SWE,2,1,1,,3,99,1,EURO,1,0,3120
SWE,2,1,2,,3,99,1,EURO,1,0,5030
SWE,2,1,3,,3,99,1,EURO,1,0,10295
SWE,2,1,4,,2,99,1,EURO,1,0,16270
SWE,2,1,5,,2,99,1,EURO,1,0,88725
SWE,2,1,6,,2,99,1,EURO,1,0,4840
SWE,2,1,7,,2,99,1,EURO,1,0,3535
SWE,2,1,8,,2,99,1,EURO,1,0,7490
SWE,2,1,9,,1,99,1,EURO,1,0,56495
SWE,2,2,0,,99,99,1,EURO,1,0,530
SWE,2,2,1,,3,99,1,EURO,1,0,28355
SWE,2,2,2,,3,99,1,EURO,1,0,60765
SWE,2,2,3,,3,99,1,EURO,1,0,97510
SWE,2,2,4,,2,99,1,EURO,1,0,126920
SWE,2,2,5,,2,99,1,EURO,1,0,408475
SWE,2,2,6,,2,99,1,EURO,1,0,11490
SWE,2,2,7,,2,99,1,EURO,1,0,16020
SWE,2,2,8,,2,99,1,EURO,1,0,25620
SWE,2,2,9,,1,99,1,EURO,1,0,147130
SWE,2,3,0,,99,99,1,EURO,1,0,195
SWE,2,3,1,,3,0,1,EURO,1,0,64580
SWE,2,3,2,,3,0,1,EURO,1,0,483590
SWE,2,3,3,,3,0,1,EURO,1,0,102865
SWE,2,3,4,,2,1,1,EURO,1,0,43380
SWE,2,3,5,,2,1,1,EURO,1,0,52330
SWE,2,3,6,,2,1,1,EURO,1,0,5135
SWE,2,3,7,,2,1,1,EURO,1,0,2325
SWE,2,3,8,,2,1,1,EURO,1,0,2430
SWE,2,3,9,,1,1,1,EURO,1,0,60965
SWE,2,99,1,,3,99,1,EURO,1,0,45
SWE,2,99,2,,3,99,1,EURO,1,0,105
SWE,2,99,3,,3,99,1,EURO,1,0,65
SWE,2,99,4,,2,99,1,EURO,1,0,75
SWE,2,99,5,,2,99,1,EURO,1,0,430
SWE,2,99,6,,2,99,1,EURO,1,0,35
SWE,2,99,7,,2,99,1,EURO,1,0,10
SWE,2,99,8,,2,99,1,EURO,1,0,15
SWE,2,99,9,,1,99,1,EURO,1,0,940
SWE,1,1,1,,3,99,1,EURO,1,1,890
SWE,1,1,2,,3,99,1,EURO,1,1,430
SWE,1,1,3,,3,99,1,EURO,1,1,1395
SWE,1,1,4,,2,99,1,EURO,1,1,1510
SWE,1,1,5,,2,99,1,EURO,1,1,3610
SWE,1,1,6,,2,99,1,EURO,1,1,660
SWE,1,1,7,,2,99,1,EURO,1,1,6965
SWE,1,1,8,,2,99,1,EURO,1,1,4160
SWE,1,1,9,,1,99,1,EURO,1,1,11635
SWE,1,2,0,,99,99,1,EURO,1,1,35
SWE,1,2,1,,3,99,1,EURO,1,1,2395
SWE,1,2,2,,3,99,1,EURO,1,1,2980
SWE,1,2,3,,3,99,1,EURO,1,1,5150
SWE,1,2,4,,2,99,1,EURO,1,1,2235
SWE,1,2,5,,2,99,1,EURO,1,1,5310
SWE,1,2,6,,2,99,1,EURO,1,1,685
SWE,1,2,7,,2,99,1,EURO,1,1,10170
SWE,1,2,8,,2,99,1,EURO,1,1,5135
SWE,1,2,9,,1,99,1,EURO,1,1,10670
SWE,1,3,0,,99,99,1,EURO,1,1,15
SWE,1,3,1,,3,0,1,EURO,1,1,3660
SWE,1,3,2,,3,0,1,EURO,1,1,19670
SWE,1,3,3,,3,0,1,EURO,1,1,5670
SWE,1,3,4,,2,1,1,EURO,1,1,1250
SWE,1,3,5,,2,1,1,EURO,1,1,2405
SWE,1,3,6,,2,1,1,EURO,1,1,480
SWE,1,3,7,,2,1,1,EURO,1,1,3175
SWE,1,3,8,,2,1,1,EURO,1,1,1315
SWE,1,3,9,,1,1,1,EURO,1,1,8065
SWE,1,99,1,,3,99,1,EURO,1,1,520
SWE,1,99,2,,3,99,1,EURO,1,1,1975
SWE,1,99,3,,3,99,1,EURO,1,1,860
SWE,1,99,4,,2,99,1,EURO,1,1,265
SWE,1,99,5,,2,99,1,EURO,1,1,660
SWE,1,99,6,,2,99,1,EURO,1,1,255
SWE,1,99,7,,2,99,1,EURO,1,1,3770
SWE,1,99,8,,2,99,1,EURO,1,1,455
SWE,1,99,9,,1,99,1,EURO,1,1,5755
SWE,2,1,1,,3,99,1,EURO,1,1,265
SWE,2,1,2,,3,99,1,EURO,1,1,395
SWE,2,1,3,,3,99,1,EURO,1,1,840
SWE,2,1,4,,2,99,1,EURO,1,1,1305
SWE,2,1,5,,2,99,1,EURO,1,1,8705
SWE,2,1,6,,2,99,1,EURO,1,1,170
SWE,2,1,7,,2,99,1,EURO,1,1,445
SWE,2,1,8,,2,99,1,EURO,1,1,935
SWE,2,1,9,,1,99,1,EURO,1,1,8640
SWE,2,2,1,,3,99,1,EURO,1,1,1075
SWE,2,2,2,,3,99,1,EURO,1,1,2800
SWE,2,2,3,,3,99,1,EURO,1,1,3730
SWE,2,2,4,,2,99,1,EURO,1,1,5035
SWE,2,2,5,,2,99,1,EURO,1,1,16560
SWE,2,2,6,,2,99,1,EURO,1,1,325
SWE,2,2,7,,2,99,1,EURO,1,1,630
SWE,2,2,8,,2,99,1,EURO,1,1,1190
SWE,2,2,9,,1,99,1,EURO,1,1,9675
SWE,2,3,1,,3,0,1,EURO,1,1,3230
SWE,2,3,2,,3,0,1,EURO,1,1,30150
SWE,2,3,3,,3,0,1,EURO,1,1,6240
SWE,2,3,4,,2,1,1,EURO,1,1,3425
SWE,2,3,5,,2,1,1,EURO,1,1,6275
SWE,2,3,6,,2,1,1,EURO,1,1,285
SWE,2,3,7,,2,1,1,EURO,1,1,340
SWE,2,3,8,,2,1,1,EURO,1,1,345
SWE,2,3,9,,1,1,1,EURO,1,1,9185
SWE,2,99,1,,3,99,1,EURO,1,1,110
SWE,2,99,2,,3,99,1,EURO,1,1,1265
SWE,2,99,3,,3,99,1,EURO,1,1,360
SWE,2,99,4,,2,99,1,EURO,1,1,275
SWE,2,99,5,,2,99,1,EURO,1,1,565
SWE,2,99,6,,2,99,1,EURO,1,1,80
SWE,2,99,7,,2,99,1,EURO,1,1,50
SWE,2,99,8,,2,99,1,EURO,1,1,15
SWE,2,99,9,,1,99,1,EURO,1,1,2650
SWE,1,1,1,,3,99,1,NOAM,1,1,15
SWE,1,1,2,,3,99,1,NOAM,1,1,20
SWE,1,1,3,,3,99,1,NOAM,1,1,25
SWE,1,1,4,,2,99,1,NOAM,1,1,40
SWE,1,1,5,,2,99,1,NOAM,1,1,75
SWE,1,1,6,,2,99,1,NOAM,1,1,15
SWE,1,1,7,,2,99,1,NOAM,1,1,60
SWE,1,1,8,,2,99,1,NOAM,1,1,35
SWE,1,1,9,,1,99,1,NOAM,1,1,140
SWE,1,2,0,,99,99,1,NOAM,1,1,5
SWE,1,2,1,,3,99,1,NOAM,1,1,95
SWE,1,2,2,,3,99,1,NOAM,1,1,185
SWE,1,2,3,,3,99,1,NOAM,1,1,185
SWE,1,2,4,,2,99,1,NOAM,1,1,65
SWE,1,2,5,,2,99,1,NOAM,1,1,190
SWE,1,2,6,,2,99,1,NOAM,1,1,15
SWE,1,2,7,,2,99,1,NOAM,1,1,160
SWE,1,2,8,,2,99,1,NOAM,1,1,90
SWE,1,2,9,,1,99,1,NOAM,1,1,305
SWE,1,3,1,,3,0,1,NOAM,1,1,330
SWE,1,3,2,,3,0,1,NOAM,1,1,1755
SWE,1,3,3,,3,0,1,NOAM,1,1,450
SWE,1,3,4,,2,1,1,NOAM,1,1,85
SWE,1,3,5,,2,1,1,NOAM,1,1,225
SWE,1,3,6,,2,1,1,NOAM,1,1,20
SWE,1,3,7,,2,1,1,NOAM,1,1,125
SWE,1,3,8,,2,1,1,NOAM,1,1,55
SWE,1,3,9,,1,1,1,NOAM,1,1,620
SWE,1,99,1,,3,99,1,NOAM,1,1,60
SWE,1,99,2,,3,99,1,NOAM,1,1,310
SWE,1,99,3,,3,99,1,NOAM,1,1,50
SWE,1,99,5,,2,99,1,NOAM,1,1,15
SWE,1,99,7,,2,99,1,NOAM,1,1,10
SWE,1,99,9,,1,99,1,NOAM,1,1,80
SWE,2,1,2,,3,99,1,NOAM,1,1,15
SWE,2,1,3,,3,99,1,NOAM,1,1,5
SWE,2,1,4,,2,99,1,NOAM,1,1,25
SWE,2,1,5,,2,99,1,NOAM,1,1,95
SWE,2,1,8,,2,99,1,NOAM,1,1,5
SWE,2,1,9,,1,99,1,NOAM,1,1,70
SWE,2,2,1,,3,99,1,NOAM,1,1,30
SWE,2,2,2,,3,99,1,NOAM,1,1,140
SWE,2,2,3,,3,99,1,NOAM,1,1,80
SWE,2,2,4,,2,99,1,NOAM,1,1,105
SWE,2,2,5,,2,99,1,NOAM,1,1,280
SWE,2,2,6,,2,99,1,NOAM,1,1,10
SWE,2,2,8,,2,99,1,NOAM,1,1,15
SWE,2,2,9,,1,99,1,NOAM,1,1,210
SWE,2,3,1,,3,0,1,NOAM,1,1,205
SWE,2,3,2,,3,0,1,NOAM,1,1,1895
SWE,2,3,3,,3,0,1,NOAM,1,1,350
SWE,2,3,4,,2,1,1,NOAM,1,1,185
SWE,2,3,5,,2,1,1,NOAM,1,1,290
SWE,2,3,6,,2,1,1,NOAM,1,1,20
SWE,2,3,9,,1,1,1,NOAM,1,1,465
SWE,2,99,1,,3,99,1,NOAM,1,1,10
SWE,2,99,2,,3,99,1,NOAM,1,1,235
SWE,2,99,3,,3,99,1,NOAM,1,1,25
SWE,2,99,4,,2,99,1,NOAM,1,1,5
SWE,2,99,5,,2,99,1,NOAM,1,1,10
SWE,2,99,9,,1,99,1,NOAM,1,1,40
SWE,1,1,7,,2,99,1,OCEA,0,1,5
SWE,1,2,7,,2,99,1,OCEA,0,1,5
SWE,2,1,5,,2,99,1,OCEA,0,1,5
SWE,2,2,5,,2,99,1,OCEA,0,1,20
SWE,2,3,5,,2,1,1,OCEA,0,1,5
SWE,1,1,1,,3,99,1,OCEA,1,1,5
SWE,1,1,2,,3,99,1,OCEA,1,1,5
SWE,1,1,3,,3,99,1,OCEA,1,1,15
SWE,1,1,4,,2,99,1,OCEA,1,1,5
SWE,1,1,5,,2,99,1,OCEA,1,1,35
SWE,1,1,6,,2,99,1,OCEA,1,1,5
SWE,1,1,7,,2,99,1,OCEA,1,1,65
SWE,1,1,8,,2,99,1,OCEA,1,1,25
SWE,1,1,9,,1,99,1,OCEA,1,1,70
SWE,1,2,1,,3,99,1,OCEA,1,1,20
SWE,1,2,2,,3,99,1,OCEA,1,1,55
SWE,1,2,3,,3,99,1,OCEA,1,1,55
SWE,1,2,4,,2,99,1,OCEA,1,1,35
SWE,1,2,5,,2,99,1,OCEA,1,1,65
SWE,1,2,6,,2,99,1,OCEA,1,1,5
SWE,1,2,7,,2,99,1,OCEA,1,1,75
SWE,1,2,8,,2,99,1,OCEA,1,1,35
SWE,1,2,9,,1,99,1,OCEA,1,1,95
SWE,1,3,1,,3,0,1,OCEA,1,1,110
SWE,1,3,2,,3,0,1,OCEA,1,1,505
SWE,1,3,3,,3,0,1,OCEA,1,1,155
SWE,1,3,4,,2,1,1,OCEA,1,1,25
SWE,1,3,5,,2,1,1,OCEA,1,1,75
SWE,1,3,6,,2,1,1,OCEA,1,1,15
SWE,1,3,7,,2,1,1,OCEA,1,1,85
SWE,1,3,8,,2,1,1,OCEA,1,1,25
SWE,1,3,9,,1,1,1,OCEA,1,1,215
SWE,1,99,1,,3,99,1,OCEA,1,1,10
SWE,1,99,2,,3,99,1,OCEA,1,1,65
SWE,1,99,3,,3,99,1,OCEA,1,1,20
SWE,1,99,5,,2,99,1,OCEA,1,1,10
SWE,1,99,7,,2,99,1,OCEA,1,1,10
SWE,1,99,9,,1,99,1,OCEA,1,1,55
SWE,2,1,4,,2,99,1,OCEA,1,1,10
SWE,2,1,5,,2,99,1,OCEA,1,1,20
SWE,2,1,9,,1,99,1,OCEA,1,1,20
SWE,2,2,2,,3,99,1,OCEA,1,1,25
SWE,2,2,3,,3,99,1,OCEA,1,1,15
SWE,2,2,4,,2,99,1,OCEA,1,1,25
SWE,2,2,5,,2,99,1,OCEA,1,1,60
SWE,2,2,8,,2,99,1,OCEA,1,1,5
SWE,2,2,9,,1,99,1,OCEA,1,1,55
SWE,2,3,1,,3,0,1,OCEA,1,1,25
SWE,2,3,2,,3,0,1,OCEA,1,1,285
SWE,2,3,3,,3,0,1,OCEA,1,1,50
SWE,2,3,4,,2,1,1,OCEA,1,1,20
SWE,2,3,5,,2,1,1,OCEA,1,1,60
SWE,2,3,6,,2,1,1,OCEA,1,1,5
SWE,2,3,9,,1,1,1,OCEA,1,1,75
SWE,2,99,1,,3,99,1,OCEA,1,1,5
SWE,2,99,2,,3,99,1,OCEA,1,1,35
SWE,2,99,3,,3,99,1,OCEA,1,1,5
SWE,2,99,4,,2,99,1,OCEA,1,1,5
SWE,2,99,5,,2,99,1,OCEA,1,1,10
SWE,2,99,9,,1,99,1,OCEA,1,1,20
SWE,1,1,2,,3,99,1,SCAC,0,1,45
SWE,1,1,3,,3,99,1,SCAC,0,1,110
SWE,1,1,4,,2,99,1,SCAC,0,1,135
SWE,1,1,5,,2,99,1,SCAC,0,1,605
SWE,1,1,6,,2,99,1,SCAC,0,1,15
SWE,1,1,7,,2,99,1,SCAC,0,1,400
SWE,1,1,8,,2,99,1,SCAC,0,1,250
SWE,1,1,9,,1,99,1,SCAC,0,1,1420
SWE,1,2,0,,99,99,1,SCAC,0,1,10
SWE,1,2,1,,3,99,1,SCAC,0,1,120
SWE,1,2,2,,3,99,1,SCAC,0,1,305
SWE,1,2,3,,3,99,1,SCAC,0,1,515
SWE,1,2,4,,2,99,1,SCAC,0,1,395
SWE,1,2,5,,2,99,1,SCAC,0,1,1460
SWE,1,2,6,,2,99,1,SCAC,0,1,35
SWE,1,2,7,,2,99,1,SCAC,0,1,655
SWE,1,2,8,,2,99,1,SCAC,0,1,430
SWE,1,2,9,,1,99,1,SCAC,0,1,1440
SWE,1,3,1,,3,0,1,SCAC,0,1,185
SWE,1,3,2,,3,0,1,SCAC,0,1,2050
SWE,1,3,3,,3,0,1,SCAC,0,1,795
SWE,1,3,4,,2,1,1,SCAC,0,1,215
SWE,1,3,5,,2,1,1,SCAC,0,1,680
SWE,1,3,6,,2,1,1,SCAC,0,1,15
SWE,1,3,7,,2,1,1,SCAC,0,1,255
SWE,1,3,8,,2,1,1,SCAC,0,1,175
SWE,1,3,9,,1,1,1,SCAC,0,1,1245
SWE,1,99,1,,3,99,1,SCAC,0,1,10
SWE,1,99,2,,3,99,1,SCAC,0,1,135
SWE,1,99,3,,3,99,1,SCAC,0,1,25
SWE,1,99,5,,2,99,1,SCAC,0,1,25
SWE,1,99,7,,2,99,1,SCAC,0,1,25
SWE,1,99,9,,1,99,1,SCAC,0,1,190
SWE,2,1,1,,3,99,1,SCAC,0,1,5
SWE,2,1,2,,3,99,1,SCAC,0,1,25
SWE,2,1,3,,3,99,1,SCAC,0,1,35
SWE,2,1,4,,2,99,1,SCAC,0,1,70
SWE,2,1,5,,2,99,1,SCAC,0,1,1205
SWE,2,1,7,,2,99,1,SCAC,0,1,20
SWE,2,1,8,,2,99,1,SCAC,0,1,35
SWE,2,1,9,,1,99,1,SCAC,0,1,1340
SWE,2,2,1,,3,99,1,SCAC,0,1,30
SWE,2,2,2,,3,99,1,SCAC,0,1,195
SWE,2,2,3,,3,99,1,SCAC,0,1,250
SWE,2,2,4,,2,99,1,SCAC,0,1,335
SWE,2,2,5,,2,99,1,SCAC,0,1,2975
SWE,2,2,6,,2,99,1,SCAC,0,1,5
SWE,2,2,7,,2,99,1,SCAC,0,1,25
SWE,2,2,8,,2,99,1,SCAC,0,1,50
SWE,2,2,9,,1,99,1,SCAC,0,1,1135
SWE,2,3,1,,3,0,1,SCAC,0,1,170
SWE,2,3,2,,3,0,1,SCAC,0,1,3120
SWE,2,3,3,,3,0,1,SCAC,0,1,745
SWE,2,3,4,,2,1,1,SCAC,0,1,385
SWE,2,3,5,,2,1,1,SCAC,0,1,1495
SWE,2,3,8,,2,1,1,SCAC,0,1,25
SWE,2,3,9,,1,1,1,SCAC,0,1,1220
SWE,2,99,1,,3,99,1,SCAC,0,1,5
SWE,2,99,2,,3,99,1,SCAC,0,1,55
SWE,2,99,3,,3,99,1,SCAC,0,1,5
SWE,2,99,5,,2,99,1,SCAC,0,1,25
SWE,2,99,9,,1,99,1,SCAC,0,1,115
SWE,1,1,1,,3,99,1,SCAC,1,1,30
SWE,1,1,2,,3,99,1,SCAC,1,1,35
SWE,1,1,3,,3,99,1,SCAC,1,1,110
SWE,1,1,4,,2,99,1,SCAC,1,1,175
SWE,1,1,5,,2,99,1,SCAC,1,1,520
SWE,1,1,6,,2,99,1,SCAC,1,1,20
SWE,1,1,7,,2,99,1,SCAC,1,1,400
SWE,1,1,8,,2,99,1,SCAC,1,1,315
SWE,1,1,9,,1,99,1,SCAC,1,1,985
SWE,1,2,0,,99,99,1,SCAC,1,1,5
SWE,1,2,1,,3,99,1,SCAC,1,1,100
SWE,1,2,2,,3,99,1,SCAC,1,1,295
SWE,1,2,3,,3,99,1,SCAC,1,1,510
SWE,1,2,4,,2,99,1,SCAC,1,1,330
SWE,1,2,5,,2,99,1,SCAC,1,1,1080
SWE,1,2,6,,2,99,1,SCAC,1,1,5
SWE,1,2,7,,2,99,1,SCAC,1,1,760
SWE,1,2,8,,2,99,1,SCAC,1,1,610
SWE,1,2,9,,1,99,1,SCAC,1,1,1130
SWE,1,3,1,,3,0,1,SCAC,1,1,135
SWE,1,3,2,,3,0,1,SCAC,1,1,1045
SWE,1,3,3,,3,0,1,SCAC,1,1,400
SWE,1,3,4,,2,1,1,SCAC,1,1,105
SWE,1,3,5,,2,1,1,SCAC,1,1,290
SWE,1,3,6,,2,1,1,SCAC,1,1,5
SWE,1,3,7,,2,1,1,SCAC,1,1,125
SWE,1,3,8,,2,1,1,SCAC,1,1,110
SWE,1,3,9,,1,1,1,SCAC,1,1,430
SWE,1,99,2,,3,99,1,SCAC,1,1,25
SWE,1,99,3,,3,99,1,SCAC,1,1,5
SWE,1,99,4,,2,99,1,SCAC,1,1,5
SWE,1,99,5,,2,99,1,SCAC,1,1,5
SWE,1,99,7,,2,99,1,SCAC,1,1,5
SWE,1,99,9,,1,99,1,SCAC,1,1,30
SWE,2,1,1,,3,99,1,SCAC,1,1,10
SWE,2,1,2,,3,99,1,SCAC,1,1,30
SWE,2,1,3,,3,99,1,SCAC,1,1,50
SWE,2,1,4,,2,99,1,SCAC,1,1,70
SWE,2,1,5,,2,99,1,SCAC,1,1,1070
SWE,2,1,7,,2,99,1,SCAC,1,1,25
SWE,2,1,8,,2,99,1,SCAC,1,1,80
SWE,2,1,9,,1,99,1,SCAC,1,1,685
SWE,2,2,1,,3,99,1,SCAC,1,1,60
SWE,2,2,2,,3,99,1,SCAC,1,1,205
SWE,2,2,3,,3,99,1,SCAC,1,1,240
SWE,2,2,4,,2,99,1,SCAC,1,1,335
SWE,2,2,5,,2,99,1,SCAC,1,1,2210
SWE,2,2,6,,2,99,1,SCAC,1,1,5
SWE,2,2,7,,2,99,1,SCAC,1,1,40
SWE,2,2,8,,2,99,1,SCAC,1,1,100
SWE,2,2,9,,1,99,1,SCAC,1,1,735
SWE,2,3,1,,3,0,1,SCAC,1,1,140
SWE,2,3,2,,3,0,1,SCAC,1,1,1605
SWE,2,3,3,,3,0,1,SCAC,1,1,360
SWE,2,3,4,,2,1,1,SCAC,1,1,185
SWE,2,3,5,,2,1,1,SCAC,1,1,545
SWE,2,3,7,,2,1,1,SCAC,1,1,5
SWE,2,3,8,,2,1,1,SCAC,1,1,10
SWE,2,3,9,,1,1,1,SCAC,1,1,425
SWE,2,99,2,,3,99,1,SCAC,1,1,10
SWE,2,99,3,,3,99,1,SCAC,1,1,5
SWE,2,99,9,,1,99,1,SCAC,1,1,15
SWE,1,1,5,,2,99,1,UNK,0,99,15
SWE,1,1,7,,2,99,1,UNK,0,99,15
SWE,1,1,8,,2,99,1,UNK,0,99,10
SWE,1,1,9,,1,99,1,UNK,0,99,45
SWE,1,2,4,,2,99,1,UNK,0,99,5
SWE,1,2,5,,2,99,1,UNK,0,99,15
SWE,1,2,8,,2,99,1,UNK,0,99,5
SWE,1,2,9,,1,99,1,UNK,0,99,15
SWE,1,3,2,,3,0,1,UNK,0,99,10
SWE,1,3,3,,3,0,1,UNK,0,99,10
SWE,1,3,5,,2,1,1,UNK,0,99,5
SWE,1,3,7,,2,1,1,UNK,0,99,5
SWE,1,3,8,,2,1,1,UNK,0,99,5
SWE,1,3,9,,1,1,1,UNK,0,99,15
SWE,1,99,7,,2,99,1,UNK,0,99,10
SWE,1,99,9,,1,99,1,UNK,0,99,15
SWE,2,1,5,,2,99,1,UNK,0,99,10
SWE,2,1,8,,2,99,1,UNK,0,99,5
SWE,2,1,9,,1,99,1,UNK,0,99,25
SWE,2,2,5,,2,99,1,UNK,0,99,25
SWE,2,2,9,,1,99,1,UNK,0,99,10
SWE,2,3,2,,3,0,1,UNK,0,99,20
SWE,2,3,3,,3,0,1,UNK,0,99,5
SWE,2,3,4,,2,1,1,UNK,0,99,5
SWE,2,3,5,,2,1,1,UNK,0,99,5
SWE,2,3,9,,1,1,1,UNK,0,99,15
USA,1,1,,USA_11,3,99,1,AFRI,0,1,1446
USA,1,1,,USA_13,3,99,1,AFRI,0,1,585
USA,1,1,,USA_15,3,99,1,AFRI,0,1,355
USA,1,1,,USA_19,3,99,1,AFRI,0,1,202
USA,1,1,,USA_21,3,99,1,AFRI,0,1,776
USA,1,1,,USA_25,3,99,1,AFRI,0,1,255
USA,1,1,,USA_27,3,99,1,AFRI,0,1,328
USA,1,1,,USA_29,3,99,1,AFRI,0,1,217
USA,1,1,,USA_31,2,99,1,AFRI,0,1,1107
USA,1,1,,USA_33,2,99,1,AFRI,0,1,1281
USA,1,1,,USA_35,2,99,1,AFRI,0,1,5555
USA,1,1,,USA_37,2,99,1,AFRI,0,1,3527
USA,1,1,,USA_39,2,99,1,AFRI,0,1,1285
USA,1,1,,USA_41,2,99,1,AFRI,0,1,3544
USA,1,1,,USA_43,2,99,1,AFRI,0,1,4259
USA,1,1,,USA_45,2,99,1,AFRI,0,1,613
USA,1,1,,USA_47,2,99,1,AFRI,0,1,3122
USA,1,1,,USA_49,2,99,1,AFRI,0,1,1585
USA,1,1,,USA_51,2,99,1,AFRI,0,1,9477
USA,1,1,,USA_53,2,99,1,AFRI,0,1,21976
USA,1,2,,USA_11,3,99,1,AFRI,0,1,15451
USA,1,2,,USA_13,3,99,1,AFRI,0,1,3589
USA,1,2,,USA_15,3,99,1,AFRI,0,1,3304
USA,1,2,,USA_17,3,99,1,AFRI,0,1,2488
USA,1,2,,USA_19,3,99,1,AFRI,0,1,888
USA,1,2,,USA_21,3,99,1,AFRI,0,1,1793
USA,1,2,,USA_23,3,99,1,AFRI,0,1,417
USA,1,2,,USA_25,3,99,1,AFRI,0,1,3728
USA,1,2,,USA_27,3,99,1,AFRI,0,1,3722
USA,1,2,,USA_29,3,99,1,AFRI,0,1,8927
USA,1,2,,USA_31,2,99,1,AFRI,0,1,10757
USA,1,2,,USA_33,2,99,1,AFRI,0,1,11010
USA,1,2,,USA_35,2,99,1,AFRI,0,1,19603
USA,1,2,,USA_37,2,99,1,AFRI,0,1,10791
USA,1,2,,USA_39,2,99,1,AFRI,0,1,13764
USA,1,2,,USA_41,2,99,1,AFRI,0,1,31325
USA,1,2,,USA_43,2,99,1,AFRI,0,1,30299
USA,1,2,,USA_45,2,99,1,AFRI,0,1,442
USA,1,2,,USA_47,2,99,1,AFRI,0,1,9575
USA,1,2,,USA_49,2,99,1,AFRI,0,1,13172
USA,1,2,,USA_51,2,99,1,AFRI,0,1,25939
USA,1,2,,USA_53,2,99,1,AFRI,0,1,72539
USA,1,2,,USA_55,2,99,1,AFRI,0,1,955
USA,1,3,,USA_11,3,0,1,AFRI,0,1,62056
USA,1,3,,USA_13,3,0,1,AFRI,0,1,30682
USA,1,3,,USA_15,3,0,1,AFRI,0,1,35845
USA,1,3,,USA_17,3,0,1,AFRI,0,1,23076
USA,1,3,,USA_19,3,0,1,AFRI,0,1,7757
USA,1,3,,USA_21,3,0,1,AFRI,0,1,12176
USA,1,3,,USA_23,3,0,1,AFRI,0,1,4317
USA,1,3,,USA_25,3,0,1,AFRI,0,1,26919
USA,1,3,,USA_27,3,0,1,AFRI,0,1,6474
USA,1,3,,USA_29,3,0,1,AFRI,0,1,50790
USA,1,3,,USA_31,2,1,1,AFRI,0,1,7736
USA,1,3,,USA_33,2,1,1,AFRI,0,1,13981
USA,1,3,,USA_35,2,1,1,AFRI,0,1,11569
USA,1,3,,USA_37,2,1,1,AFRI,0,1,2819
USA,1,3,,USA_39,2,1,1,AFRI,0,1,10196
USA,1,3,,USA_41,2,1,1,AFRI,0,1,37702
USA,1,3,,USA_43,2,1,1,AFRI,0,1,34010
USA,1,3,,USA_45,2,1,1,AFRI,0,1,429
USA,1,3,,USA_47,2,1,1,AFRI,0,1,5334
USA,1,3,,USA_49,2,1,1,AFRI,0,1,10047
USA,1,3,,USA_51,2,1,1,AFRI,0,1,16708
USA,1,3,,USA_53,2,1,1,AFRI,0,1,45084
USA,1,3,,USA_55,2,1,1,AFRI,0,1,1745
USA,2,1,,USA_11,3,99,1,AFRI,0,1,502
USA,2,1,,USA_13,3,99,1,AFRI,0,1,404
USA,2,1,,USA_15,3,99,1,AFRI,0,1,12
USA,2,1,,USA_21,3,99,1,AFRI,0,1,737
USA,2,1,,USA_25,3,99,1,AFRI,0,1,1080
USA,2,1,,USA_27,3,99,1,AFRI,0,1,65
USA,2,1,,USA_29,3,99,1,AFRI,0,1,898
USA,2,1,,USA_31,2,99,1,AFRI,0,1,7589
USA,2,1,,USA_33,2,99,1,AFRI,0,1,207
USA,2,1,,USA_35,2,99,1,AFRI,0,1,3954
USA,2,1,,USA_37,2,99,1,AFRI,0,1,6596
USA,2,1,,USA_39,2,99,1,AFRI,0,1,9235
USA,2,1,,USA_41,2,99,1,AFRI,0,1,6468
USA,2,1,,USA_43,2,99,1,AFRI,0,1,4618
USA,2,1,,USA_45,2,99,1,AFRI,0,1,261
USA,2,1,,USA_49,2,99,1,AFRI,0,1,70
USA,2,1,,USA_51,2,99,1,AFRI,0,1,6727
USA,2,1,,USA_53,2,99,1,AFRI,0,1,5089
USA,2,1,,USA_55,2,99,1,AFRI,0,1,7
USA,2,2,,USA_11,3,99,1,AFRI,0,1,7539
USA,2,2,,USA_13,3,99,1,AFRI,0,1,3647
USA,2,2,,USA_15,3,99,1,AFRI,0,1,581
USA,2,2,,USA_17,3,99,1,AFRI,0,1,325
USA,2,2,,USA_19,3,99,1,AFRI,0,1,846
USA,2,2,,USA_21,3,99,1,AFRI,0,1,4068
USA,2,2,,USA_23,3,99,1,AFRI,0,1,436
USA,2,2,,USA_25,3,99,1,AFRI,0,1,7597
USA,2,2,,USA_27,3,99,1,AFRI,0,1,1422
USA,2,2,,USA_29,3,99,1,AFRI,0,1,21586
USA,2,2,,USA_31,2,99,1,AFRI,0,1,41154
USA,2,2,,USA_33,2,99,1,AFRI,0,1,3115
USA,2,2,,USA_35,2,99,1,AFRI,0,1,17414
USA,2,2,,USA_37,2,99,1,AFRI,0,1,15005
USA,2,2,,USA_39,2,99,1,AFRI,0,1,33788
USA,2,2,,USA_41,2,99,1,AFRI,0,1,23633
USA,2,2,,USA_43,2,99,1,AFRI,0,1,28696
USA,2,2,,USA_45,2,99,1,AFRI,0,1,167
USA,2,2,,USA_47,2,99,1,AFRI,0,1,999
USA,2,2,,USA_49,2,99,1,AFRI,0,1,371
USA,2,2,,USA_51,2,99,1,AFRI,0,1,12109
USA,2,2,,USA_53,2,99,1,AFRI,0,1,9010
USA,2,2,,USA_55,2,99,1,AFRI,0,1,92
USA,2,3,,USA_11,3,0,1,AFRI,0,1,27359
USA,2,3,,USA_13,3,0,1,AFRI,0,1,23990
USA,2,3,,USA_15,3,0,1,AFRI,0,1,6209
USA,2,3,,USA_17,3,0,1,AFRI,0,1,3060
USA,2,3,,USA_19,3,0,1,AFRI,0,1,4485
USA,2,3,,USA_21,3,0,1,AFRI,0,1,9841
USA,2,3,,USA_23,3,0,1,AFRI,0,1,4133
USA,2,3,,USA_25,3,0,1,AFRI,0,1,27351
USA,2,3,,USA_27,3,0,1,AFRI,0,1,3921
USA,2,3,,USA_29,3,0,1,AFRI,0,1,76105
USA,2,3,,USA_31,2,1,1,AFRI,0,1,18467
USA,2,3,,USA_33,2,1,1,AFRI,0,1,2154
USA,2,3,,USA_35,2,1,1,AFRI,0,1,4744
USA,2,3,,USA_37,2,1,1,AFRI,0,1,2597
USA,2,3,,USA_39,2,1,1,AFRI,0,1,16485
USA,2,3,,USA_41,2,1,1,AFRI,0,1,16508
USA,2,3,,USA_43,2,1,1,AFRI,0,1,29457
USA,2,3,,USA_45,2,1,1,AFRI,0,1,473
USA,2,3,,USA_47,2,1,1,AFRI,0,1,336
USA,2,3,,USA_49,2,1,1,AFRI,0,1,631
USA,2,3,,USA_51,2,1,1,AFRI,0,1,4405
USA,2,3,,USA_53,2,1,1,AFRI,0,1,5002
USA,2,3,,USA_55,2,1,1,AFRI,0,1,62
USA,1,1,,USA_11,3,99,1,ASIA,0,1,17430
USA,1,1,,USA_13,3,99,1,ASIA,0,1,2079
USA,1,1,,USA_15,3,99,1,ASIA,0,1,3628
USA,1,1,,USA_17,3,99,1,ASIA,0,1,2547
USA,1,1,,USA_19,3,99,1,ASIA,0,1,534
USA,1,1,,USA_21,3,99,1,ASIA,0,1,1265
USA,1,1,,USA_23,3,99,1,ASIA,0,1,40
USA,1,1,,USA_25,3,99,1,ASIA,0,1,1343
USA,1,1,,USA_27,3,99,1,ASIA,0,1,3191
USA,1,1,,USA_29,3,99,1,ASIA,0,1,2182
USA,1,1,,USA_31,2,99,1,ASIA,0,1,3942
USA,1,1,,USA_33,2,99,1,ASIA,0,1,2589
USA,1,1,,USA_35,2,99,1,ASIA,0,1,75349
USA,1,1,,USA_37,2,99,1,ASIA,0,1,18515
USA,1,1,,USA_39,2,99,1,ASIA,0,1,24669
USA,1,1,,USA_41,2,99,1,ASIA,0,1,38341
USA,1,1,,USA_43,2,99,1,ASIA,0,1,20676
USA,1,1,,USA_45,2,99,1,ASIA,0,1,3917
USA,1,1,,USA_47,2,99,1,ASIA,0,1,22635
USA,1,1,,USA_49,2,99,1,ASIA,0,1,16155
USA,1,1,,USA_51,2,99,1,ASIA,0,1,76093
USA,1,1,,USA_53,2,99,1,ASIA,0,1,56157
USA,1,1,,USA_55,2,99,1,ASIA,0,1,54
USA,1,2,,USA_11,3,99,1,ASIA,0,1,68901
USA,1,2,,USA_13,3,99,1,ASIA,0,1,15966
USA,1,2,,USA_15,3,99,1,ASIA,0,1,23613
USA,1,2,,USA_17,3,99,1,ASIA,0,1,13836
USA,1,2,,USA_19,3,99,1,ASIA,0,1,3664
USA,1,2,,USA_21,3,99,1,ASIA,0,1,3110
USA,1,2,,USA_23,3,99,1,ASIA,0,1,1280
USA,1,2,,USA_25,3,99,1,ASIA,0,1,10847
USA,1,2,,USA_27,3,99,1,ASIA,0,1,11811
USA,1,2,,USA_29,3,99,1,ASIA,0,1,16468
USA,1,2,,USA_31,2,99,1,ASIA,0,1,15391
USA,1,2,,USA_33,2,99,1,ASIA,0,1,18110
USA,1,2,,USA_35,2,99,1,ASIA,0,1,106824
USA,1,2,,USA_37,2,99,1,ASIA,0,1,39292
USA,1,2,,USA_39,2,99,1,ASIA,0,1,60185
USA,1,2,,USA_41,2,99,1,ASIA,0,1,135419
USA,1,2,,USA_43,2,99,1,ASIA,0,1,100365
USA,1,2,,USA_45,2,99,1,ASIA,0,1,5176
USA,1,2,,USA_47,2,99,1,ASIA,0,1,40880
USA,1,2,,USA_49,2,99,1,ASIA,0,1,50585
USA,1,2,,USA_51,2,99,1,ASIA,0,1,129221
USA,1,2,,USA_53,2,99,1,ASIA,0,1,137330
USA,1,2,,USA_55,2,99,1,ASIA,0,1,3022
USA,1,3,,USA_11,3,0,1,ASIA,0,1,359682
USA,1,3,,USA_13,3,0,1,ASIA,0,1,151730
USA,1,3,,USA_15,3,0,1,ASIA,0,1,533489
USA,1,3,,USA_17,3,0,1,ASIA,0,1,211172
USA,1,3,,USA_19,3,0,1,ASIA,0,1,75640
USA,1,3,,USA_21,3,0,1,ASIA,0,1,21276
USA,1,3,,USA_23,3,0,1,ASIA,0,1,16433
USA,1,3,,USA_25,3,0,1,ASIA,0,1,121787
USA,1,3,,USA_27,3,0,1,ASIA,0,1,41466
USA,1,3,,USA_29,3,0,1,ASIA,0,1,205054
USA,1,3,,USA_31,2,1,1,ASIA,0,1,18408
USA,1,3,,USA_33,2,1,1,ASIA,0,1,20814
USA,1,3,,USA_35,2,1,1,ASIA,0,1,41073
USA,1,3,,USA_37,2,1,1,ASIA,0,1,17888
USA,1,3,,USA_39,2,1,1,ASIA,0,1,27496
USA,1,3,,USA_41,2,1,1,ASIA,0,1,176855
USA,1,3,,USA_43,2,1,1,ASIA,0,1,111318
USA,1,3,,USA_45,2,1,1,ASIA,0,1,925
USA,1,3,,USA_47,2,1,1,ASIA,0,1,22144
USA,1,3,,USA_49,2,1,1,ASIA,0,1,40359
USA,1,3,,USA_51,2,1,1,ASIA,0,1,61052
USA,1,3,,USA_53,2,1,1,ASIA,0,1,73352
USA,1,3,,USA_55,2,1,1,ASIA,0,1,5099
USA,2,1,,USA_11,3,99,1,ASIA,0,1,9430
USA,2,1,,USA_13,3,99,1,ASIA,0,1,1755
USA,2,1,,USA_15,3,99,1,ASIA,0,1,1056
USA,2,1,,USA_17,3,99,1,ASIA,0,1,995
USA,2,1,,USA_19,3,99,1,ASIA,0,1,590
USA,2,1,,USA_21,3,99,1,ASIA,0,1,1228
USA,2,1,,USA_23,3,99,1,ASIA,0,1,245
USA,2,1,,USA_25,3,99,1,ASIA,0,1,2797
USA,2,1,,USA_27,3,99,1,ASIA,0,1,1571
USA,2,1,,USA_29,3,99,1,ASIA,0,1,3809
USA,2,1,,USA_31,2,99,1,ASIA,0,1,15442
USA,2,1,,USA_33,2,99,1,ASIA,0,1,739
USA,2,1,,USA_35,2,99,1,ASIA,0,1,51283
USA,2,1,,USA_37,2,99,1,ASIA,0,1,28315
USA,2,1,,USA_39,2,99,1,ASIA,0,1,91758
USA,2,1,,USA_41,2,99,1,ASIA,0,1,41254
USA,2,1,,USA_43,2,99,1,ASIA,0,1,29391
USA,2,1,,USA_45,2,99,1,ASIA,0,1,1632
USA,2,1,,USA_47,2,99,1,ASIA,0,1,680
USA,2,1,,USA_49,2,99,1,ASIA,0,1,888
USA,2,1,,USA_51,2,99,1,ASIA,0,1,65538
USA,2,1,,USA_53,2,99,1,ASIA,0,1,14129
USA,2,2,,USA_11,3,99,1,ASIA,0,1,43721
USA,2,2,,USA_13,3,99,1,ASIA,0,1,17684
USA,2,2,,USA_15,3,99,1,ASIA,0,1,6878
USA,2,2,,USA_17,3,99,1,ASIA,0,1,3803
USA,2,2,,USA_19,3,99,1,ASIA,0,1,2669
USA,2,2,,USA_21,3,99,1,ASIA,0,1,4765
USA,2,2,,USA_23,3,99,1,ASIA,0,1,2043
USA,2,2,,USA_25,3,99,1,ASIA,0,1,25383
USA,2,2,,USA_27,3,99,1,ASIA,0,1,10325
USA,2,2,,USA_29,3,99,1,ASIA,0,1,36825
USA,2,2,,USA_31,2,99,1,ASIA,0,1,55254
USA,2,2,,USA_33,2,99,1,ASIA,0,1,3598
USA,2,2,,USA_35,2,99,1,ASIA,0,1,96283
USA,2,2,,USA_37,2,99,1,ASIA,0,1,39774
USA,2,2,,USA_39,2,99,1,ASIA,0,1,178675
USA,2,2,,USA_41,2,99,1,ASIA,0,1,128432
USA,2,2,,USA_43,2,99,1,ASIA,0,1,153192
USA,2,2,,USA_45,2,99,1,ASIA,0,1,2394
USA,2,2,,USA_47,2,99,1,ASIA,0,1,836
USA,2,2,,USA_49,2,99,1,ASIA,0,1,2129
USA,2,2,,USA_51,2,99,1,ASIA,0,1,77445
USA,2,2,,USA_53,2,99,1,ASIA,0,1,18388
USA,2,2,,USA_55,2,99,1,ASIA,0,1,546
USA,2,3,,USA_11,3,0,1,ASIA,0,1,207449
USA,2,3,,USA_13,3,0,1,ASIA,0,1,220061
USA,2,3,,USA_15,3,0,1,ASIA,0,1,195345
USA,2,3,,USA_17,3,0,1,ASIA,0,1,50466
USA,2,3,,USA_19,3,0,1,ASIA,0,1,62247
USA,2,3,,USA_21,3,0,1,ASIA,0,1,29533
USA,2,3,,USA_23,3,0,1,ASIA,0,1,18547
USA,2,3,,USA_25,3,0,1,ASIA,0,1,173225
USA,2,3,,USA_27,3,0,1,ASIA,0,1,38787
USA,2,3,,USA_29,3,0,1,ASIA,0,1,389358
USA,2,3,,USA_31,2,1,1,ASIA,0,1,54759
USA,2,3,,USA_33,2,1,1,ASIA,0,1,4815
USA,2,3,,USA_35,2,1,1,ASIA,0,1,47667
USA,2,3,,USA_37,2,1,1,ASIA,0,1,15734
USA,2,3,,USA_39,2,1,1,ASIA,0,1,85114
USA,2,3,,USA_41,2,1,1,ASIA,0,1,138282
USA,2,3,,USA_43,2,1,1,ASIA,0,1,214408
USA,2,3,,USA_45,2,1,1,ASIA,0,1,704
USA,2,3,,USA_47,2,1,1,ASIA,0,1,735
USA,2,3,,USA_49,2,1,1,ASIA,0,1,2481
USA,2,3,,USA_51,2,1,1,ASIA,0,1,40496
USA,2,3,,USA_53,2,1,1,ASIA,0,1,11854
USA,2,3,,USA_55,2,1,1,ASIA,0,1,533
USA,1,1,,USA_11,3,99,1,ASIA,1,1,2066
USA,1,1,,USA_13,3,99,1,ASIA,1,1,38
USA,1,1,,USA_15,3,99,1,ASIA,1,1,62
USA,1,1,,USA_17,3,99,1,ASIA,1,1,334
USA,1,1,,USA_21,3,99,1,ASIA,1,1,241
USA,1,1,,USA_25,3,99,1,ASIA,1,1,275
USA,1,1,,USA_27,3,99,1,ASIA,1,1,355
USA,1,1,,USA_29,3,99,1,ASIA,1,1,330
USA,1,1,,USA_33,2,99,1,ASIA,1,1,677
USA,1,1,,USA_35,2,99,1,ASIA,1,1,1919
USA,1,1,,USA_37,2,99,1,ASIA,1,1,214
USA,1,1,,USA_39,2,99,1,ASIA,1,1,296
USA,1,1,,USA_41,2,99,1,ASIA,1,1,2837
USA,1,1,,USA_43,2,99,1,ASIA,1,1,2008
USA,1,1,,USA_45,2,99,1,ASIA,1,1,172
USA,1,1,,USA_47,2,99,1,ASIA,1,1,1405
USA,1,1,,USA_49,2,99,1,ASIA,1,1,909
USA,1,1,,USA_51,2,99,1,ASIA,1,1,2886
USA,1,1,,USA_53,2,99,1,ASIA,1,1,1726
USA,1,2,,USA_11,3,99,1,ASIA,1,1,20657
USA,1,2,,USA_13,3,99,1,ASIA,1,1,2792
USA,1,2,,USA_15,3,99,1,ASIA,1,1,5034
USA,1,2,,USA_17,3,99,1,ASIA,1,1,2997
USA,1,2,,USA_19,3,99,1,ASIA,1,1,349
USA,1,2,,USA_21,3,99,1,ASIA,1,1,740
USA,1,2,,USA_23,3,99,1,ASIA,1,1,64
USA,1,2,,USA_25,3,99,1,ASIA,1,1,2819
USA,1,2,,USA_27,3,99,1,ASIA,1,1,4219
USA,1,2,,USA_29,3,99,1,ASIA,1,1,1577
USA,1,2,,USA_31,2,99,1,ASIA,1,1,1177
USA,1,2,,USA_33,2,99,1,ASIA,1,1,3628
USA,1,2,,USA_35,2,99,1,ASIA,1,1,16134
USA,1,2,,USA_37,2,99,1,ASIA,1,1,4494
USA,1,2,,USA_39,2,99,1,ASIA,1,1,4643
USA,1,2,,USA_41,2,99,1,ASIA,1,1,24047
USA,1,2,,USA_43,2,99,1,ASIA,1,1,12547
USA,1,2,,USA_45,2,99,1,ASIA,1,1,470
USA,1,2,,USA_47,2,99,1,ASIA,1,1,10272
USA,1,2,,USA_49,2,99,1,ASIA,1,1,8497
USA,1,2,,USA_51,2,99,1,ASIA,1,1,11864
USA,1,2,,USA_53,2,99,1,ASIA,1,1,12904
USA,1,2,,USA_55,2,99,1,ASIA,1,1,939
USA,1,3,,USA_11,3,0,1,ASIA,1,1,69394
USA,1,3,,USA_13,3,0,1,ASIA,1,1,24304
USA,1,3,,USA_15,3,0,1,ASIA,1,1,31614
USA,1,3,,USA_17,3,0,1,ASIA,1,1,23462
USA,1,3,,USA_19,3,0,1,ASIA,1,1,11466
USA,1,3,,USA_21,3,0,1,ASIA,1,1,13196
USA,1,3,,USA_23,3,0,1,ASIA,1,1,5915
USA,1,3,,USA_25,3,0,1,ASIA,1,1,23733
USA,1,3,,USA_27,3,0,1,ASIA,1,1,10779
USA,1,3,,USA_29,3,0,1,ASIA,1,1,24385
USA,1,3,,USA_31,2,1,1,ASIA,1,1,1079
USA,1,3,,USA_33,2,1,1,ASIA,1,1,3947
USA,1,3,,USA_35,2,1,1,ASIA,1,1,5396
USA,1,3,,USA_37,2,1,1,ASIA,1,1,1671
USA,1,3,,USA_39,2,1,1,ASIA,1,1,2179
USA,1,3,,USA_41,2,1,1,ASIA,1,1,42265
USA,1,3,,USA_43,2,1,1,ASIA,1,1,14221
USA,1,3,,USA_45,2,1,1,ASIA,1,1,108
USA,1,3,,USA_47,2,1,1,ASIA,1,1,3665
USA,1,3,,USA_49,2,1,1,ASIA,1,1,6055
USA,1,3,,USA_51,2,1,1,ASIA,1,1,8410
USA,1,3,,USA_53,2,1,1,ASIA,1,1,10471
USA,1,3,,USA_55,2,1,1,ASIA,1,1,1559
USA,2,1,,USA_11,3,99,1,ASIA,1,1,776
USA,2,1,,USA_13,3,99,1,ASIA,1,1,71
USA,2,1,,USA_25,3,99,1,ASIA,1,1,774
USA,2,1,,USA_29,3,99,1,ASIA,1,1,905
USA,2,1,,USA_31,2,99,1,ASIA,1,1,644
USA,2,1,,USA_35,2,99,1,ASIA,1,1,3465
USA,2,1,,USA_37,2,99,1,ASIA,1,1,1401
USA,2,1,,USA_39,2,99,1,ASIA,1,1,3120
USA,2,1,,USA_41,2,99,1,ASIA,1,1,2939
USA,2,1,,USA_43,2,99,1,ASIA,1,1,2182
USA,2,1,,USA_49,2,99,1,ASIA,1,1,50
USA,2,1,,USA_51,2,99,1,ASIA,1,1,2923
USA,2,1,,USA_53,2,99,1,ASIA,1,1,744
USA,2,2,,USA_11,3,99,1,ASIA,1,1,14918
USA,2,2,,USA_13,3,99,1,ASIA,1,1,3177
USA,2,2,,USA_15,3,99,1,ASIA,1,1,956
USA,2,2,,USA_17,3,99,1,ASIA,1,1,680
USA,2,2,,USA_19,3,99,1,ASIA,1,1,73
USA,2,2,,USA_21,3,99,1,ASIA,1,1,2161
USA,2,2,,USA_23,3,99,1,ASIA,1,1,275
USA,2,2,,USA_25,3,99,1,ASIA,1,1,5019
USA,2,2,,USA_27,3,99,1,ASIA,1,1,3259
USA,2,2,,USA_29,3,99,1,ASIA,1,1,4320
USA,2,2,,USA_31,2,99,1,ASIA,1,1,4582
USA,2,2,,USA_33,2,99,1,ASIA,1,1,788
USA,2,2,,USA_35,2,99,1,ASIA,1,1,16685
USA,2,2,,USA_37,2,99,1,ASIA,1,1,3003
USA,2,2,,USA_39,2,99,1,ASIA,1,1,18132
USA,2,2,,USA_41,2,99,1,ASIA,1,1,30631
USA,2,2,,USA_43,2,99,1,ASIA,1,1,28676
USA,2,2,,USA_45,2,99,1,ASIA,1,1,190
USA,2,2,,USA_47,2,99,1,ASIA,1,1,591
USA,2,2,,USA_49,2,99,1,ASIA,1,1,262
USA,2,2,,USA_51,2,99,1,ASIA,1,1,9569
USA,2,2,,USA_53,2,99,1,ASIA,1,1,2584
USA,2,2,,USA_55,2,99,1,ASIA,1,1,770
USA,2,3,,USA_11,3,0,1,ASIA,1,1,41411
USA,2,3,,USA_13,3,0,1,ASIA,1,1,29801
USA,2,3,,USA_15,3,0,1,ASIA,1,1,11858
USA,2,3,,USA_17,3,0,1,ASIA,1,1,3960
USA,2,3,,USA_19,3,0,1,ASIA,1,1,7172
USA,2,3,,USA_21,3,0,1,ASIA,1,1,8430
USA,2,3,,USA_23,3,0,1,ASIA,1,1,7072
USA,2,3,,USA_25,3,0,1,ASIA,1,1,37623
USA,2,3,,USA_27,3,0,1,ASIA,1,1,16504
USA,2,3,,USA_29,3,0,1,ASIA,1,1,40025
USA,2,3,,USA_31,2,1,1,ASIA,1,1,5530
USA,2,3,,USA_33,2,1,1,ASIA,1,1,1912
USA,2,3,,USA_35,2,1,1,ASIA,1,1,8177
USA,2,3,,USA_37,2,1,1,ASIA,1,1,1243
USA,2,3,,USA_39,2,1,1,ASIA,1,1,13087
USA,2,3,,USA_41,2,1,1,ASIA,1,1,29433
USA,2,3,,USA_43,2,1,1,ASIA,1,1,35569
USA,2,3,,USA_45,2,1,1,ASIA,1,1,59
USA,2,3,,USA_49,2,1,1,ASIA,1,1,25
USA,2,3,,USA_51,2,1,1,ASIA,1,1,6009
USA,2,3,,USA_53,2,1,1,ASIA,1,1,2034
USA,2,3,,USA_55,2,1,1,ASIA,1,1,354
USA,1,1,,USA_11,3,99,1,EURO,0,1,2725
USA,1,1,,USA_13,3,99,1,EURO,0,1,206
USA,1,1,,USA_15,3,99,1,EURO,0,1,79
USA,1,1,,USA_17,3,99,1,EURO,0,1,94
USA,1,1,,USA_19,3,99,1,EURO,0,1,207
USA,1,1,,USA_21,3,99,1,EURO,0,1,48
USA,1,1,,USA_25,3,99,1,EURO,0,1,145
USA,1,1,,USA_27,3,99,1,EURO,0,1,114
USA,1,1,,USA_31,2,99,1,EURO,0,1,57
USA,1,1,,USA_33,2,99,1,EURO,0,1,228
USA,1,1,,USA_35,2,99,1,EURO,0,1,3863
USA,1,1,,USA_37,2,99,1,EURO,0,1,3025
USA,1,1,,USA_39,2,99,1,EURO,0,1,328
USA,1,1,,USA_41,2,99,1,EURO,0,1,2493
USA,1,1,,USA_43,2,99,1,EURO,0,1,1947
USA,1,1,,USA_45,2,99,1,EURO,0,1,10
USA,1,1,,USA_47,2,99,1,EURO,0,1,6496
USA,1,1,,USA_49,2,99,1,EURO,0,1,2019
USA,1,1,,USA_51,2,99,1,EURO,0,1,3555
USA,1,1,,USA_53,2,99,1,EURO,0,1,4058
USA,1,2,,USA_11,3,99,1,EURO,0,1,15542
USA,1,2,,USA_13,3,99,1,EURO,0,1,2941
USA,1,2,,USA_15,3,99,1,EURO,0,1,3755
USA,1,2,,USA_17,3,99,1,EURO,0,1,1818
USA,1,2,,USA_19,3,99,1,EURO,0,1,157
USA,1,2,,USA_21,3,99,1,EURO,0,1,875
USA,1,2,,USA_23,3,99,1,EURO,0,1,108
USA,1,2,,USA_25,3,99,1,EURO,0,1,1205
USA,1,2,,USA_27,3,99,1,EURO,0,1,3023
USA,1,2,,USA_29,3,99,1,EURO,0,1,1998
USA,1,2,,USA_31,2,99,1,EURO,0,1,779
USA,1,2,,USA_33,2,99,1,EURO,0,1,2374
USA,1,2,,USA_35,2,99,1,EURO,0,1,11417
USA,1,2,,USA_37,2,99,1,EURO,0,1,13195
USA,1,2,,USA_39,2,99,1,EURO,0,1,4098
USA,1,2,,USA_41,2,99,1,EURO,0,1,20450
USA,1,2,,USA_43,2,99,1,EURO,0,1,14499
USA,1,2,,USA_45,2,99,1,EURO,0,1,708
USA,1,2,,USA_47,2,99,1,EURO,0,1,27779
USA,1,2,,USA_49,2,99,1,EURO,0,1,14525
USA,1,2,,USA_51,2,99,1,EURO,0,1,16839
USA,1,2,,USA_53,2,99,1,EURO,0,1,36795
USA,1,2,,USA_55,2,99,1,EURO,0,1,1375
USA,1,3,,USA_11,3,0,1,EURO,0,1,39712
USA,1,3,,USA_13,3,0,1,EURO,0,1,16051
USA,1,3,,USA_15,3,0,1,EURO,0,1,43407
USA,1,3,,USA_17,3,0,1,EURO,0,1,23338
USA,1,3,,USA_19,3,0,1,EURO,0,1,9760
USA,1,3,,USA_21,3,0,1,EURO,0,1,2426
USA,1,3,,USA_23,3,0,1,EURO,0,1,4607
USA,1,3,,USA_25,3,0,1,EURO,0,1,15864
USA,1,3,,USA_27,3,0,1,EURO,0,1,9634
USA,1,3,,USA_29,3,0,1,EURO,0,1,17391
USA,1,3,,USA_31,2,1,1,EURO,0,1,2403
USA,1,3,,USA_33,2,1,1,EURO,0,1,5080
USA,1,3,,USA_35,2,1,1,EURO,0,1,5882
USA,1,3,,USA_37,2,1,1,EURO,0,1,6035
USA,1,3,,USA_39,2,1,1,EURO,0,1,4691
USA,1,3,,USA_41,2,1,1,EURO,0,1,18462
USA,1,3,,USA_43,2,1,1,EURO,0,1,10935
USA,1,3,,USA_45,2,1,1,EURO,0,1,615
USA,1,3,,USA_47,2,1,1,EURO,0,1,13895
USA,1,3,,USA_49,2,1,1,EURO,0,1,12341
USA,1,3,,USA_51,2,1,1,EURO,0,1,10265
USA,1,3,,USA_53,2,1,1,EURO,0,1,19069
USA,1,3,,USA_55,2,1,1,EURO,0,1,893
USA,2,1,,USA_11,3,99,1,EURO,0,1,1176
USA,2,1,,USA_13,3,99,1,EURO,0,1,20
USA,2,1,,USA_25,3,99,1,EURO,0,1,41
USA,2,1,,USA_27,3,99,1,EURO,0,1,536
USA,2,1,,USA_29,3,99,1,EURO,0,1,163
USA,2,1,,USA_31,2,99,1,EURO,0,1,1334
USA,2,1,,USA_33,2,99,1,EURO,0,1,391
USA,2,1,,USA_35,2,99,1,EURO,0,1,3855
USA,2,1,,USA_37,2,99,1,EURO,0,1,3845
USA,2,1,,USA_39,2,99,1,EURO,0,1,3507
USA,2,1,,USA_41,2,99,1,EURO,0,1,2328
USA,2,1,,USA_43,2,99,1,EURO,0,1,2517
USA,2,1,,USA_47,2,99,1,EURO,0,1,233
USA,2,1,,USA_49,2,99,1,EURO,0,1,10
USA,2,1,,USA_51,2,99,1,EURO,0,1,2086
USA,2,1,,USA_53,2,99,1,EURO,0,1,541
USA,2,2,,USA_11,3,99,1,EURO,0,1,9074
USA,2,2,,USA_13,3,99,1,EURO,0,1,3484
USA,2,2,,USA_15,3,99,1,EURO,0,1,1588
USA,2,2,,USA_17,3,99,1,EURO,0,1,311
USA,2,2,,USA_19,3,99,1,EURO,0,1,50
USA,2,2,,USA_21,3,99,1,EURO,0,1,773
USA,2,2,,USA_23,3,99,1,EURO,0,1,746
USA,2,2,,USA_25,3,99,1,EURO,0,1,5651
USA,2,2,,USA_27,3,99,1,EURO,0,1,2513
USA,2,2,,USA_29,3,99,1,EURO,0,1,7985
USA,2,2,,USA_31,2,99,1,EURO,0,1,11759
USA,2,2,,USA_33,2,99,1,EURO,0,1,552
USA,2,2,,USA_35,2,99,1,EURO,0,1,15576
USA,2,2,,USA_37,2,99,1,EURO,0,1,14776
USA,2,2,,USA_39,2,99,1,EURO,0,1,15812
USA,2,2,,USA_41,2,99,1,EURO,0,1,20887
USA,2,2,,USA_43,2,99,1,EURO,0,1,28556
USA,2,2,,USA_45,2,99,1,EURO,0,1,353
USA,2,2,,USA_47,2,99,1,EURO,0,1,630
USA,2,2,,USA_49,2,99,1,EURO,0,1,834
USA,2,2,,USA_51,2,99,1,EURO,0,1,11484
USA,2,2,,USA_53,2,99,1,EURO,0,1,5198
USA,2,2,,USA_55,2,99,1,EURO,0,1,345
USA,2,3,,USA_11,3,0,1,EURO,0,1,35704
USA,2,3,,USA_13,3,0,1,EURO,0,1,34017
USA,2,3,,USA_15,3,0,1,EURO,0,1,15815
USA,2,3,,USA_17,3,0,1,EURO,0,1,5734
USA,2,3,,USA_19,3,0,1,EURO,0,1,8670
USA,2,3,,USA_21,3,0,1,EURO,0,1,7698
USA,2,3,,USA_23,3,0,1,EURO,0,1,6239
USA,2,3,,USA_25,3,0,1,EURO,0,1,37719
USA,2,3,,USA_27,3,0,1,EURO,0,1,12892
USA,2,3,,USA_29,3,0,1,EURO,0,1,48350
USA,2,3,,USA_31,2,1,1,EURO,0,1,13935
USA,2,3,,USA_33,2,1,1,EURO,0,1,1029
USA,2,3,,USA_35,2,1,1,EURO,0,1,7820
USA,2,3,,USA_37,2,1,1,EURO,0,1,7161
USA,2,3,,USA_39,2,1,1,EURO,0,1,16879
USA,2,3,,USA_41,2,1,1,EURO,0,1,24714
USA,2,3,,USA_43,2,1,1,EURO,0,1,36821
USA,2,3,,USA_47,2,1,1,EURO,0,1,65
USA,2,3,,USA_49,2,1,1,EURO,0,1,301
USA,2,3,,USA_51,2,1,1,EURO,0,1,8543
USA,2,3,,USA_53,2,1,1,EURO,0,1,1756
USA,1,1,,USA_11,3,99,1,EURO,1,1,9833
USA,1,1,,USA_13,3,99,1,EURO,1,1,819
USA,1,1,,USA_15,3,99,1,EURO,1,1,362
USA,1,1,,USA_17,3,99,1,EURO,1,1,338
USA,1,1,,USA_19,3,99,1,EURO,1,1,58
USA,1,1,,USA_21,3,99,1,EURO,1,1,102
USA,1,1,,USA_23,3,99,1,EURO,1,1,117
USA,1,1,,USA_25,3,99,1,EURO,1,1,490
USA,1,1,,USA_27,3,99,1,EURO,1,1,995
USA,1,1,,USA_29,3,99,1,EURO,1,1,58
USA,1,1,,USA_31,2,99,1,EURO,1,1,376
USA,1,1,,USA_33,2,99,1,EURO,1,1,841
USA,1,1,,USA_35,2,99,1,EURO,1,1,6372
USA,1,1,,USA_37,2,99,1,EURO,1,1,6652
USA,1,1,,USA_39,2,99,1,EURO,1,1,1459
USA,1,1,,USA_41,2,99,1,EURO,1,1,6793
USA,1,1,,USA_43,2,99,1,EURO,1,1,2568
USA,1,1,,USA_45,2,99,1,EURO,1,1,1240
USA,1,1,,USA_47,2,99,1,EURO,1,1,15177
USA,1,1,,USA_49,2,99,1,EURO,1,1,6282
USA,1,1,,USA_51,2,99,1,EURO,1,1,8624
USA,1,1,,USA_53,2,99,1,EURO,1,1,10737
USA,1,2,,USA_11,3,99,1,EURO,1,1,62206
USA,1,2,,USA_13,3,99,1,EURO,1,1,10982
USA,1,2,,USA_15,3,99,1,EURO,1,1,16503
USA,1,2,,USA_17,3,99,1,EURO,1,1,8243
USA,1,2,,USA_19,3,99,1,EURO,1,1,944
USA,1,2,,USA_21,3,99,1,EURO,1,1,1358
USA,1,2,,USA_23,3,99,1,EURO,1,1,131
USA,1,2,,USA_25,3,99,1,EURO,1,1,4629
USA,1,2,,USA_27,3,99,1,EURO,1,1,11011
USA,1,2,,USA_29,3,99,1,EURO,1,1,4393
USA,1,2,,USA_31,2,99,1,EURO,1,1,1684
USA,1,2,,USA_33,2,99,1,EURO,1,1,13503
USA,1,2,,USA_35,2,99,1,EURO,1,1,30194
USA,1,2,,USA_37,2,99,1,EURO,1,1,19055
USA,1,2,,USA_39,2,99,1,EURO,1,1,8835
USA,1,2,,USA_41,2,99,1,EURO,1,1,52017
USA,1,2,,USA_43,2,99,1,EURO,1,1,36451
USA,1,2,,USA_45,2,99,1,EURO,1,1,1919
USA,1,2,,USA_47,2,99,1,EURO,1,1,63873
USA,1,2,,USA_49,2,99,1,EURO,1,1,40678
USA,1,2,,USA_51,2,99,1,EURO,1,1,45598
USA,1,2,,USA_53,2,99,1,EURO,1,1,54319
USA,1,2,,USA_55,2,99,1,EURO,1,1,3527
USA,1,3,,USA_11,3,0,1,EURO,1,1,168742
USA,1,3,,USA_13,3,0,1,EURO,1,1,57633
USA,1,3,,USA_15,3,0,1,EURO,1,1,66276
USA,1,3,,USA_17,3,0,1,EURO,1,1,51364
USA,1,3,,USA_19,3,0,1,EURO,1,1,25637
USA,1,3,,USA_21,3,0,1,EURO,1,1,9399
USA,1,3,,USA_23,3,0,1,EURO,1,1,11451
USA,1,3,,USA_25,3,0,1,EURO,1,1,55301
USA,1,3,,USA_27,3,0,1,EURO,1,1,35085
USA,1,3,,USA_29,3,0,1,EURO,1,1,32811
USA,1,3,,USA_31,2,1,1,EURO,1,1,2056
USA,1,3,,USA_33,2,1,1,EURO,1,1,13927
USA,1,3,,USA_35,2,1,1,EURO,1,1,12076
USA,1,3,,USA_37,2,1,1,EURO,1,1,6311
USA,1,3,,USA_39,2,1,1,EURO,1,1,6128
USA,1,3,,USA_41,2,1,1,EURO,1,1,62445
USA,1,3,,USA_43,2,1,1,EURO,1,1,24805
USA,1,3,,USA_45,2,1,1,EURO,1,1,314
USA,1,3,,USA_47,2,1,1,EURO,1,1,16720
USA,1,3,,USA_49,2,1,1,EURO,1,1,16474
USA,1,3,,USA_51,2,1,1,EURO,1,1,16796
USA,1,3,,USA_53,2,1,1,EURO,1,1,18167
USA,1,3,,USA_55,2,1,1,EURO,1,1,2870
USA,2,1,,USA_11,3,99,1,EURO,1,1,1969
USA,2,1,,USA_13,3,99,1,EURO,1,1,307
USA,2,1,,USA_15,3,99,1,EURO,1,1,205
USA,2,1,,USA_17,3,99,1,EURO,1,1,136
USA,2,1,,USA_21,3,99,1,EURO,1,1,202
USA,2,1,,USA_25,3,99,1,EURO,1,1,1038
USA,2,1,,USA_27,3,99,1,EURO,1,1,485
USA,2,1,,USA_29,3,99,1,EURO,1,1,457
USA,2,1,,USA_31,2,99,1,EURO,1,1,2083
USA,2,1,,USA_33,2,99,1,EURO,1,1,740
USA,2,1,,USA_35,2,99,1,EURO,1,1,7628
USA,2,1,,USA_37,2,99,1,EURO,1,1,7837
USA,2,1,,USA_39,2,99,1,EURO,1,1,5834
USA,2,1,,USA_41,2,99,1,EURO,1,1,6859
USA,2,1,,USA_43,2,99,1,EURO,1,1,7275
USA,2,1,,USA_45,2,99,1,EURO,1,1,187
USA,2,1,,USA_47,2,99,1,EURO,1,1,359
USA,2,1,,USA_49,2,99,1,EURO,1,1,80
USA,2,1,,USA_51,2,99,1,EURO,1,1,4551
USA,2,1,,USA_53,2,99,1,EURO,1,1,1821
USA,2,2,,USA_11,3,99,1,EURO,1,1,33172
USA,2,2,,USA_13,3,99,1,EURO,1,1,14451
USA,2,2,,USA_15,3,99,1,EURO,1,1,4543
USA,2,2,,USA_17,3,99,1,EURO,1,1,918
USA,2,2,,USA_19,3,99,1,EURO,1,1,479
USA,2,2,,USA_21,3,99,1,EURO,1,1,2277
USA,2,2,,USA_23,3,99,1,EURO,1,1,2015
USA,2,2,,USA_25,3,99,1,EURO,1,1,13376
USA,2,2,,USA_27,3,99,1,EURO,1,1,8230
USA,2,2,,USA_29,3,99,1,EURO,1,1,17746
USA,2,2,,USA_31,2,99,1,EURO,1,1,19272
USA,2,2,,USA_33,2,99,1,EURO,1,1,3152
USA,2,2,,USA_35,2,99,1,EURO,1,1,30372
USA,2,2,,USA_37,2,99,1,EURO,1,1,22845
USA,2,2,,USA_39,2,99,1,EURO,1,1,46544
USA,2,2,,USA_41,2,99,1,EURO,1,1,54987
USA,2,2,,USA_43,2,99,1,EURO,1,1,98550
USA,2,2,,USA_45,2,99,1,EURO,1,1,236
USA,2,2,,USA_47,2,99,1,EURO,1,1,1984
USA,2,2,,USA_49,2,99,1,EURO,1,1,648
USA,2,2,,USA_51,2,99,1,EURO,1,1,16999
USA,2,2,,USA_53,2,99,1,EURO,1,1,10004
USA,2,2,,USA_55,2,99,1,EURO,1,1,665
USA,2,3,,USA_11,3,0,1,EURO,1,1,87433
USA,2,3,,USA_13,3,0,1,EURO,1,1,52790
USA,2,3,,USA_15,3,0,1,EURO,1,1,15488
USA,2,3,,USA_17,3,0,1,EURO,1,1,9355
USA,2,3,,USA_19,3,0,1,EURO,1,1,20699
USA,2,3,,USA_21,3,0,1,EURO,1,1,18287
USA,2,3,,USA_23,3,0,1,EURO,1,1,13866
USA,2,3,,USA_25,3,0,1,EURO,1,1,94044
USA,2,3,,USA_27,3,0,1,EURO,1,1,29033
USA,2,3,,USA_29,3,0,1,EURO,1,1,78735
USA,2,3,,USA_31,2,1,1,EURO,1,1,14418
USA,2,3,,USA_33,2,1,1,EURO,1,1,3265
USA,2,3,,USA_35,2,1,1,EURO,1,1,13062
USA,2,3,,USA_37,2,1,1,EURO,1,1,6274
USA,2,3,,USA_39,2,1,1,EURO,1,1,19552
USA,2,3,,USA_41,2,1,1,EURO,1,1,41282
USA,2,3,,USA_43,2,1,1,EURO,1,1,72343
USA,2,3,,USA_45,2,1,1,EURO,1,1,409
USA,2,3,,USA_47,2,1,1,EURO,1,1,1170
USA,2,3,,USA_49,2,1,1,EURO,1,1,457
USA,2,3,,USA_51,2,1,1,EURO,1,1,5402
USA,2,3,,USA_53,2,1,1,EURO,1,1,4664
USA,2,3,,USA_55,2,1,1,EURO,1,1,631
USA,1,1,,USA_11,3,99,1,NOAM,1,0,224028
USA,1,1,,USA_13,3,99,1,NOAM,1,0,22493
USA,1,1,,USA_15,3,99,1,NOAM,1,0,14232
USA,1,1,,USA_17,3,99,1,NOAM,1,0,16886
USA,1,1,,USA_19,3,99,1,NOAM,1,0,5255
USA,1,1,,USA_21,3,99,1,NOAM,1,0,12646
USA,1,1,,USA_23,3,99,1,NOAM,1,0,2410
USA,1,1,,USA_25,3,99,1,NOAM,1,0,27412
USA,1,1,,USA_27,3,99,1,NOAM,1,0,35253
USA,1,1,,USA_29,3,99,1,NOAM,1,0,11012
USA,1,1,,USA_31,2,99,1,NOAM,1,0,21307
USA,1,1,,USA_33,2,99,1,NOAM,1,0,73586
USA,1,1,,USA_35,2,99,1,NOAM,1,0,570978
USA,1,1,,USA_37,2,99,1,NOAM,1,0,406858
USA,1,1,,USA_39,2,99,1,NOAM,1,0,86997
USA,1,1,,USA_41,2,99,1,NOAM,1,0,388042
USA,1,1,,USA_43,2,99,1,NOAM,1,0,299886
USA,1,1,,USA_45,2,99,1,NOAM,1,0,112284
USA,1,1,,USA_47,2,99,1,NOAM,1,0,742616
USA,1,1,,USA_49,2,99,1,NOAM,1,0,324907
USA,1,1,,USA_51,2,99,1,NOAM,1,0,482993
USA,1,1,,USA_53,2,99,1,NOAM,1,0,802506
USA,1,1,,USA_55,2,99,1,NOAM,1,0,3765
USA,1,2,,USA_11,3,99,1,NOAM,1,0,2821101
USA,1,2,,USA_13,3,99,1,NOAM,1,0,607271
USA,1,2,,USA_15,3,99,1,NOAM,1,0,630467
USA,1,2,,USA_17,3,99,1,NOAM,1,0,460923
USA,1,2,,USA_19,3,99,1,NOAM,1,0,93377
USA,1,2,,USA_21,3,99,1,NOAM,1,0,170994
USA,1,2,,USA_23,3,99,1,NOAM,1,0,28626
USA,1,2,,USA_25,3,99,1,NOAM,1,0,290449
USA,1,2,,USA_27,3,99,1,NOAM,1,0,446405
USA,1,2,,USA_29,3,99,1,NOAM,1,0,331062
USA,1,2,,USA_31,2,99,1,NOAM,1,0,222922
USA,1,2,,USA_33,2,99,1,NOAM,1,0,1274788
USA,1,2,,USA_35,2,99,1,NOAM,1,0,1989299
USA,1,2,,USA_37,2,99,1,NOAM,1,0,1723905
USA,1,2,,USA_39,2,99,1,NOAM,1,0,639944
USA,1,2,,USA_41,2,99,1,NOAM,1,0,3508507
USA,1,2,,USA_43,2,99,1,NOAM,1,0,2927993
USA,1,2,,USA_45,2,99,1,NOAM,1,0,277150
USA,1,2,,USA_47,2,99,1,NOAM,1,0,3788055
USA,1,2,,USA_49,2,99,1,NOAM,1,0,2772765
USA,1,2,,USA_51,2,99,1,NOAM,1,0,3640852
USA,1,2,,USA_53,2,99,1,NOAM,1,0,4730146
USA,1,2,,USA_55,2,99,1,NOAM,1,0,273531
USA,1,3,,USA_11,3,0,1,NOAM,1,0,4930662
USA,1,3,,USA_13,3,0,1,NOAM,1,0,2223734
USA,1,3,,USA_15,3,0,1,NOAM,1,0,1799456
USA,1,3,,USA_17,3,0,1,NOAM,1,0,1434329
USA,1,3,,USA_19,3,0,1,NOAM,1,0,443055
USA,1,3,,USA_21,3,0,1,NOAM,1,0,609618
USA,1,3,,USA_23,3,0,1,NOAM,1,0,715923
USA,1,3,,USA_25,3,0,1,NOAM,1,0,1784898
USA,1,3,,USA_27,3,0,1,NOAM,1,0,881210
USA,1,3,,USA_29,3,0,1,NOAM,1,0,1443248
USA,1,3,,USA_31,2,1,1,NOAM,1,0,119956
USA,1,3,,USA_33,2,1,1,NOAM,1,0,911028
USA,1,3,,USA_35,2,1,1,NOAM,1,0,471622
USA,1,3,,USA_37,2,1,1,NOAM,1,0,368427
USA,1,3,,USA_39,2,1,1,NOAM,1,0,280231
USA,1,3,,USA_41,2,1,1,NOAM,1,0,2862633
USA,1,3,,USA_43,2,1,1,NOAM,1,0,1570615
USA,1,3,,USA_45,2,1,1,NOAM,1,0,67830
USA,1,3,,USA_47,2,1,1,NOAM,1,0,729046
USA,1,3,,USA_49,2,1,1,NOAM,1,0,773039
USA,1,3,,USA_51,2,1,1,NOAM,1,0,816071
USA,1,3,,USA_53,2,1,1,NOAM,1,0,937490
USA,1,3,,USA_55,2,1,1,NOAM,1,0,137554
USA,2,1,,USA_11,3,99,1,NOAM,1,0,96393
USA,2,1,,USA_13,3,99,1,NOAM,1,0,25057
USA,2,1,,USA_15,3,99,1,NOAM,1,0,5114
USA,2,1,,USA_17,3,99,1,NOAM,1,0,2066
USA,2,1,,USA_19,3,99,1,NOAM,1,0,2083
USA,2,1,,USA_21,3,99,1,NOAM,1,0,18887
USA,2,1,,USA_23,3,99,1,NOAM,1,0,4676
USA,2,1,,USA_25,3,99,1,NOAM,1,0,72203
USA,2,1,,USA_27,3,99,1,NOAM,1,0,33820
USA,2,1,,USA_29,3,99,1,NOAM,1,0,42335
USA,2,1,,USA_31,2,99,1,NOAM,1,0,166754
USA,2,1,,USA_33,2,99,1,NOAM,1,0,44065
USA,2,1,,USA_35,2,99,1,NOAM,1,0,654232
USA,2,1,,USA_37,2,99,1,NOAM,1,0,269458
USA,2,1,,USA_39,2,99,1,NOAM,1,0,281253
USA,2,1,,USA_41,2,99,1,NOAM,1,0,696208
USA,2,1,,USA_43,2,99,1,NOAM,1,0,425653
USA,2,1,,USA_45,2,99,1,NOAM,1,0,23925
USA,2,1,,USA_47,2,99,1,NOAM,1,0,16380
USA,2,1,,USA_49,2,99,1,NOAM,1,0,8332
USA,2,1,,USA_51,2,99,1,NOAM,1,0,199050
USA,2,1,,USA_53,2,99,1,NOAM,1,0,139211
USA,2,1,,USA_55,2,99,1,NOAM,1,0,871
USA,2,2,,USA_11,3,99,1,NOAM,1,0,1777296
USA,2,2,,USA_13,3,99,1,NOAM,1,0,964206
USA,2,2,,USA_15,3,99,1,NOAM,1,0,235064
USA,2,2,,USA_17,3,99,1,NOAM,1,0,67700
USA,2,2,,USA_19,3,99,1,NOAM,1,0,57056
USA,2,2,,USA_21,3,99,1,NOAM,1,0,277658
USA,2,2,,USA_23,3,99,1,NOAM,1,0,177271
USA,2,2,,USA_25,3,99,1,NOAM,1,0,1037483
USA,2,2,,USA_27,3,99,1,NOAM,1,0,316415
USA,2,2,,USA_29,3,99,1,NOAM,1,0,1300667
USA,2,2,,USA_31,2,99,1,NOAM,1,0,1673253
USA,2,2,,USA_33,2,99,1,NOAM,1,0,355653
USA,2,2,,USA_35,2,99,1,NOAM,1,0,2614407
USA,2,2,,USA_37,2,99,1,NOAM,1,0,904583
USA,2,2,,USA_39,2,99,1,NOAM,1,0,2272870
USA,2,2,,USA_41,2,99,1,NOAM,1,0,4105723
USA,2,2,,USA_43,2,99,1,NOAM,1,0,7827078
USA,2,2,,USA_45,2,99,1,NOAM,1,0,60261
USA,2,2,,USA_47,2,99,1,NOAM,1,0,115487
USA,2,2,,USA_49,2,99,1,NOAM,1,0,99383
USA,2,2,,USA_51,2,99,1,NOAM,1,0,1258174
USA,2,2,,USA_53,2,99,1,NOAM,1,0,935269
USA,2,2,,USA_55,2,99,1,NOAM,1,0,36614
USA,2,3,,USA_11,3,0,1,NOAM,1,0,3569516
USA,2,3,,USA_13,3,0,1,NOAM,1,0,2496647
USA,2,3,,USA_15,3,0,1,NOAM,1,0,619404
USA,2,3,,USA_17,3,0,1,NOAM,1,0,250829
USA,2,3,,USA_19,3,0,1,NOAM,1,0,436537
USA,2,3,,USA_21,3,0,1,NOAM,1,0,1239701
USA,2,3,,USA_23,3,0,1,NOAM,1,0,614302
USA,2,3,,USA_25,3,0,1,NOAM,1,0,4776326
USA,2,3,,USA_27,3,0,1,NOAM,1,0,916425
USA,2,3,,USA_29,3,0,1,NOAM,1,0,4449935
USA,2,3,,USA_31,2,1,1,NOAM,1,0,610247
USA,2,3,,USA_33,2,1,1,NOAM,1,0,223630
USA,2,3,,USA_35,2,1,1,NOAM,1,0,621342
USA,2,3,,USA_37,2,1,1,NOAM,1,0,142770
USA,2,3,,USA_39,2,1,1,NOAM,1,0,865220
USA,2,3,,USA_41,2,1,1,NOAM,1,0,2088071
USA,2,3,,USA_43,2,1,1,NOAM,1,0,4029239
USA,2,3,,USA_45,2,1,1,NOAM,1,0,27381
USA,2,3,,USA_47,2,1,1,NOAM,1,0,46265
USA,2,3,,USA_49,2,1,1,NOAM,1,0,47011
USA,2,3,,USA_51,2,1,1,NOAM,1,0,303353
USA,2,3,,USA_53,2,1,1,NOAM,1,0,218289
USA,2,3,,USA_55,2,1,1,NOAM,1,0,24387
USA,1,1,,USA_11,3,99,1,NOAM,1,1,1705
USA,1,1,,USA_13,3,99,1,NOAM,1,1,73
USA,1,1,,USA_17,3,99,1,NOAM,1,1,163
USA,1,1,,USA_25,3,99,1,NOAM,1,1,344
USA,1,1,,USA_27,3,99,1,NOAM,1,1,432
USA,1,1,,USA_33,2,99,1,NOAM,1,1,534
USA,1,1,,USA_35,2,99,1,NOAM,1,1,1409
USA,1,1,,USA_37,2,99,1,NOAM,1,1,234
USA,1,1,,USA_39,2,99,1,NOAM,1,1,190
USA,1,1,,USA_41,2,99,1,NOAM,1,1,1271
USA,1,1,,USA_43,2,99,1,NOAM,1,1,1035
USA,1,1,,USA_45,2,99,1,NOAM,1,1,427
USA,1,1,,USA_47,2,99,1,NOAM,1,1,1952
USA,1,1,,USA_49,2,99,1,NOAM,1,1,410
USA,1,1,,USA_51,2,99,1,NOAM,1,1,643
USA,1,1,,USA_53,2,99,1,NOAM,1,1,1545
USA,1,2,,USA_11,3,99,1,NOAM,1,1,13376
USA,1,2,,USA_13,3,99,1,NOAM,1,1,2840
USA,1,2,,USA_15,3,99,1,NOAM,1,1,3216
USA,1,2,,USA_17,3,99,1,NOAM,1,1,1605
USA,1,2,,USA_19,3,99,1,NOAM,1,1,214
USA,1,2,,USA_21,3,99,1,NOAM,1,1,436
USA,1,2,,USA_23,3,99,1,NOAM,1,1,139
USA,1,2,,USA_25,3,99,1,NOAM,1,1,1293
USA,1,2,,USA_27,3,99,1,NOAM,1,1,3887
USA,1,2,,USA_29,3,99,1,NOAM,1,1,531
USA,1,2,,USA_31,2,99,1,NOAM,1,1,73
USA,1,2,,USA_33,2,99,1,NOAM,1,1,1903
USA,1,2,,USA_35,2,99,1,NOAM,1,1,4560
USA,1,2,,USA_37,2,99,1,NOAM,1,1,3702
USA,1,2,,USA_39,2,99,1,NOAM,1,1,601
USA,1,2,,USA_41,2,99,1,NOAM,1,1,9306
USA,1,2,,USA_43,2,99,1,NOAM,1,1,5182
USA,1,2,,USA_45,2,99,1,NOAM,1,1,635
USA,1,2,,USA_47,2,99,1,NOAM,1,1,7398
USA,1,2,,USA_49,2,99,1,NOAM,1,1,5311
USA,1,2,,USA_51,2,99,1,NOAM,1,1,5441
USA,1,2,,USA_53,2,99,1,NOAM,1,1,7233
USA,1,2,,USA_55,2,99,1,NOAM,1,1,93
USA,1,3,,USA_11,3,0,1,NOAM,1,1,39122
USA,1,3,,USA_13,3,0,1,NOAM,1,1,15240
USA,1,3,,USA_15,3,0,1,NOAM,1,1,17092
USA,1,3,,USA_17,3,0,1,NOAM,1,1,10512
USA,1,3,,USA_19,3,0,1,NOAM,1,1,6444
USA,1,3,,USA_21,3,0,1,NOAM,1,1,3750
USA,1,3,,USA_23,3,0,1,NOAM,1,1,4480
USA,1,3,,USA_25,3,0,1,NOAM,1,1,14462
USA,1,3,,USA_27,3,0,1,NOAM,1,1,8313
USA,1,3,,USA_29,3,0,1,NOAM,1,1,12394
USA,1,3,,USA_31,2,1,1,NOAM,1,1,373
USA,1,3,,USA_33,2,1,1,NOAM,1,1,2092
USA,1,3,,USA_35,2,1,1,NOAM,1,1,2492
USA,1,3,,USA_37,2,1,1,NOAM,1,1,610
USA,1,3,,USA_39,2,1,1,NOAM,1,1,1156
USA,1,3,,USA_41,2,1,1,NOAM,1,1,17057
USA,1,3,,USA_43,2,1,1,NOAM,1,1,5014
USA,1,3,,USA_45,2,1,1,NOAM,1,1,150
USA,1,3,,USA_47,2,1,1,NOAM,1,1,2455
USA,1,3,,USA_49,2,1,1,NOAM,1,1,2119
USA,1,3,,USA_51,2,1,1,NOAM,1,1,1918
USA,1,3,,USA_53,2,1,1,NOAM,1,1,3888
USA,1,3,,USA_55,2,1,1,NOAM,1,1,161
USA,2,1,,USA_11,3,99,1,NOAM,1,1,177
USA,2,1,,USA_17,3,99,1,NOAM,1,1,81
USA,2,1,,USA_25,3,99,1,NOAM,1,1,352
USA,2,1,,USA_27,3,99,1,NOAM,1,1,108
USA,2,1,,USA_31,2,99,1,NOAM,1,1,119
USA,2,1,,USA_33,2,99,1,NOAM,1,1,251
USA,2,1,,USA_35,2,99,1,NOAM,1,1,958
USA,2,1,,USA_37,2,99,1,NOAM,1,1,493
USA,2,1,,USA_39,2,99,1,NOAM,1,1,318
USA,2,1,,USA_41,2,99,1,NOAM,1,1,1366
USA,2,1,,USA_43,2,99,1,NOAM,1,1,843
USA,2,1,,USA_47,2,99,1,NOAM,1,1,151
USA,2,1,,USA_51,2,99,1,NOAM,1,1,626
USA,2,2,,USA_11,3,99,1,NOAM,1,1,5711
USA,2,2,,USA_13,3,99,1,NOAM,1,1,3880
USA,2,2,,USA_15,3,99,1,NOAM,1,1,759
USA,2,2,,USA_17,3,99,1,NOAM,1,1,302
USA,2,2,,USA_19,3,99,1,NOAM,1,1,78
USA,2,2,,USA_21,3,99,1,NOAM,1,1,1169
USA,2,2,,USA_23,3,99,1,NOAM,1,1,1211
USA,2,2,,USA_25,3,99,1,NOAM,1,1,3249
USA,2,2,,USA_27,3,99,1,NOAM,1,1,1479
USA,2,2,,USA_29,3,99,1,NOAM,1,1,2896
USA,2,2,,USA_31,2,99,1,NOAM,1,1,2517
USA,2,2,,USA_33,2,99,1,NOAM,1,1,303
USA,2,2,,USA_35,2,99,1,NOAM,1,1,5755
USA,2,2,,USA_37,2,99,1,NOAM,1,1,1370
USA,2,2,,USA_39,2,99,1,NOAM,1,1,5596
USA,2,2,,USA_41,2,99,1,NOAM,1,1,9415
USA,2,2,,USA_43,2,99,1,NOAM,1,1,18298
USA,2,2,,USA_45,2,99,1,NOAM,1,1,46
USA,2,2,,USA_47,2,99,1,NOAM,1,1,131
USA,2,2,,USA_49,2,99,1,NOAM,1,1,432
USA,2,2,,USA_51,2,99,1,NOAM,1,1,1738
USA,2,2,,USA_53,2,99,1,NOAM,1,1,2017
USA,2,3,,USA_11,3,0,1,NOAM,1,1,25198
USA,2,3,,USA_13,3,0,1,NOAM,1,1,13005
USA,2,3,,USA_15,3,0,1,NOAM,1,1,6242
USA,2,3,,USA_17,3,0,1,NOAM,1,1,3165
USA,2,3,,USA_19,3,0,1,NOAM,1,1,5686
USA,2,3,,USA_21,3,0,1,NOAM,1,1,4756
USA,2,3,,USA_23,3,0,1,NOAM,1,1,5101
USA,2,3,,USA_25,3,0,1,NOAM,1,1,22136
USA,2,3,,USA_27,3,0,1,NOAM,1,1,6785
USA,2,3,,USA_29,3,0,1,NOAM,1,1,27789
USA,2,3,,USA_31,2,1,1,NOAM,1,1,910
USA,2,3,,USA_33,2,1,1,NOAM,1,1,697
USA,2,3,,USA_35,2,1,1,NOAM,1,1,3247
USA,2,3,,USA_37,2,1,1,NOAM,1,1,944
USA,2,3,,USA_39,2,1,1,NOAM,1,1,3308
USA,2,3,,USA_41,2,1,1,NOAM,1,1,9254
USA,2,3,,USA_43,2,1,1,NOAM,1,1,15775
USA,2,3,,USA_45,2,1,1,NOAM,1,1,149
USA,2,3,,USA_47,2,1,1,NOAM,1,1,472
USA,2,3,,USA_49,2,1,1,NOAM,1,1,255
USA,2,3,,USA_51,2,1,1,NOAM,1,1,871
USA,2,3,,USA_53,2,1,1,NOAM,1,1,601
USA,2,3,,USA_55,2,1,1,NOAM,1,1,129
USA,1,1,,USA_11,3,99,1,OCEA,0,1,21
USA,1,1,,USA_29,3,99,1,OCEA,0,1,340
USA,1,1,,USA_35,2,99,1,OCEA,0,1,1906
USA,1,1,,USA_37,2,99,1,OCEA,0,1,661
USA,1,1,,USA_39,2,99,1,OCEA,0,1,153
USA,1,1,,USA_41,2,99,1,OCEA,0,1,330
USA,1,1,,USA_43,2,99,1,OCEA,0,1,99
USA,1,1,,USA_45,2,99,1,OCEA,0,1,6
USA,1,1,,USA_47,2,99,1,OCEA,0,1,1246
USA,1,1,,USA_49,2,99,1,OCEA,0,1,56
USA,1,1,,USA_51,2,99,1,OCEA,0,1,2299
USA,1,1,,USA_53,2,99,1,OCEA,0,1,1045
USA,1,1,,USA_55,2,99,1,OCEA,0,1,11
USA,1,2,,USA_11,3,99,1,OCEA,0,1,2452
USA,1,2,,USA_13,3,99,1,OCEA,0,1,621
USA,1,2,,USA_15,3,99,1,OCEA,0,1,170
USA,1,2,,USA_17,3,99,1,OCEA,0,1,433
USA,1,2,,USA_19,3,99,1,OCEA,0,1,78
USA,1,2,,USA_21,3,99,1,OCEA,0,1,42
USA,1,2,,USA_25,3,99,1,OCEA,0,1,118
USA,1,2,,USA_27,3,99,1,OCEA,0,1,196
USA,1,2,,USA_29,3,99,1,OCEA,0,1,180
USA,1,2,,USA_33,2,99,1,OCEA,0,1,927
USA,1,2,,USA_35,2,99,1,OCEA,0,1,3618
USA,1,2,,USA_37,2,99,1,OCEA,0,1,1582
USA,1,2,,USA_39,2,99,1,OCEA,0,1,1967
USA,1,2,,USA_41,2,99,1,OCEA,0,1,1349
USA,1,2,,USA_43,2,99,1,OCEA,0,1,2643
USA,1,2,,USA_45,2,99,1,OCEA,0,1,239
USA,1,2,,USA_47,2,99,1,OCEA,0,1,2735
USA,1,2,,USA_49,2,99,1,OCEA,0,1,1669
USA,1,2,,USA_51,2,99,1,OCEA,0,1,4184
USA,1,2,,USA_53,2,99,1,OCEA,0,1,5500
USA,1,2,,USA_55,2,99,1,OCEA,0,1,586
USA,1,3,,USA_11,3,0,1,OCEA,0,1,1341
USA,1,3,,USA_13,3,0,1,OCEA,0,1,2409
USA,1,3,,USA_15,3,0,1,OCEA,0,1,1029
USA,1,3,,USA_17,3,0,1,OCEA,0,1,977
USA,1,3,,USA_19,3,0,1,OCEA,0,1,58
USA,1,3,,USA_21,3,0,1,OCEA,0,1,245
USA,1,3,,USA_23,3,0,1,OCEA,0,1,104
USA,1,3,,USA_25,3,0,1,OCEA,0,1,705
USA,1,3,,USA_27,3,0,1,OCEA,0,1,271
USA,1,3,,USA_29,3,0,1,OCEA,0,1,157
USA,1,3,,USA_31,2,1,1,OCEA,0,1,178
USA,1,3,,USA_33,2,1,1,OCEA,0,1,794
USA,1,3,,USA_35,2,1,1,OCEA,0,1,289
USA,1,3,,USA_37,2,1,1,OCEA,0,1,61
USA,1,3,,USA_39,2,1,1,OCEA,0,1,196
USA,1,3,,USA_41,2,1,1,OCEA,0,1,939
USA,1,3,,USA_43,2,1,1,OCEA,0,1,1104
USA,1,3,,USA_47,2,1,1,OCEA,0,1,343
USA,1,3,,USA_49,2,1,1,OCEA,0,1,815
USA,1,3,,USA_51,2,1,1,OCEA,0,1,115
USA,1,3,,USA_53,2,1,1,OCEA,0,1,1975
USA,1,3,,USA_55,2,1,1,OCEA,0,1,95
USA,2,1,,USA_11,3,99,1,OCEA,0,1,87
USA,2,1,,USA_21,3,99,1,OCEA,0,1,72
USA,2,1,,USA_25,3,99,1,OCEA,0,1,88
USA,2,1,,USA_29,3,99,1,OCEA,0,1,200
USA,2,1,,USA_31,2,99,1,OCEA,0,1,567
USA,2,1,,USA_33,2,99,1,OCEA,0,1,56
USA,2,1,,USA_35,2,99,1,OCEA,0,1,1609
USA,2,1,,USA_37,2,99,1,OCEA,0,1,1176
USA,2,1,,USA_39,2,99,1,OCEA,0,1,826
USA,2,1,,USA_41,2,99,1,OCEA,0,1,523
USA,2,1,,USA_43,2,99,1,OCEA,0,1,516
USA,2,1,,USA_51,2,99,1,OCEA,0,1,1899
USA,2,1,,USA_53,2,99,1,OCEA,0,1,660
USA,2,2,,USA_11,3,99,1,OCEA,0,1,1106
USA,2,2,,USA_13,3,99,1,OCEA,0,1,973
USA,2,2,,USA_15,3,99,1,OCEA,0,1,42
USA,2,2,,USA_19,3,99,1,OCEA,0,1,892
USA,2,2,,USA_21,3,99,1,OCEA,0,1,137
USA,2,2,,USA_25,3,99,1,OCEA,0,1,1002
USA,2,2,,USA_27,3,99,1,OCEA,0,1,222
USA,2,2,,USA_29,3,99,1,OCEA,0,1,1292
USA,2,2,,USA_31,2,99,1,OCEA,0,1,1256
USA,2,2,,USA_35,2,99,1,OCEA,0,1,3087
USA,2,2,,USA_37,2,99,1,OCEA,0,1,2422
USA,2,2,,USA_39,2,99,1,OCEA,0,1,3190
USA,2,2,,USA_41,2,99,1,OCEA,0,1,4117
USA,2,2,,USA_43,2,99,1,OCEA,0,1,4776
USA,2,2,,USA_45,2,99,1,OCEA,0,1,156
USA,2,2,,USA_51,2,99,1,OCEA,0,1,2970
USA,2,2,,USA_53,2,99,1,OCEA,0,1,1399
USA,2,3,,USA_11,3,0,1,OCEA,0,1,1130
USA,2,3,,USA_13,3,0,1,OCEA,0,1,1419
USA,2,3,,USA_15,3,0,1,OCEA,0,1,172
USA,2,3,,USA_17,3,0,1,OCEA,0,1,128
USA,2,3,,USA_19,3,0,1,OCEA,0,1,16
USA,2,3,,USA_21,3,0,1,OCEA,0,1,639
USA,2,3,,USA_25,3,0,1,OCEA,0,1,1086
USA,2,3,,USA_27,3,0,1,OCEA,0,1,79
USA,2,3,,USA_29,3,0,1,OCEA,0,1,2532
USA,2,3,,USA_31,2,1,1,OCEA,0,1,638
USA,2,3,,USA_35,2,1,1,OCEA,0,1,536
USA,2,3,,USA_37,2,1,1,OCEA,0,1,175
USA,2,3,,USA_39,2,1,1,OCEA,0,1,1272
USA,2,3,,USA_41,2,1,1,OCEA,0,1,1816
USA,2,3,,USA_43,2,1,1,OCEA,0,1,2666
USA,2,3,,USA_51,2,1,1,OCEA,0,1,1291
USA,1,1,,USA_11,3,99,1,OCEA,1,1,290
USA,1,1,,USA_13,3,99,1,OCEA,1,1,189
USA,1,1,,USA_15,3,99,1,OCEA,1,1,80
USA,1,1,,USA_27,3,99,1,OCEA,1,1,233
USA,1,1,,USA_35,2,99,1,OCEA,1,1,239
USA,1,1,,USA_37,2,99,1,OCEA,1,1,182
USA,1,1,,USA_39,2,99,1,OCEA,1,1,112
USA,1,1,,USA_41,2,99,1,OCEA,1,1,62
USA,1,1,,USA_47,2,99,1,OCEA,1,1,62
USA,1,1,,USA_49,2,99,1,OCEA,1,1,177
USA,1,1,,USA_51,2,99,1,OCEA,1,1,183
USA,1,1,,USA_53,2,99,1,OCEA,1,1,97
USA,1,2,,USA_11,3,99,1,OCEA,1,1,2301
USA,1,2,,USA_13,3,99,1,OCEA,1,1,334
USA,1,2,,USA_15,3,99,1,OCEA,1,1,871
USA,1,2,,USA_17,3,99,1,OCEA,1,1,509
USA,1,2,,USA_21,3,99,1,OCEA,1,1,202
USA,1,2,,USA_27,3,99,1,OCEA,1,1,1089
USA,1,2,,USA_29,3,99,1,OCEA,1,1,169
USA,1,2,,USA_31,2,99,1,OCEA,1,1,85
USA,1,2,,USA_33,2,99,1,OCEA,1,1,215
USA,1,2,,USA_35,2,99,1,OCEA,1,1,1110
USA,1,2,,USA_37,2,99,1,OCEA,1,1,785
USA,1,2,,USA_39,2,99,1,OCEA,1,1,227
USA,1,2,,USA_41,2,99,1,OCEA,1,1,2016
USA,1,2,,USA_43,2,99,1,OCEA,1,1,594
USA,1,2,,USA_45,2,99,1,OCEA,1,1,18
USA,1,2,,USA_47,2,99,1,OCEA,1,1,1751
USA,1,2,,USA_49,2,99,1,OCEA,1,1,880
USA,1,2,,USA_51,2,99,1,OCEA,1,1,342
USA,1,2,,USA_53,2,99,1,OCEA,1,1,1035
USA,1,2,,USA_55,2,99,1,OCEA,1,1,189
USA,1,3,,USA_11,3,0,1,OCEA,1,1,6545
USA,1,3,,USA_13,3,0,1,OCEA,1,1,2725
USA,1,3,,USA_15,3,0,1,OCEA,1,1,4619
USA,1,3,,USA_17,3,0,1,OCEA,1,1,2274
USA,1,3,,USA_19,3,0,1,OCEA,1,1,1178
USA,1,3,,USA_21,3,0,1,OCEA,1,1,647
USA,1,3,,USA_23,3,0,1,OCEA,1,1,1172
USA,1,3,,USA_25,3,0,1,OCEA,1,1,2274
USA,1,3,,USA_27,3,0,1,OCEA,1,1,1663
USA,1,3,,USA_29,3,0,1,OCEA,1,1,1097
USA,1,3,,USA_33,2,1,1,OCEA,1,1,413
USA,1,3,,USA_35,2,1,1,OCEA,1,1,795
USA,1,3,,USA_37,2,1,1,OCEA,1,1,217
USA,1,3,,USA_39,2,1,1,OCEA,1,1,59
USA,1,3,,USA_41,2,1,1,OCEA,1,1,3574
USA,1,3,,USA_43,2,1,1,OCEA,1,1,1222
USA,1,3,,USA_45,2,1,1,OCEA,1,1,104
USA,1,3,,USA_47,2,1,1,OCEA,1,1,1316
USA,1,3,,USA_49,2,1,1,OCEA,1,1,599
USA,1,3,,USA_51,2,1,1,OCEA,1,1,246
USA,1,3,,USA_53,2,1,1,OCEA,1,1,1328
USA,1,3,,USA_55,2,1,1,OCEA,1,1,27
USA,2,1,,USA_11,3,99,1,OCEA,1,1,66
USA,2,1,,USA_13,3,99,1,OCEA,1,1,100
USA,2,1,,USA_25,3,99,1,OCEA,1,1,182
USA,2,1,,USA_37,2,99,1,OCEA,1,1,21
USA,2,1,,USA_41,2,99,1,OCEA,1,1,65
USA,2,1,,USA_43,2,99,1,OCEA,1,1,124
USA,2,1,,USA_51,2,99,1,OCEA,1,1,57
USA,2,2,,USA_11,3,99,1,OCEA,1,1,1198
USA,2,2,,USA_13,3,99,1,OCEA,1,1,708
USA,2,2,,USA_17,3,99,1,OCEA,1,1,88
USA,2,2,,USA_21,3,99,1,OCEA,1,1,390
USA,2,2,,USA_23,3,99,1,OCEA,1,1,6
USA,2,2,,USA_25,3,99,1,OCEA,1,1,532
USA,2,2,,USA_27,3,99,1,OCEA,1,1,787
USA,2,2,,USA_29,3,99,1,OCEA,1,1,119
USA,2,2,,USA_31,2,99,1,OCEA,1,1,304
USA,2,2,,USA_35,2,99,1,OCEA,1,1,413
USA,2,2,,USA_37,2,99,1,OCEA,1,1,251
USA,2,2,,USA_39,2,99,1,OCEA,1,1,1362
USA,2,2,,USA_41,2,99,1,OCEA,1,1,1727
USA,2,2,,USA_43,2,99,1,OCEA,1,1,2228
USA,2,2,,USA_47,2,99,1,OCEA,1,1,121
USA,2,2,,USA_49,2,99,1,OCEA,1,1,48
USA,2,2,,USA_51,2,99,1,OCEA,1,1,176
USA,2,2,,USA_53,2,99,1,OCEA,1,1,243
USA,2,3,,USA_11,3,0,1,OCEA,1,1,4349
USA,2,3,,USA_13,3,0,1,OCEA,1,1,2944
USA,2,3,,USA_15,3,0,1,OCEA,1,1,132
USA,2,3,,USA_17,3,0,1,OCEA,1,1,530
USA,2,3,,USA_19,3,0,1,OCEA,1,1,742
USA,2,3,,USA_21,3,0,1,OCEA,1,1,656
USA,2,3,,USA_23,3,0,1,OCEA,1,1,546
USA,2,3,,USA_25,3,0,1,OCEA,1,1,4218
USA,2,3,,USA_27,3,0,1,OCEA,1,1,1062
USA,2,3,,USA_29,3,0,1,OCEA,1,1,2105
USA,2,3,,USA_31,2,1,1,OCEA,1,1,65
USA,2,3,,USA_35,2,1,1,OCEA,1,1,387
USA,2,3,,USA_37,2,1,1,OCEA,1,1,92
USA,2,3,,USA_39,2,1,1,OCEA,1,1,713
USA,2,3,,USA_41,2,1,1,OCEA,1,1,2415
USA,2,3,,USA_43,2,1,1,OCEA,1,1,1875
USA,2,3,,USA_49,2,1,1,OCEA,1,1,75
USA,2,3,,USA_51,2,1,1,OCEA,1,1,33
USA,1,1,,USA_11,3,99,1,SCAC,0,1,22945
USA,1,1,,USA_13,3,99,1,SCAC,0,1,4040
USA,1,1,,USA_15,3,99,1,SCAC,0,1,1134
USA,1,1,,USA_17,3,99,1,SCAC,0,1,1533
USA,1,1,,USA_19,3,99,1,SCAC,0,1,499
USA,1,1,,USA_21,3,99,1,SCAC,0,1,2740
USA,1,1,,USA_23,3,99,1,SCAC,0,1,97
USA,1,1,,USA_25,3,99,1,SCAC,0,1,2395
USA,1,1,,USA_27,3,99,1,SCAC,0,1,3763
USA,1,1,,USA_29,3,99,1,SCAC,0,1,1513
USA,1,1,,USA_31,2,99,1,SCAC,0,1,2447
USA,1,1,,USA_33,2,99,1,SCAC,0,1,9505
USA,1,1,,USA_35,2,99,1,SCAC,0,1,118014
USA,1,1,,USA_37,2,99,1,SCAC,0,1,176332
USA,1,1,,USA_39,2,99,1,SCAC,0,1,12942
USA,1,1,,USA_41,2,99,1,SCAC,0,1,41703
USA,1,1,,USA_43,2,99,1,SCAC,0,1,37680
USA,1,1,,USA_45,2,99,1,SCAC,0,1,27597
USA,1,1,,USA_47,2,99,1,SCAC,0,1,327561
USA,1,1,,USA_49,2,99,1,SCAC,0,1,57864
USA,1,1,,USA_51,2,99,1,SCAC,0,1,118362
USA,1,1,,USA_53,2,99,1,SCAC,0,1,156854
USA,1,1,,USA_55,2,99,1,SCAC,0,1,291
USA,1,2,,USA_11,3,99,1,SCAC,0,1,106458
USA,1,2,,USA_13,3,99,1,SCAC,0,1,24818
USA,1,2,,USA_15,3,99,1,SCAC,0,1,22981
USA,1,2,,USA_17,3,99,1,SCAC,0,1,11271
USA,1,2,,USA_19,3,99,1,SCAC,0,1,1845
USA,1,2,,USA_21,3,99,1,SCAC,0,1,10438
USA,1,2,,USA_23,3,99,1,SCAC,0,1,3562
USA,1,2,,USA_25,3,99,1,SCAC,0,1,11050
USA,1,2,,USA_27,3,99,1,SCAC,0,1,18450
USA,1,2,,USA_29,3,99,1,SCAC,0,1,16956
USA,1,2,,USA_31,2,99,1,SCAC,0,1,21128
USA,1,2,,USA_33,2,99,1,SCAC,0,1,52876
USA,1,2,,USA_35,2,99,1,SCAC,0,1,161156
USA,1,2,,USA_37,2,99,1,SCAC,0,1,165284
USA,1,2,,USA_39,2,99,1,SCAC,0,1,40219
USA,1,2,,USA_41,2,99,1,SCAC,0,1,154498
USA,1,2,,USA_43,2,99,1,SCAC,0,1,158626
USA,1,2,,USA_45,2,99,1,SCAC,0,1,7984
USA,1,2,,USA_47,2,99,1,SCAC,0,1,321643
USA,1,2,,USA_49,2,99,1,SCAC,0,1,154082
USA,1,2,,USA_51,2,99,1,SCAC,0,1,170582
USA,1,2,,USA_53,2,99,1,SCAC,0,1,337014
USA,1,2,,USA_55,2,99,1,SCAC,0,1,8074
USA,1,3,,USA_11,3,0,1,SCAC,0,1,160846
USA,1,3,,USA_13,3,0,1,SCAC,0,1,70200
USA,1,3,,USA_15,3,0,1,SCAC,0,1,68844
USA,1,3,,USA_17,3,0,1,SCAC,0,1,52491
USA,1,3,,USA_19,3,0,1,SCAC,0,1,14752
USA,1,3,,USA_21,3,0,1,SCAC,0,1,18505
USA,1,3,,USA_23,3,0,1,SCAC,0,1,11079
USA,1,3,,USA_25,3,0,1,SCAC,0,1,45867
USA,1,3,,USA_27,3,0,1,SCAC,0,1,31424
USA,1,3,,USA_29,3,0,1,SCAC,0,1,61491
USA,1,3,,USA_31,2,1,1,SCAC,0,1,11548
USA,1,3,,USA_33,2,1,1,SCAC,0,1,33788
USA,1,3,,USA_35,2,1,1,SCAC,0,1,37172
USA,1,3,,USA_37,2,1,1,SCAC,0,1,38080
USA,1,3,,USA_39,2,1,1,SCAC,0,1,14575
USA,1,3,,USA_41,2,1,1,SCAC,0,1,94491
USA,1,3,,USA_43,2,1,1,SCAC,0,1,78243
USA,1,3,,USA_45,2,1,1,SCAC,0,1,2813
USA,1,3,,USA_47,2,1,1,SCAC,0,1,55027
USA,1,3,,USA_49,2,1,1,SCAC,0,1,47950
USA,1,3,,USA_51,2,1,1,SCAC,0,1,36638
USA,1,3,,USA_53,2,1,1,SCAC,0,1,80003
USA,1,3,,USA_55,2,1,1,SCAC,0,1,4994
USA,2,1,,USA_11,3,99,1,SCAC,0,1,10759
USA,2,1,,USA_13,3,99,1,SCAC,0,1,1735
USA,2,1,,USA_15,3,99,1,SCAC,0,1,294
USA,2,1,,USA_17,3,99,1,SCAC,0,1,210
USA,2,1,,USA_19,3,99,1,SCAC,0,1,412
USA,2,1,,USA_21,3,99,1,SCAC,0,1,1855
USA,2,1,,USA_23,3,99,1,SCAC,0,1,428
USA,2,1,,USA_25,3,99,1,SCAC,0,1,5044
USA,2,1,,USA_27,3,99,1,SCAC,0,1,1690
USA,2,1,,USA_29,3,99,1,SCAC,0,1,5835
USA,2,1,,USA_31,2,99,1,SCAC,0,1,49383
USA,2,1,,USA_33,2,99,1,SCAC,0,1,2484
USA,2,1,,USA_35,2,99,1,SCAC,0,1,83379
USA,2,1,,USA_37,2,99,1,SCAC,0,1,203582
USA,2,1,,USA_39,2,99,1,SCAC,0,1,68356
USA,2,1,,USA_41,2,99,1,SCAC,0,1,47572
USA,2,1,,USA_43,2,99,1,SCAC,0,1,39502
USA,2,1,,USA_45,2,99,1,SCAC,0,1,7839
USA,2,1,,USA_47,2,99,1,SCAC,0,1,8077
USA,2,1,,USA_49,2,99,1,SCAC,0,1,1318
USA,2,1,,USA_51,2,99,1,SCAC,0,1,77191
USA,2,1,,USA_53,2,99,1,SCAC,0,1,41124
USA,2,1,,USA_55,2,99,1,SCAC,0,1,109
USA,2,2,,USA_11,3,99,1,SCAC,0,1,63636
USA,2,2,,USA_13,3,99,1,SCAC,0,1,35320
USA,2,2,,USA_15,3,99,1,SCAC,0,1,4374
USA,2,2,,USA_17,3,99,1,SCAC,0,1,2057
USA,2,2,,USA_19,3,99,1,SCAC,0,1,1720
USA,2,2,,USA_21,3,99,1,SCAC,0,1,17027
USA,2,2,,USA_23,3,99,1,SCAC,0,1,5196
USA,2,2,,USA_25,3,99,1,SCAC,0,1,43221
USA,2,2,,USA_27,3,99,1,SCAC,0,1,13974
USA,2,2,,USA_29,3,99,1,SCAC,0,1,68861
USA,2,2,,USA_31,2,99,1,SCAC,0,1,184687
USA,2,2,,USA_33,2,99,1,SCAC,0,1,14182
USA,2,2,,USA_35,2,99,1,SCAC,0,1,130089
USA,2,2,,USA_37,2,99,1,SCAC,0,1,205256
USA,2,2,,USA_39,2,99,1,SCAC,0,1,159640
USA,2,2,,USA_41,2,99,1,SCAC,0,1,180537
USA,2,2,,USA_43,2,99,1,SCAC,0,1,292210
USA,2,2,,USA_45,2,99,1,SCAC,0,1,4133
USA,2,2,,USA_47,2,99,1,SCAC,0,1,7391
USA,2,2,,USA_49,2,99,1,SCAC,0,1,4986
USA,2,2,,USA_51,2,99,1,SCAC,0,1,99678
USA,2,2,,USA_53,2,99,1,SCAC,0,1,66037
USA,2,2,,USA_55,2,99,1,SCAC,0,1,362
USA,2,3,,USA_11,3,0,1,SCAC,0,1,128939
USA,2,3,,USA_13,3,0,1,SCAC,0,1,90710
USA,2,3,,USA_15,3,0,1,SCAC,0,1,20859
USA,2,3,,USA_17,3,0,1,SCAC,0,1,13294
USA,2,3,,USA_19,3,0,1,SCAC,0,1,12654
USA,2,3,,USA_21,3,0,1,SCAC,0,1,57905
USA,2,3,,USA_23,3,0,1,SCAC,0,1,20503
USA,2,3,,USA_25,3,0,1,SCAC,0,1,139970
USA,2,3,,USA_27,3,0,1,SCAC,0,1,31232
USA,2,3,,USA_29,3,0,1,SCAC,0,1,163935
USA,2,3,,USA_31,2,1,1,SCAC,0,1,55598
USA,2,3,,USA_33,2,1,1,SCAC,0,1,12264
USA,2,3,,USA_35,2,1,1,SCAC,0,1,29897
USA,2,3,,USA_37,2,1,1,SCAC,0,1,51181
USA,2,3,,USA_39,2,1,1,SCAC,0,1,60975
USA,2,3,,USA_41,2,1,1,SCAC,0,1,95252
USA,2,3,,USA_43,2,1,1,SCAC,0,1,184392
USA,2,3,,USA_45,2,1,1,SCAC,0,1,1011
USA,2,3,,USA_47,2,1,1,SCAC,0,1,3258
USA,2,3,,USA_49,2,1,1,SCAC,0,1,2190
USA,2,3,,USA_51,2,1,1,SCAC,0,1,25713
USA,2,3,,USA_53,2,1,1,SCAC,0,1,15159
USA,2,3,,USA_55,2,1,1,SCAC,0,1,543
USA,1,1,,USA_11,3,99,1,SCAC,1,1,72042
USA,1,1,,USA_13,3,99,1,SCAC,1,1,5229
USA,1,1,,USA_15,3,99,1,SCAC,1,1,2075
USA,1,1,,USA_17,3,99,1,SCAC,1,1,5367
USA,1,1,,USA_19,3,99,1,SCAC,1,1,1202
USA,1,1,,USA_21,3,99,1,SCAC,1,1,2551
USA,1,1,,USA_23,3,99,1,SCAC,1,1,104
USA,1,1,,USA_25,3,99,1,SCAC,1,1,1778
USA,1,1,,USA_27,3,99,1,SCAC,1,1,6443
USA,1,1,,USA_29,3,99,1,SCAC,1,1,2020
USA,1,1,,USA_31,2,99,1,SCAC,1,1,1737
USA,1,1,,USA_33,2,99,1,SCAC,1,1,4093
USA,1,1,,USA_35,2,99,1,SCAC,1,1,242814
USA,1,1,,USA_37,2,99,1,SCAC,1,1,342815
USA,1,1,,USA_39,2,99,1,SCAC,1,1,15409
USA,1,1,,USA_41,2,99,1,SCAC,1,1,70553
USA,1,1,,USA_43,2,99,1,SCAC,1,1,51908
USA,1,1,,USA_45,2,99,1,SCAC,1,1,228789
USA,1,1,,USA_47,2,99,1,SCAC,1,1,725237
USA,1,1,,USA_49,2,99,1,SCAC,1,1,119399
USA,1,1,,USA_51,2,99,1,SCAC,1,1,316124
USA,1,1,,USA_53,2,99,1,SCAC,1,1,279864
USA,1,1,,USA_55,2,99,1,SCAC,1,1,249
USA,1,2,,USA_11,3,99,1,SCAC,1,1,92624
USA,1,2,,USA_13,3,99,1,SCAC,1,1,17290
USA,1,2,,USA_15,3,99,1,SCAC,1,1,9073
USA,1,2,,USA_17,3,99,1,SCAC,1,1,8398
USA,1,2,,USA_19,3,99,1,SCAC,1,1,3289
USA,1,2,,USA_21,3,99,1,SCAC,1,1,7761
USA,1,2,,USA_23,3,99,1,SCAC,1,1,1033
USA,1,2,,USA_25,3,99,1,SCAC,1,1,5960
USA,1,2,,USA_27,3,99,1,SCAC,1,1,10552
USA,1,2,,USA_29,3,99,1,SCAC,1,1,9992
USA,1,2,,USA_31,2,99,1,SCAC,1,1,7840
USA,1,2,,USA_33,2,99,1,SCAC,1,1,25636
USA,1,2,,USA_35,2,99,1,SCAC,1,1,197585
USA,1,2,,USA_37,2,99,1,SCAC,1,1,165709
USA,1,2,,USA_39,2,99,1,SCAC,1,1,21023
USA,1,2,,USA_41,2,99,1,SCAC,1,1,107079
USA,1,2,,USA_43,2,99,1,SCAC,1,1,94744
USA,1,2,,USA_45,2,99,1,SCAC,1,1,62772
USA,1,2,,USA_47,2,99,1,SCAC,1,1,463139
USA,1,2,,USA_49,2,99,1,SCAC,1,1,126459
USA,1,2,,USA_51,2,99,1,SCAC,1,1,210309
USA,1,2,,USA_53,2,99,1,SCAC,1,1,230668
USA,1,2,,USA_55,2,99,1,SCAC,1,1,1552
USA,1,3,,USA_11,3,0,1,SCAC,1,1,64231
USA,1,3,,USA_13,3,0,1,SCAC,1,1,19993
USA,1,3,,USA_15,3,0,1,SCAC,1,1,21425
USA,1,3,,USA_17,3,0,1,SCAC,1,1,19616
USA,1,3,,USA_19,3,0,1,SCAC,1,1,3692
USA,1,3,,USA_21,3,0,1,SCAC,1,1,8121
USA,1,3,,USA_23,3,0,1,SCAC,1,1,2883
USA,1,3,,USA_25,3,0,1,SCAC,1,1,25040
USA,1,3,,USA_27,3,0,1,SCAC,1,1,11817
USA,1,3,,USA_29,3,0,1,SCAC,1,1,13142
USA,1,3,,USA_31,2,1,1,SCAC,1,1,3385
USA,1,3,,USA_33,2,1,1,SCAC,1,1,7568
USA,1,3,,USA_35,2,1,1,SCAC,1,1,20311
USA,1,3,,USA_37,2,1,1,SCAC,1,1,18020
USA,1,3,,USA_39,2,1,1,SCAC,1,1,5188
USA,1,3,,USA_41,2,1,1,SCAC,1,1,33121
USA,1,3,,USA_43,2,1,1,SCAC,1,1,30403
USA,1,3,,USA_45,2,1,1,SCAC,1,1,6244
USA,1,3,,USA_47,2,1,1,SCAC,1,1,42053
USA,1,3,,USA_49,2,1,1,SCAC,1,1,22387
USA,1,3,,USA_51,2,1,1,SCAC,1,1,29054
USA,1,3,,USA_53,2,1,1,SCAC,1,1,27868
USA,1,3,,USA_55,2,1,1,SCAC,1,1,1203
USA,2,1,,USA_11,3,99,1,SCAC,1,1,22144
USA,2,1,,USA_13,3,99,1,SCAC,1,1,4594
USA,2,1,,USA_15,3,99,1,SCAC,1,1,570
USA,2,1,,USA_17,3,99,1,SCAC,1,1,249
USA,2,1,,USA_19,3,99,1,SCAC,1,1,425
USA,2,1,,USA_21,3,99,1,SCAC,1,1,1223
USA,2,1,,USA_23,3,99,1,SCAC,1,1,267
USA,2,1,,USA_25,3,99,1,SCAC,1,1,6898
USA,2,1,,USA_27,3,99,1,SCAC,1,1,4854
USA,2,1,,USA_29,3,99,1,SCAC,1,1,5729
USA,2,1,,USA_31,2,99,1,SCAC,1,1,21838
USA,2,1,,USA_33,2,99,1,SCAC,1,1,1327
USA,2,1,,USA_35,2,99,1,SCAC,1,1,173621
USA,2,1,,USA_37,2,99,1,SCAC,1,1,309552
USA,2,1,,USA_39,2,99,1,SCAC,1,1,84017
USA,2,1,,USA_41,2,99,1,SCAC,1,1,80005
USA,2,1,,USA_43,2,99,1,SCAC,1,1,68899
USA,2,1,,USA_45,2,99,1,SCAC,1,1,88997
USA,2,1,,USA_47,2,99,1,SCAC,1,1,17301
USA,2,1,,USA_49,2,99,1,SCAC,1,1,3952
USA,2,1,,USA_51,2,99,1,SCAC,1,1,181607
USA,2,1,,USA_53,2,99,1,SCAC,1,1,84264
USA,2,2,,USA_11,3,99,1,SCAC,1,1,45063
USA,2,2,,USA_13,3,99,1,SCAC,1,1,20249
USA,2,2,,USA_15,3,99,1,SCAC,1,1,2245
USA,2,2,,USA_17,3,99,1,SCAC,1,1,647
USA,2,2,,USA_19,3,99,1,SCAC,1,1,1147
USA,2,2,,USA_21,3,99,1,SCAC,1,1,10740
USA,2,2,,USA_23,3,99,1,SCAC,1,1,3887
USA,2,2,,USA_25,3,99,1,SCAC,1,1,40686
USA,2,2,,USA_27,3,99,1,SCAC,1,1,10784
USA,2,2,,USA_29,3,99,1,SCAC,1,1,24117
USA,2,2,,USA_31,2,99,1,SCAC,1,1,52749
USA,2,2,,USA_33,2,99,1,SCAC,1,1,4114
USA,2,2,,USA_35,2,99,1,SCAC,1,1,154113
USA,2,2,,USA_37,2,99,1,SCAC,1,1,164644
USA,2,2,,USA_39,2,99,1,SCAC,1,1,91555
USA,2,2,,USA_41,2,99,1,SCAC,1,1,137121
USA,2,2,,USA_43,2,99,1,SCAC,1,1,204002
USA,2,2,,USA_45,2,99,1,SCAC,1,1,25320
USA,2,2,,USA_47,2,99,1,SCAC,1,1,7864
USA,2,2,,USA_49,2,99,1,SCAC,1,1,2561
USA,2,2,,USA_51,2,99,1,SCAC,1,1,120746
USA,2,2,,USA_53,2,99,1,SCAC,1,1,57559
USA,2,3,,USA_11,3,0,1,SCAC,1,1,36087
USA,2,3,,USA_13,3,0,1,SCAC,1,1,23881
USA,2,3,,USA_15,3,0,1,SCAC,1,1,5631
USA,2,3,,USA_17,3,0,1,SCAC,1,1,3116
USA,2,3,,USA_19,3,0,1,SCAC,1,1,4334
USA,2,3,,USA_21,3,0,1,SCAC,1,1,16331
USA,2,3,,USA_23,3,0,1,SCAC,1,1,3962
USA,2,3,,USA_25,3,0,1,SCAC,1,1,59924
USA,2,3,,USA_27,3,0,1,SCAC,1,1,11108
USA,2,3,,USA_29,3,0,1,SCAC,1,1,31516
USA,2,3,,USA_31,2,1,1,SCAC,1,1,14667
USA,2,3,,USA_33,2,1,1,SCAC,1,1,2045
USA,2,3,,USA_35,2,1,1,SCAC,1,1,18000
USA,2,3,,USA_37,2,1,1,SCAC,1,1,16543
USA,2,3,,USA_39,2,1,1,SCAC,1,1,18391
USA,2,3,,USA_41,2,1,1,SCAC,1,1,31612
USA,2,3,,USA_43,2,1,1,SCAC,1,1,57623
USA,2,3,,USA_45,2,1,1,SCAC,1,1,1484
USA,2,3,,USA_47,2,1,1,SCAC,1,1,1486
USA,2,3,,USA_49,2,1,1,SCAC,1,1,932
USA,2,3,,USA_51,2,1,1,SCAC,1,1,14527
USA,2,3,,USA_53,2,1,1,SCAC,1,1,7546
